id,title,filtered_words_str,label
R129,New Report on Election,new report election audience late unit seat. late project board. experts discuss ongoing developments election.,REAL
R227,New Report on Climate Change,new report climate change first cultural front particularly western with. federal second seat draw say cold without. experts discuss ongoing developments climate change.,REAL
F231,Aliens Confirmed by Sources,aliens confirmed sources new painting red network hour. resource church environmental participant skill gun meeting. administration election good. — shocking claims aliens surface internet.,FAKE
R066,New Report on Policy,new report policy method picture author. weight notice let draw. point guess production low. experts discuss ongoing developments policy.,REAL
F095,Mind Control Confirmed by Sources,mind control confirmed sources visit cost option ten benefit region. appear road relationship wait shoulder care people. gas large argue big along join. — shocking claims mind control surface internet.,FAKE
R174,New Report on Policy,new report policy keep like relationship newspaper. series thought fill manager put. change maintain republican. experts discuss ongoing developments policy.,REAL
R201,New Report on Public Health,new report public health plan result third upon second best. total seem exist. system toward home military health whole difficult. rise movement price season. experts discuss ongoing developments public health.,REAL
R072,New Report on Education,new report education image society option oil notice child. brother black catch point. often heavy worry half. experts discuss ongoing developments education.,REAL
R064,New Report on Research,new report research kid first answer story create. sell resource detail newspaper. store green low mouth around pm. experts discuss ongoing developments research.,REAL
F037,Miracle Drug Confirmed by Sources,miracle drug confirmed sources meeting effect state cup garden. language congress strong where. offer anyone part take. — shocking claims miracle drug surface internet.,FAKE
R170,New Report on Technology Breakthrough,new report technology breakthrough prevent focus trial. research miss save. experts discuss ongoing developments technology breakthrough.,REAL
F110,Celebrity Scandal Confirmed by Sources,celebrity scandal confirmed sources always character however ago rate hundred around. effect trouble camera maybe drive experience mrs cell. financial know seat return eat church of. fire family admit need sell. — shocking claims celebrity scandal surface internet.,FAKE
F048,Secret Cure Confirmed by Sources,secret cure confirmed sources current several year director instead expert. every anything apply information body offer. role size see company. — shocking claims secret cure surface internet.,FAKE
F082,Hoax Confirmed by Sources,hoax confirmed sources area yeah already keep. ago describe impact able hot. — shocking claims hoax surface internet.,FAKE
F187,Miracle Drug Confirmed by Sources,miracle drug confirmed sources identify explain return. — shocking claims miracle drug surface internet.,FAKE
F027,Miracle Drug Confirmed by Sources,miracle drug confirmed sources else available sea strategy expect. hear purpose least mother. space behind carry size half remember attorney. effect pay reach. — shocking claims miracle drug surface internet.,FAKE
F202,Hoax Confirmed by Sources,hoax confirmed sources news sometimes much study. middle possible deal. example expect north reveal pay memory large. score road citizen school. — shocking claims hoax surface internet.,FAKE
F197,Secret Cure Confirmed by Sources,secret cure confirmed sources fund star push news minute. congress director recently cold animal seem. — shocking claims secret cure surface internet.,FAKE
R128,New Report on Climate Change,new report climate change material us skill sea bill. better civil various difference. simple buy. experts discuss ongoing developments climate change.,REAL
F157,Government Cover-Up Confirmed by Sources,government cover-up confirmed sources measure another grow mother list return. population kid visit build goal. couple order general. — shocking claims government cover-up surface internet.,FAKE
F117,Hoax Confirmed by Sources,hoax confirmed sources listen partner attack prevent ask. professor suggest one entire. still citizen main information artist. — shocking claims hoax surface internet.,FAKE
F173,Secret Cure Confirmed by Sources,secret cure confirmed sources without style become. including young yet. term science history receive stock reach remember. budget apply quickly hundred doctor traditional hotel. — shocking claims secret cure surface internet.,FAKE
F024,Aliens Confirmed by Sources,aliens confirmed sources agency care nor. letter follow measure discussion economic try. — shocking claims aliens surface internet.,FAKE
F096,Celebrity Scandal Confirmed by Sources,celebrity scandal confirmed sources color sport hospital citizen wrong foot allow. century according return minute. — shocking claims celebrity scandal surface internet.,FAKE
R247,New Report on Public Health,new report public health behavior adult writer fund. economy skill however walk fish example like. natural official amount artist material. experts discuss ongoing developments public health.,REAL
F226,Government Cover-Up Confirmed by Sources,government cover-up confirmed sources first sound similar skin support pretty tax. car everyone. land top. — shocking claims government cover-up surface internet.,FAKE
F100,Flat Earth Confirmed by Sources,flat earth confirmed sources listen rock step check. — shocking claims flat earth surface internet.,FAKE
F246,Government Cover-Up Confirmed by Sources,government cover-up confirmed sources since imagine rather itself. life sound late. — shocking claims government cover-up surface internet.,FAKE
F183,Aliens Confirmed by Sources,aliens confirmed sources whether quite everybody its. task event south third. — shocking claims aliens surface internet.,FAKE
R063,New Report on Policy,new report policy worker whole perform partner. significant call tax evidence. thus claim imagine gas hospital. experts discuss ongoing developments policy.,REAL
R005,New Report on Election,new report election church general oil view. art suggest simply knowledge among. exist meet bad. experts discuss ongoing developments election.,REAL
R084,New Report on Election,new report election half agent let school strategy ok opportunity. feeling hand option woman bar. experts discuss ongoing developments election.,REAL
R124,New Report on Education,new report education dream article government table economy. develop garden second training sit person. experts discuss ongoing developments education.,REAL
R118,New Report on Research,new report research school young operation eye reduce hour. sort bit service. successful onto show spend current radio sport. experts discuss ongoing developments research.,REAL
F001,Aliens Confirmed by Sources,aliens confirmed sources born trade relate above. last rate product heart practice. computer bed fill strategy buy national wait. — shocking claims aliens surface internet.,FAKE
F007,Immortal Jellyfish Confirmed by Sources,immortal jellyfish confirmed sources environment section six somebody. evidence town fund edge attack. treat memory whose artist could. — shocking claims immortal jellyfish surface internet.,FAKE
F046,Mind Control Confirmed by Sources,mind control confirmed sources lay life see experience international anything. form major table grow since allow example. — shocking claims mind control surface internet.,FAKE
R103,New Report on Research,new report research per movie front. leader resource determine scientist agency use. experts discuss ongoing developments research.,REAL
R037,New Report on Budget Report,new report budget report man fight mr wife half others. bill place but. yes heart upon challenge he. experts discuss ongoing developments budget report.,REAL
F193,Secret Cure Confirmed by Sources,secret cure confirmed sources sing program early. side seven performance charge near herself. time two share notice as. — shocking claims secret cure surface internet.,FAKE
R166,New Report on Election,new report election ok fear sense partner amount. change sing sure simple commercial spring. experts discuss ongoing developments election.,REAL
F017,Immortal Jellyfish Confirmed by Sources,immortal jellyfish confirmed sources gas usually environment try look happen. person agency loss order. ability young truth represent protect west. rise arm series good home ten. — shocking claims immortal jellyfish surface internet.,FAKE
R008,New Report on Economic Growth,new report economic growth issue stay anything along too. heart five able ten shake job hold. choice structure think federal. experts discuss ongoing developments economic growth.,REAL
F071,Celebrity Scandal Confirmed by Sources,celebrity scandal confirmed sources road effort value artist event. away office physical. race hair eat. — shocking claims celebrity scandal surface internet.,FAKE
F028,Mind Control Confirmed by Sources,mind control confirmed sources hour level month. hospital fear well always. — shocking claims mind control surface internet.,FAKE
F227,Immortal Jellyfish Confirmed by Sources,immortal jellyfish confirmed sources keep evidence front send receive authority. heavy benefit perform radio minute major. — shocking claims immortal jellyfish surface internet.,FAKE
R200,New Report on Public Health,new report public health within race imagine administration information. congress occur central matter the. experts discuss ongoing developments public health.,REAL
R225,New Report on Climate Change,new report climate change education world work increase special. society goal environmental attack early human mrs outside. north everything nothing major worry need partner. experts discuss ongoing developments climate change.,REAL
R062,New Report on Budget Report,new report budget report card cultural look half. employee leader year seek fear similar. experts discuss ongoing developments budget report.,REAL
F033,Hoax Confirmed by Sources,hoax confirmed sources become box yard act anything drug. yes best right future. — shocking claims hoax surface internet.,FAKE
F012,Hoax Confirmed by Sources,hoax confirmed sources enter eight cup grow add. attack never apply pattern popular party fill. wear walk analysis democrat hope. material involve professional interest involve. — shocking claims hoax surface internet.,FAKE
R121,New Report on Research,new report research argue guess early establish anything. hard nature voice seek message sit. glass issue prevent instead hospital. experts discuss ongoing developments research.,REAL
F210,Aliens Confirmed by Sources,aliens confirmed sources first cultural economy might. explain trip expert nation couple item congress. — shocking claims aliens surface internet.,FAKE
F151,Hoax Confirmed by Sources,hoax confirmed sources large mouth blood fear. board future table collection best. — shocking claims hoax surface internet.,FAKE
F099,Secret Cure Confirmed by Sources,secret cure confirmed sources order must near fine human half top. share american style relationship save. — shocking claims secret cure surface internet.,FAKE
R090,New Report on Technology Breakthrough,new report technology breakthrough relationship baby soon foot. experts discuss ongoing developments technology breakthrough.,REAL
R125,New Report on Budget Report,new report budget report born beautiful explain beyond. treatment among family go pretty. experts discuss ongoing developments budget report.,REAL
R091,New Report on Climate Change,new report climate change far product already. suddenly center body million type measure election. experts discuss ongoing developments climate change.,REAL
R157,New Report on Climate Change,new report climate change every cultural fill type then. carry father speak director. experts discuss ongoing developments climate change.,REAL
F098,Miracle Drug Confirmed by Sources,miracle drug confirmed sources night white computer within different bank million. expect near mrs manager sport dream. later someone let today talk. — shocking claims miracle drug surface internet.,FAKE
F164,Immortal Jellyfish Confirmed by Sources,immortal jellyfish confirmed sources something none whatever project film method. see fish force painting activity. guy section interest continue. — shocking claims immortal jellyfish surface internet.,FAKE
R050,New Report on Economic Growth,new report economic growth among even seat far. forget remain road right half always sort. maybe onto interview. experts discuss ongoing developments economic growth.,REAL
R249,New Report on Climate Change,new report climate change scene finally artist brother middle school professional. experts discuss ongoing developments climate change.,REAL
R093,New Report on Election,new report election interest positive blue couple action rich ever. ready prepare enough as. experts discuss ongoing developments election.,REAL
R131,New Report on Education,new report education near huge foreign generation. region market police majority long tend. experts discuss ongoing developments education.,REAL
F107,Flat Earth Confirmed by Sources,flat earth confirmed sources level firm write leader newspaper. tell learn whose source simply. — shocking claims flat earth surface internet.,FAKE
F153,Hoax Confirmed by Sources,hoax confirmed sources notice window money room happy page wall. require material enter past laugh. possible sing news paper. single time never industry others home. — shocking claims hoax surface internet.,FAKE
F091,Flat Earth Confirmed by Sources,flat earth confirmed sources interview song whatever oil recognize. throw really forget lot face. lawyer sign rate stand suffer account. — shocking claims flat earth surface internet.,FAKE
R246,New Report on Economic Growth,new report economic growth small common response. read clear usually let look. provide suggest doctor travel leg. experts discuss ongoing developments economic growth.,REAL
F004,Secret Cure Confirmed by Sources,secret cure confirmed sources certain possible choose building. young real happy. — shocking claims secret cure surface internet.,FAKE
F220,Celebrity Scandal Confirmed by Sources,celebrity scandal confirmed sources discussion budget manage meeting author. yes road simply plant assume ok. history upon table former system. — shocking claims celebrity scandal surface internet.,FAKE
F121,Hoax Confirmed by Sources,hoax confirmed sources consumer remain decide short. like hope build determine couple role. — shocking claims hoax surface internet.,FAKE
F245,Mind Control Confirmed by Sources,mind control confirmed sources city full. common simple memory something dream course. air late car friend road big bar. — shocking claims mind control surface internet.,FAKE
R035,New Report on Climate Change,new report climate change manager design fish seven night main. increase central decade. science run citizen treatment election. experts discuss ongoing developments climate change.,REAL
R024,New Report on Education,new report education sell rock history. everyone positive show water history matter. remain cell pick determine. experts discuss ongoing developments education.,REAL
F079,Miracle Drug Confirmed by Sources,miracle drug confirmed sources court argue challenge moment newspaper southern much. recent far woman develop young. — shocking claims miracle drug surface internet.,FAKE
R094,New Report on Policy,new report policy chance especially economic either month last key. skill fear ready country. experts discuss ongoing developments policy.,REAL
R040,New Report on Policy,new report policy seven score money end happy. win yet west form. evening work popular into. experts discuss ongoing developments policy.,REAL
F170,Immortal Jellyfish Confirmed by Sources,immortal jellyfish confirmed sources trial data song lot major carry. begin hit enough knowledge. — shocking claims immortal jellyfish surface internet.,FAKE
F130,Immortal Jellyfish Confirmed by Sources,immortal jellyfish confirmed sources challenge simple beautiful economic rich. impact think interview change drive certainly. — shocking claims immortal jellyfish surface internet.,FAKE
R085,New Report on Economic Growth,new report economic growth girl somebody little perform. different pass magazine example. experts discuss ongoing developments economic growth.,REAL
R054,New Report on Budget Report,new report budget report upon tv fine interesting star give boy. coach yard identify people deal page rather. experts discuss ongoing developments budget report.,REAL
R047,New Report on Technology Breakthrough,new report technology breakthrough arrive weight modern eye past. ask network enough body success create today. experts discuss ongoing developments technology breakthrough.,REAL
R199,New Report on Economic Growth,new report economic growth surface clearly population property wind back. arrive somebody consider tv show safe heart. little seven certain build. experts discuss ongoing developments economic growth.,REAL
F062,Miracle Drug Confirmed by Sources,miracle drug confirmed sources important relationship usually everything book collection. loss million night little school others avoid. group ready interesting office else. — shocking claims miracle drug surface internet.,FAKE
R244,New Report on Technology Breakthrough,new report technology breakthrough entire blood beyond next law. soldier soldier deep ago instead money south. look travel record without important. experts discuss ongoing developments technology breakthrough.,REAL
R107,New Report on Election,new report election minute business charge card administration. notice near save top one. experts discuss ongoing developments election.,REAL
F148,Aliens Confirmed by Sources,aliens confirmed sources per enough wish raise. treatment decade system political exactly man. — shocking claims aliens surface internet.,FAKE
F023,Mind Control Confirmed by Sources,mind control confirmed sources study red yard address. phone evidence attention house out. movement officer partner future. enjoy beautiful less put cause voice. — shocking claims mind control surface internet.,FAKE
R075,New Report on Budget Report,new report budget report move onto soon. nearly democratic movie position amount. important evening return billion wrong everything final business. experts discuss ongoing developments budget report.,REAL
R220,New Report on Public Health,new report public health give thought free campaign. kid question today recently position ten suffer model. experts discuss ongoing developments public health.,REAL
R099,New Report on Economic Growth,new report economic growth stop capital grow material international. police name people mission. away late model two recently possible white. guy item reach particular. experts discuss ongoing developments economic growth.,REAL
F066,Flat Earth Confirmed by Sources,flat earth confirmed sources stuff especially tv share shake. young reason cost art generation field. — shocking claims flat earth surface internet.,FAKE
F060,Flat Earth Confirmed by Sources,flat earth confirmed sources exist civil education popular might risk. candidate full boy. purpose imagine face fire camera. soldier feel dark. — shocking claims flat earth surface internet.,FAKE
F022,Government Cover-Up Confirmed by Sources,government cover-up confirmed sources job game. board seat. — shocking claims government cover-up surface internet.,FAKE
F127,Mind Control Confirmed by Sources,mind control confirmed sources carry major strategy individual fact everyone law. eight question popular. — shocking claims mind control surface internet.,FAKE
R212,New Report on Education,new report education break discussion different. source whole daughter enjoy outside money. experts discuss ongoing developments education.,REAL
F119,Mind Control Confirmed by Sources,mind control confirmed sources score artist outside whose two pull heavy. call kid pay million authority. identify employee beat hundred. — shocking claims mind control surface internet.,FAKE
F103,Hoax Confirmed by Sources,hoax confirmed sources tree project fall protect history manage despite indicate. open individual little wide. serious debate prevent add push likely happy. become current turn. — shocking claims hoax surface internet.,FAKE
F191,Mind Control Confirmed by Sources,mind control confirmed sources fill benefit music. long long evidence public street fall. — shocking claims mind control surface internet.,FAKE
F002,Mind Control Confirmed by Sources,mind control confirmed sources agree morning toward drive. american suffer opportunity son. else manager ball minute rate. — shocking claims mind control surface internet.,FAKE
R155,New Report on Election,new report election recent something authority body street. serious cultural guess involve official animal parent. key ago movie mention. experts discuss ongoing developments election.,REAL
R006,New Report on Technology Breakthrough,new report technology breakthrough opportunity pick organization use plan recent add. drop choose sometimes option miss rather responsibility rate. hope impact rock support behavior worry. experts discuss ongoing developments technology breakthrough.,REAL
F086,Government Cover-Up Confirmed by Sources,government cover-up confirmed sources agent section line politics among region. stock language account worker job. ever point word action yet. — shocking claims government cover-up surface internet.,FAKE
R168,New Report on Election,new report election interview owner. financial campaign ask last. history degree source grow role. experts discuss ongoing developments election.,REAL
R077,New Report on Public Health,new report public health police minute nice former pm president. experts discuss ongoing developments public health.,REAL
F209,Hoax Confirmed by Sources,hoax confirmed sources challenge expert live future rule. policy among she. — shocking claims hoax surface internet.,FAKE
R236,New Report on Public Health,new report public health glass expect bank. argue talk get beyond rock. seat great sure sit. experts discuss ongoing developments public health.,REAL
F186,Aliens Confirmed by Sources,aliens confirmed sources skin affect stage carry beyond. third say early ever sister spring. well lay recent present road relationship travel. — shocking claims aliens surface internet.,FAKE
R243,New Report on Public Health,new report public health put southern voice happy hear. think fact smile foreign window. experts discuss ongoing developments public health.,REAL
F094,Immortal Jellyfish Confirmed by Sources,immortal jellyfish confirmed sources rock church daughter moment challenge southern need. organization take whether. threat protect scientist safe. — shocking claims immortal jellyfish surface internet.,FAKE
R032,New Report on Economic Growth,new report economic growth others scene avoid analysis better. language happy recent require trade within trouble. thus claim. experts discuss ongoing developments economic growth.,REAL
R033,New Report on Education,new report education stay democrat become whole. degree player morning. experts discuss ongoing developments education.,REAL
R045,New Report on Technology Breakthrough,new report technology breakthrough voice religious individual consider where. particularly perhaps save heavy stage two. huge best shake day. experts discuss ongoing developments technology breakthrough.,REAL
R116,New Report on Education,new report education middle defense staff walk law two. experts discuss ongoing developments education.,REAL
F056,Celebrity Scandal Confirmed by Sources,celebrity scandal confirmed sources film including general according security. eye exist ability likely development least miss. — shocking claims celebrity scandal surface internet.,FAKE
R043,New Report on Policy,new report policy onto peace consider see. security south ten win eye fast. expect instead although focus bit year certain. experts discuss ongoing developments policy.,REAL
R145,New Report on Economic Growth,new report economic growth finally manage tough. low establish congress color. wind doctor establish rich republican finally. experts discuss ongoing developments economic growth.,REAL
F200,Secret Cure Confirmed by Sources,secret cure confirmed sources account else hear career produce write. serve central company seem. — shocking claims secret cure surface internet.,FAKE
F034,Celebrity Scandal Confirmed by Sources,celebrity scandal confirmed sources discover class beat use. — shocking claims celebrity scandal surface internet.,FAKE
F149,Secret Cure Confirmed by Sources,secret cure confirmed sources car government history along vote the. trouble expect son. — shocking claims secret cure surface internet.,FAKE
F051,Secret Cure Confirmed by Sources,secret cure confirmed sources difficult people answer social. meet owner book authority. — shocking claims secret cure surface internet.,FAKE
F089,Flat Earth Confirmed by Sources,flat earth confirmed sources suggest worry get military through. role lot summer value property hit tell. wind suddenly affect ok action radio i. scene president score call. — shocking claims flat earth surface internet.,FAKE
F135,Flat Earth Confirmed by Sources,flat earth confirmed sources paper inside already drive drop. mean century whatever type. street radio pattern. — shocking claims flat earth surface internet.,FAKE
F088,Government Cover-Up Confirmed by Sources,government cover-up confirmed sources professional behavior poor. door conference center among. since final worry amount quickly floor. — shocking claims government cover-up surface internet.,FAKE
R010,New Report on Election,new report election probably low race leader trouble. eat rock population beyond. experts discuss ongoing developments election.,REAL
R211,New Report on Policy,new report policy mr maintain reach skill president oil any. heart movement clearly piece everyone keep. across mother team your. experts discuss ongoing developments policy.,REAL
F204,Miracle Drug Confirmed by Sources,miracle drug confirmed sources tree significant open may standard foreign. able attorney especially field seem street. court success since every employee. — shocking claims miracle drug surface internet.,FAKE
F168,Miracle Drug Confirmed by Sources,miracle drug confirmed sources north student us scene society turn. gun dark road still crime crime. — shocking claims miracle drug surface internet.,FAKE
R011,New Report on Public Health,new report public health weight tv spring partner participant. medical film put book tonight audience. entire respond population shake firm yes you. experts discuss ongoing developments public health.,REAL
R232,New Report on Climate Change,new report climate change night today blood. hit free measure follow. may collection last early. experts discuss ongoing developments climate change.,REAL
R042,New Report on Public Health,new report public health add boy beat nothing partner yeah. door continue commercial yes suddenly relationship perform already. site loss find article best. experts discuss ongoing developments public health.,REAL
F182,Hoax Confirmed by Sources,hoax confirmed sources style child wind particularly. similar exactly create lay particular describe. detail region real traditional matter. — shocking claims hoax surface internet.,FAKE
F036,Miracle Drug Confirmed by Sources,miracle drug confirmed sources culture image reason discuss risk. heart student husband simply water week. building easy stop must. — shocking claims miracle drug surface internet.,FAKE
F068,Secret Cure Confirmed by Sources,secret cure confirmed sources book serious end his. — shocking claims secret cure surface internet.,FAKE
R015,New Report on Election,new report election street play drug candidate. human nature always decision charge could. oil someone beat. experts discuss ongoing developments election.,REAL
R147,New Report on Climate Change,new report climate change forward thank prevent interest. stage fear already nearly. story reflect late want hair mother wind. experts discuss ongoing developments climate change.,REAL
F198,Government Cover-Up Confirmed by Sources,government cover-up confirmed sources maybe level store image opportunity. — shocking claims government cover-up surface internet.,FAKE
R081,New Report on Climate Change,new report climate change value least everybody understand gas. new still leave hold quality. ok color finish yard describe college. experts discuss ongoing developments climate change.,REAL
F050,Aliens Confirmed by Sources,aliens confirmed sources laugh little production statement indicate land. try bit girl result bag poor. — shocking claims aliens surface internet.,FAKE
F162,Celebrity Scandal Confirmed by Sources,celebrity scandal confirmed sources republican lawyer pull able mention. media film evidence author effect. — shocking claims celebrity scandal surface internet.,FAKE
R028,New Report on Technology Breakthrough,new report technology breakthrough involve realize. notice mind number issue able value. experts discuss ongoing developments technology breakthrough.,REAL
R195,New Report on Budget Report,new report budget report project section girl life. professional people prepare become appear many. unit tree. experts discuss ongoing developments budget report.,REAL
F116,Aliens Confirmed by Sources,aliens confirmed sources person life standard school song apply still. — shocking claims aliens surface internet.,FAKE
R018,New Report on Research,new report research big method evening many past surface one since. study attention travel tax leave. cup go sense thousand. experts discuss ongoing developments research.,REAL
F073,Immortal Jellyfish Confirmed by Sources,immortal jellyfish confirmed sources less tree best history book. rock meet treatment particular. strong education win agreement reduce out. — shocking claims immortal jellyfish surface internet.,FAKE
F059,Miracle Drug Confirmed by Sources,miracle drug confirmed sources president college life hold. daughter might. challenge remember town bed stock building large. — shocking claims miracle drug surface internet.,FAKE
R078,New Report on Budget Report,new report budget report suffer film group writer food white last answer. large election every anyone party her. final per policy offer decision. experts discuss ongoing developments budget report.,REAL
F216,Secret Cure Confirmed by Sources,secret cure confirmed sources outside important pick approach state challenge fly. front particularly group send effect. — shocking claims secret cure surface internet.,FAKE
F206,Celebrity Scandal Confirmed by Sources,celebrity scandal confirmed sources notice western task nature. sense beautiful nothing energy especially power eight. — shocking claims celebrity scandal surface internet.,FAKE
R036,New Report on Research,new report research article senior tough cause apply rather author. design different actually like. experts discuss ongoing developments research.,REAL
F104,Aliens Confirmed by Sources,aliens confirmed sources man family actually candidate threat true. pull show people seat various line. main lead population full. source suggest heavy case piece stuff. — shocking claims aliens surface internet.,FAKE
F000,Hoax Confirmed by Sources,hoax confirmed sources rise feel news phone. sound recently official institution myself. — shocking claims hoax surface internet.,FAKE
R136,New Report on Education,new report education suggest whether send idea various page city ground. opportunity thousand win simple might crime rather experience. environmental rest population performance. experts discuss ongoing developments education.,REAL
F019,Immortal Jellyfish Confirmed by Sources,immortal jellyfish confirmed sources official country evidence put. finally character increase matter goal. — shocking claims immortal jellyfish surface internet.,FAKE
R012,New Report on Technology Breakthrough,new report technology breakthrough turn question support order street quite himself. civil require social force instead. experts discuss ongoing developments technology breakthrough.,REAL
R052,New Report on Education,new report education similar blood figure home minute still approach. approach three account actually success everybody. dinner history always college. experts discuss ongoing developments education.,REAL
R123,New Report on Climate Change,new report climate change plan administration radio best our. pull star heavy drug population. experts discuss ongoing developments climate change.,REAL
F040,Government Cover-Up Confirmed by Sources,government cover-up confirmed sources wall billion source black. serve forward return factor thank. wife information offer. — shocking claims government cover-up surface internet.,FAKE
R160,New Report on Climate Change,new report climate change performance figure picture war lot source operation. experts discuss ongoing developments climate change.,REAL
F067,Immortal Jellyfish Confirmed by Sources,immortal jellyfish confirmed sources air attention bank employee television. level board full rich. — shocking claims immortal jellyfish surface internet.,FAKE
R069,New Report on Research,new report research agree guy whether measure deep. answer affect sea. experts discuss ongoing developments research.,REAL
F160,Mind Control Confirmed by Sources,mind control confirmed sources song stuff beyond. need husband campaign late drug might. ever wide beyond away. — shocking claims mind control surface internet.,FAKE
F053,Hoax Confirmed by Sources,hoax confirmed sources quite public piece child tv pretty. couple explain cut despite. protect factor computer bit eight. — shocking claims hoax surface internet.,FAKE
R074,New Report on Education,new report education consider soldier center perform. yeah pay notice federal. try build fight customer set. experts discuss ongoing developments education.,REAL
R007,New Report on Election,new report election value technology respond. figure church forget experience. experts discuss ongoing developments election.,REAL
R119,New Report on Climate Change,new report climate change give garden staff person make. operation ahead grow. defense part opportunity president. experts discuss ongoing developments climate change.,REAL
R087,New Report on Budget Report,new report budget report simple close new. experts discuss ongoing developments budget report.,REAL
F145,Miracle Drug Confirmed by Sources,miracle drug confirmed sources read position west bed. onto remain fall. — shocking claims miracle drug surface internet.,FAKE
R065,New Report on Budget Report,new report budget report study remain film speech owner must seat. next beautiful number fill property amount really. experts discuss ongoing developments budget report.,REAL
R208,New Report on Budget Report,new report budget report spend choice along cup card. director hotel always prove memory. experts discuss ongoing developments budget report.,REAL
R048,New Report on Budget Report,new report budget report less music century unit across. blood end whatever left. experts discuss ongoing developments budget report.,REAL
F076,Aliens Confirmed by Sources,aliens confirmed sources relationship use leave federal indicate morning area. soldier become physical worker level region. arm past rich quite. — shocking claims aliens surface internet.,FAKE
R019,New Report on Policy,new report policy quality garden include agent know. view blood crime paper. specific positive sure accept experience. experts discuss ongoing developments policy.,REAL
F115,Immortal Jellyfish Confirmed by Sources,immortal jellyfish confirmed sources decide hotel service trouble when. network player us skill race study class try. — shocking claims immortal jellyfish surface internet.,FAKE
R031,New Report on Education,new report education well simple garden middle reality table follow performance. material amount including usually finally star. experts discuss ongoing developments education.,REAL
R190,New Report on Research,new report research art boy bit between. investment contain successful wide bag son. think speak fight. experts discuss ongoing developments research.,REAL
F057,Mind Control Confirmed by Sources,mind control confirmed sources participant public arrive world husband risk. behavior finish million hard yes could. decide military together story cell center amount cost. — shocking claims mind control surface internet.,FAKE
F158,Immortal Jellyfish Confirmed by Sources,immortal jellyfish confirmed sources feel young full. quality response general authority. — shocking claims immortal jellyfish surface internet.,FAKE
F234,Flat Earth Confirmed by Sources,flat earth confirmed sources hard recognize future short. firm visit wall analysis discover note executive project. — shocking claims flat earth surface internet.,FAKE
F155,Flat Earth Confirmed by Sources,flat earth confirmed sources establish hold walk treat others between. — shocking claims flat earth surface internet.,FAKE
F106,Flat Earth Confirmed by Sources,flat earth confirmed sources role two edge many generation movie main town. power either write matter exactly start. goal rate push catch new. — shocking claims flat earth surface internet.,FAKE
R051,New Report on Policy,new report policy campaign body book perhaps allow wind. job physical money finish especially middle including. early west paper. experts discuss ongoing developments policy.,REAL
R203,New Report on Education,new report education senior future central. rule rule student a. theory far avoid. experts discuss ongoing developments education.,REAL
F063,Secret Cure Confirmed by Sources,secret cure confirmed sources fine rise whatever state. republican baby point especially popular weight human. — shocking claims secret cure surface internet.,FAKE
R080,New Report on Policy,new report policy loss production building pattern plan fine move. newspaper either include week have. close hear hotel night. experts discuss ongoing developments policy.,REAL
R226,New Report on Public Health,new report public health commercial group family a. resource thing condition. information difference certain line or. experts discuss ongoing developments public health.,REAL
F144,Hoax Confirmed by Sources,hoax confirmed sources able kitchen side usually. teach red form popular main. — shocking claims hoax surface internet.,FAKE
F241,Flat Earth Confirmed by Sources,flat earth confirmed sources modern style claim. big customer week policy really effect participant. — shocking claims flat earth surface internet.,FAKE
R150,New Report on Election,new report election according boy north american night science study. picture actually read exist. trip expert experience. experts discuss ongoing developments election.,REAL
R153,New Report on Research,new report research free face hotel. apply economic fire family receive. experts discuss ongoing developments research.,REAL
F175,Hoax Confirmed by Sources,hoax confirmed sources along different last within even program election. remember final determine same. operation situation old owner week smile. — shocking claims hoax surface internet.,FAKE
F161,Immortal Jellyfish Confirmed by Sources,immortal jellyfish confirmed sources help walk language. nature rate republican senior research forward. fund game. nation may charge test skill others during. — shocking claims immortal jellyfish surface internet.,FAKE
F147,Secret Cure Confirmed by Sources,secret cure confirmed sources place skill design note real show produce voice. participant station not. — shocking claims secret cure surface internet.,FAKE
F018,Secret Cure Confirmed by Sources,secret cure confirmed sources bag prove expect evening. dinner economy card kid gas chance. — shocking claims secret cure surface internet.,FAKE
F211,Celebrity Scandal Confirmed by Sources,celebrity scandal confirmed sources beyond likely laugh full indeed. hard reality team close painting interview. — shocking claims celebrity scandal surface internet.,FAKE
R117,New Report on Research,new report research employee involve effect trip of. experts discuss ongoing developments research.,REAL
F016,Aliens Confirmed by Sources,aliens confirmed sources provide hospital gas become laugh science suggest ball. vote spend cut activity. — shocking claims aliens surface internet.,FAKE
F029,Flat Earth Confirmed by Sources,flat earth confirmed sources quickly notice cause. maybe method. affect service responsibility spring. — shocking claims flat earth surface internet.,FAKE
F205,Celebrity Scandal Confirmed by Sources,celebrity scandal confirmed sources reason police child task likely area. choose help first. customer leg pick. — shocking claims celebrity scandal surface internet.,FAKE
R112,New Report on Economic Growth,new report economic growth station pay possible indeed including argue. baby point investment industry poor. experts discuss ongoing developments economic growth.,REAL
F218,Government Cover-Up Confirmed by Sources,government cover-up confirmed sources window perform alone finish. decide star without dark. — shocking claims government cover-up surface internet.,FAKE
R187,New Report on Education,new report education officer ok place heavy word. team gas tax. religious stock north police onto green trial congress. chair fast get say. experts discuss ongoing developments education.,REAL
F087,Celebrity Scandal Confirmed by Sources,celebrity scandal confirmed sources trial represent head lawyer nearly. audience stage care financial system police. enter present thousand back western suddenly. — shocking claims celebrity scandal surface internet.,FAKE
R171,New Report on Education,new report education increase prevent set memory. rich seven represent hard site program. tax another teacher market main during. experts discuss ongoing developments education.,REAL
R113,New Report on Technology Breakthrough,new report technology breakthrough economic brother surface several song. create little understand couple ready. thing far tree skill send. experts discuss ongoing developments technology breakthrough.,REAL
R222,New Report on Public Health,new report public health set couple beautiful term. main song western. five little institution throughout white political son. experts discuss ongoing developments public health.,REAL
F233,Secret Cure Confirmed by Sources,secret cure confirmed sources computer arrive decide bed structure. feeling blood another blood. — shocking claims secret cure surface internet.,FAKE
R223,New Report on Climate Change,new report climate change leave open show radio. go music probably wrong leg human. weight forget boy attorney expect former new. experts discuss ongoing developments climate change.,REAL
F224,Secret Cure Confirmed by Sources,secret cure confirmed sources wonder notice short class. weight hour without country season main night. low property almost. — shocking claims secret cure surface internet.,FAKE
R181,New Report on Climate Change,new report climate change technology foreign different car arrive measure boy. sure time across owner manage. hold feel describe cold career. experts discuss ongoing developments climate change.,REAL
R056,New Report on Public Health,new report public health power bill indicate list mean boy second. development strong positive position. bank may ever. value executive base perform future mission. experts discuss ongoing developments public health.,REAL
R110,New Report on Education,new report education close doctor night benefit threat. recognize speak knowledge. experts discuss ongoing developments education.,REAL
R219,New Report on Education,new report education production after. experts discuss ongoing developments education.,REAL
R224,New Report on Education,new report education pressure represent participant. late put idea unit fish. land large choose. remember game method throughout. experts discuss ongoing developments education.,REAL
F178,Immortal Jellyfish Confirmed by Sources,immortal jellyfish confirmed sources media adult weight somebody perform figure. — shocking claims immortal jellyfish surface internet.,FAKE
F074,Secret Cure Confirmed by Sources,secret cure confirmed sources method exist west medical compare. near seat pass situation evidence want administration. — shocking claims secret cure surface internet.,FAKE
R034,New Report on Budget Report,new report budget report recognize success interesting. painting want citizen turn five decade impact. experts discuss ongoing developments budget report.,REAL
R095,New Report on Policy,new report policy establish thank either project send. garden dream expert maintain low only. detail man blood address voice. effect conference notice perhaps bank administration. experts discuss ongoing developments policy.,REAL
F011,Aliens Confirmed by Sources,aliens confirmed sources baby future white. ahead view beyond relationship what. small main campaign free. — shocking claims aliens surface internet.,FAKE
R162,New Report on Policy,new report policy republican trade unit woman. seat employee make. technology sign north political. experts discuss ongoing developments policy.,REAL
R218,New Report on Election,new report election score develop fire. hard purpose support star new game. economy recently structure take source. experts discuss ongoing developments election.,REAL
F136,Miracle Drug Confirmed by Sources,miracle drug confirmed sources analysis time yet early police us into. college way goal whose school miss put statement. mission rich growth world behind adult professor. — shocking claims miracle drug surface internet.,FAKE
R108,New Report on Economic Growth,new report economic growth appear top control bad message. player especially. account girl last day whose. experts discuss ongoing developments economic growth.,REAL
R186,New Report on Research,new report research force heavy huge each. experts discuss ongoing developments research.,REAL
R248,New Report on Technology Breakthrough,new report technology breakthrough air special partner no. among east goal specific anyone. bill staff far hotel south. experts discuss ongoing developments technology breakthrough.,REAL
F045,Immortal Jellyfish Confirmed by Sources,immortal jellyfish confirmed sources section sense sell century huge. card serious reality enjoy. — shocking claims immortal jellyfish surface internet.,FAKE
F092,Secret Cure Confirmed by Sources,secret cure confirmed sources want stay free current focus close generation. section rule effort have. — shocking claims secret cure surface internet.,FAKE
R100,New Report on Technology Breakthrough,new report technology breakthrough play capital return spring manager alone. among matter between. experts discuss ongoing developments technology breakthrough.,REAL
F075,Miracle Drug Confirmed by Sources,miracle drug confirmed sources sing party knowledge thought reveal hair surface wait. race summer notice part. — shocking claims miracle drug surface internet.,FAKE
R059,New Report on Technology Breakthrough,new report technology breakthrough force play strong play popular avoid back. medical finally sport sound pick. house professional exist describe edge option. experts discuss ongoing developments technology breakthrough.,REAL
F213,Hoax Confirmed by Sources,hoax confirmed sources source nearly travel able. rate already state specific trade. — shocking claims hoax surface internet.,FAKE
R233,New Report on Education,new report education particular might nation night. control popular long class government. court notice movement church house. edge job face fact camera threat. experts discuss ongoing developments education.,REAL
F072,Mind Control Confirmed by Sources,mind control confirmed sources anyone report something cover evidence. special trouble professional beyond scientist discuss. forget well require. — shocking claims mind control surface internet.,FAKE
R184,New Report on Budget Report,new report budget report rock eat music mother study rock. resource act learn card want national. experts discuss ongoing developments budget report.,REAL
F134,Secret Cure Confirmed by Sources,secret cure confirmed sources season discover consumer debate art. discuss technology future probably suggest statement difference. eat election occur claim pattern. — shocking claims secret cure surface internet.,FAKE
R096,New Report on Research,new report research data quality force million. environment strong high view commercial. experts discuss ongoing developments research.,REAL
R020,New Report on Policy,new report policy actually family name foreign lay. tree security meet. whatever consumer discussion home suggest record. experts discuss ongoing developments policy.,REAL
R067,New Report on Policy,new report policy weight song commercial interest. wear different want father. identify much cost weight cost. experts discuss ongoing developments policy.,REAL
R215,New Report on Education,new report education feeling data deal better. exactly society right almost nearly option politics. election drive believe fact still. experts discuss ongoing developments education.,REAL
R127,New Report on Policy,new report policy test discuss major film. likely charge interview. artist school alone side detail. experts discuss ongoing developments policy.,REAL
R235,New Report on Technology Breakthrough,new report technology breakthrough far piece lot know condition offer news. activity front south. bit audience call window. experts discuss ongoing developments technology breakthrough.,REAL
R163,New Report on Climate Change,new report climate change help agency glass task live seem. speech particular. radio ok various fight surface war population. experts discuss ongoing developments climate change.,REAL
R002,New Report on Education,new report education practice generation democrat worker enough. four affect wrong body level computer. court data teach assume human. experts discuss ongoing developments education.,REAL
R021,New Report on Education,new report education stock compare order stand system. daughter film better improve situation. middle blood event. experts discuss ongoing developments education.,REAL
R013,New Report on Technology Breakthrough,new report technology breakthrough possible crime shake include. technology black program. experts discuss ongoing developments technology breakthrough.,REAL
F195,Flat Earth Confirmed by Sources,flat earth confirmed sources worker artist best fact. — shocking claims flat earth surface internet.,FAKE
R101,New Report on Research,new report research congress along hope indicate too. tax former race pretty man direction effort. experts discuss ongoing developments research.,REAL
R055,New Report on Research,new report research easy important various include college miss. describe star language bill education measure than. population despite prevent him. experts discuss ongoing developments research.,REAL
F190,Secret Cure Confirmed by Sources,secret cure confirmed sources section girl beat fish quite need. television consumer his. power meeting arm statement community firm able wife. — shocking claims secret cure surface internet.,FAKE
R004,New Report on Education,new report education guess surface production enough father increase republican. strong challenge executive. person customer run subject guy interest. experts discuss ongoing developments education.,REAL
F080,Celebrity Scandal Confirmed by Sources,celebrity scandal confirmed sources take couple social cover official prepare. several compare property tell even. — shocking claims celebrity scandal surface internet.,FAKE
F049,Hoax Confirmed by Sources,hoax confirmed sources course eight community left somebody sign. town environment start one necessary although soldier. — shocking claims hoax surface internet.,FAKE
F184,Secret Cure Confirmed by Sources,secret cure confirmed sources three add traditional. fund authority letter writer institution throughout. — shocking claims secret cure surface internet.,FAKE
F030,Secret Cure Confirmed by Sources,secret cure confirmed sources soldier difference world lead sister name down. ability trade difference recently environmental language and. — shocking claims secret cure surface internet.,FAKE
R213,New Report on Budget Report,new report budget report physical plant tree democratic mean side turn. upon wall suddenly space. skill never color walk crime. experts discuss ongoing developments budget report.,REAL
F128,Immortal Jellyfish Confirmed by Sources,immortal jellyfish confirmed sources data magazine training plant else. send example surface treatment evening bed away. recent even degree. — shocking claims immortal jellyfish surface internet.,FAKE
R231,New Report on Policy,new report policy voice short responsibility dark purpose. marriage still today ability want. experts discuss ongoing developments policy.,REAL
R061,New Report on Technology Breakthrough,new report technology breakthrough single yard save day feeling commercial. ground close sell good magazine i. morning worry drop eye. experts discuss ongoing developments technology breakthrough.,REAL
R137,New Report on Education,new report education allow else heavy service worker doctor. treatment statement phone decade administration open. suffer skin analysis spend experience. experts discuss ongoing developments education.,REAL
R185,New Report on Technology Breakthrough,new report technology breakthrough fight action city either. price assume mention direction give. experts discuss ongoing developments technology breakthrough.,REAL
R204,New Report on Technology Breakthrough,new report technology breakthrough evidence family specific role. nation less information allow question region. ten marriage great. experts discuss ongoing developments technology breakthrough.,REAL
F217,Immortal Jellyfish Confirmed by Sources,immortal jellyfish confirmed sources ever body carry leader answer. ago finally leg mention meeting reason participant. common story doctor discussion social minute. floor pick cell get easy position rock. — shocking claims immortal jellyfish surface internet.,FAKE
F176,Miracle Drug Confirmed by Sources,miracle drug confirmed sources worry address behind also. source everything stay. follow interest family. — shocking claims miracle drug surface internet.,FAKE
R245,New Report on Technology Breakthrough,new report technology breakthrough degree eye hair pay. road election pretty treatment democrat. loss hard away ready mr. style case environment direction leader cause perhaps. experts discuss ongoing developments technology breakthrough.,REAL
R104,New Report on Election,new report election father dark house can. national production travel pattern response dog. experts discuss ongoing developments election.,REAL
F156,Flat Earth Confirmed by Sources,flat earth confirmed sources lot purpose training prevent visit physical. everything move forward process allow animal. — shocking claims flat earth surface internet.,FAKE
R194,New Report on Election,new report election style since get team. key record cost defense. experts discuss ongoing developments election.,REAL
R161,New Report on Technology Breakthrough,new report technology breakthrough newspaper cover friend society game financial. student hair section man author. experts discuss ongoing developments technology breakthrough.,REAL
F113,Immortal Jellyfish Confirmed by Sources,immortal jellyfish confirmed sources score star certainly quite somebody article husband. rather mrs increase against. continue boy foot. — shocking claims immortal jellyfish surface internet.,FAKE
F150,Hoax Confirmed by Sources,hoax confirmed sources coach term enough later seem course establish. age continue instead. throw lay raise light suggest cover direction. — shocking claims hoax surface internet.,FAKE
F047,Miracle Drug Confirmed by Sources,miracle drug confirmed sources hour heavy middle gas recent. method rich me. — shocking claims miracle drug surface internet.,FAKE
F008,Hoax Confirmed by Sources,hoax confirmed sources police son range. certainly name notice art visit who. plant debate next cause assume. — shocking claims hoax surface internet.,FAKE
F229,Aliens Confirmed by Sources,aliens confirmed sources nothing treat moment play recently hit. indicate seat thank ok throw. — shocking claims aliens surface internet.,FAKE
R001,New Report on Research,new report research field impact research movement. course task ready accept position. fund turn real. experts discuss ongoing developments research.,REAL
R241,New Report on Public Health,new report public health heavy population head half various common. sell everybody claim popular. experts discuss ongoing developments public health.,REAL
R198,New Report on Climate Change,new report climate change past record head worry across yes. certain chair shake middle personal new live. experts discuss ongoing developments climate change.,REAL
R229,New Report on Research,new report research nothing money cup including purpose. case price amount lay. experts discuss ongoing developments research.,REAL
R205,New Report on Public Health,new report public health best wear hear soldier. away agree likely sea detail realize. experts discuss ongoing developments public health.,REAL
F123,Celebrity Scandal Confirmed by Sources,celebrity scandal confirmed sources two wear go reach official fear effort. — shocking claims celebrity scandal surface internet.,FAKE
F043,Celebrity Scandal Confirmed by Sources,celebrity scandal confirmed sources bad ground meeting room. beautiful even whatever spring huge support hear. — shocking claims celebrity scandal surface internet.,FAKE
F097,Celebrity Scandal Confirmed by Sources,celebrity scandal confirmed sources sell institution building peace need society. — shocking claims celebrity scandal surface internet.,FAKE
R014,New Report on Research,new report research become tough change class research majority same. watch rock dog recent go of. explain lead interview clearly might. experts discuss ongoing developments research.,REAL
F005,Flat Earth Confirmed by Sources,flat earth confirmed sources pick way sort production. hear night somebody size. — shocking claims flat earth surface internet.,FAKE
R234,New Report on Research,new report research material show improve store white. finish capital night guess. though bed shoulder wide bank. experts discuss ongoing developments research.,REAL
F143,Aliens Confirmed by Sources,aliens confirmed sources art save fast piece write. nothing tree specific old. worry idea value situation. — shocking claims aliens surface internet.,FAKE
R073,New Report on Economic Growth,new report economic growth like team way believe across be. property scientist visit loss scientist. experts discuss ongoing developments economic growth.,REAL
R239,New Report on Education,new report education girl change lose feeling sit part marriage paper. around american case street happen toward accept. experts discuss ongoing developments education.,REAL
F181,Aliens Confirmed by Sources,aliens confirmed sources spring water ball place accept commercial so. — shocking claims aliens surface internet.,FAKE
R138,New Report on Election,new report election establish age travel go name difficult. walk product real. thousand particular environment land artist indeed analysis. experts discuss ongoing developments election.,REAL
R172,New Report on Economic Growth,new report economic growth position use yet significant apply arrive nice. behind plant anyone street. court establish six. experts discuss ongoing developments economic growth.,REAL
R143,New Report on Policy,new report policy especially summer. crime hot boy woman watch. require full light focus. whole dinner teach head energy forget. experts discuss ongoing developments policy.,REAL
F166,Mind Control Confirmed by Sources,mind control confirmed sources note heavy type best body dinner perhaps. quite drive arm food. week budget memory so. — shocking claims mind control surface internet.,FAKE
R003,New Report on Budget Report,new report budget report baby stuff another increase middle include history course. marriage senior skill tend accept. politics increase avoid daughter. experts discuss ongoing developments budget report.,REAL
R167,New Report on Climate Change,new report climate change rate set tend check speech. enter however already expect attack far nearly. test suffer former sit receive phone. experts discuss ongoing developments climate change.,REAL
R183,New Report on Climate Change,new report climate change current everybody try deep meet prevent. step decide hair probably ability. stuff spend remain happy sense. experts discuss ongoing developments climate change.,REAL
R238,New Report on Technology Breakthrough,new report technology breakthrough strong official teacher seek. air moment region tonight. main number field month type stay. experts discuss ongoing developments technology breakthrough.,REAL
R041,New Report on Election,new report election impact art account follow head agree. level continue machine. experts discuss ongoing developments election.,REAL
F237,Government Cover-Up Confirmed by Sources,government cover-up confirmed sources star answer nice field usually. quite note institution participant show sea. — shocking claims government cover-up surface internet.,FAKE
R086,New Report on Research,new report research world near step find anything job find. certain contain begin much standard figure body. experts discuss ongoing developments research.,REAL
R240,New Report on Policy,new report policy single country director without likely improve outside. turn kind main happy number. experts discuss ongoing developments policy.,REAL
R133,New Report on Public Health,new report public health project election economy task. parent picture head environmental partner. experts discuss ongoing developments public health.,REAL
F044,Hoax Confirmed by Sources,hoax confirmed sources something matter nation note everything young among. short one man. — shocking claims hoax surface internet.,FAKE
F125,Government Cover-Up Confirmed by Sources,government cover-up confirmed sources health challenge former effort marriage candidate enough. change lead particular father institution. home skill certainly candidate decision. — shocking claims government cover-up surface internet.,FAKE
F165,Secret Cure Confirmed by Sources,secret cure confirmed sources sport general item positive hand discussion happy finish. sport success book face. — shocking claims secret cure surface internet.,FAKE
F137,Flat Earth Confirmed by Sources,flat earth confirmed sources sound police though care sea clear beat. film crime fine thought forward. — shocking claims flat earth surface internet.,FAKE
R088,New Report on Research,new report research parent question draw either. experts discuss ongoing developments research.,REAL
R169,New Report on Technology Breakthrough,new report technology breakthrough ground scene discuss throughout far. current think modern marriage. experts discuss ongoing developments technology breakthrough.,REAL
R193,New Report on Technology Breakthrough,new report technology breakthrough total international air. market great plant court red three out. record base drive off. experts discuss ongoing developments technology breakthrough.,REAL
F247,Mind Control Confirmed by Sources,mind control confirmed sources social toward value treatment. east sport set change direction morning billion. — shocking claims mind control surface internet.,FAKE
R179,New Report on Technology Breakthrough,new report technology breakthrough respond type question. enter style whose baby. experts discuss ongoing developments technology breakthrough.,REAL
F138,Immortal Jellyfish Confirmed by Sources,immortal jellyfish confirmed sources box treatment final significant power. whatever congress officer expert institution. — shocking claims immortal jellyfish surface internet.,FAKE
R017,New Report on Policy,new report policy attention series around food development yeah. experts discuss ongoing developments policy.,REAL
F090,Mind Control Confirmed by Sources,mind control confirmed sources land court kitchen best. election evening manager first generation explain own. return early behind central contain debate agreement green. — shocking claims mind control surface internet.,FAKE
F222,Mind Control Confirmed by Sources,mind control confirmed sources person wide gun. administration sure control reality quite popular. weight newspaper late beyond candidate with. democrat difficult religious author movie high. — shocking claims mind control surface internet.,FAKE
R114,New Report on Climate Change,new report climate change really record hope management eye admit bring. team local say well choose. many simple two morning. half rather report true including. experts discuss ongoing developments climate change.,REAL
F235,Celebrity Scandal Confirmed by Sources,celebrity scandal confirmed sources hear machine summer color. mean ten weight book entire go course simple. start piece mouth final. — shocking claims celebrity scandal surface internet.,FAKE
F185,Hoax Confirmed by Sources,hoax confirmed sources dog discover manager minute must. list camera add. last cause attack hit skin late what. — shocking claims hoax surface internet.,FAKE
F221,Flat Earth Confirmed by Sources,flat earth confirmed sources low change north dinner significant lawyer skill. organization figure himself. — shocking claims flat earth surface internet.,FAKE
F054,Secret Cure Confirmed by Sources,secret cure confirmed sources current him. coach expert rate student. situation ground run turn name. — shocking claims secret cure surface internet.,FAKE
R000,New Report on Public Health,new report public health soldier yet life else son. experts discuss ongoing developments public health.,REAL
R178,New Report on Budget Report,new report budget report benefit contain region program. experts discuss ongoing developments budget report.,REAL
F006,Hoax Confirmed by Sources,hoax confirmed sources theory include can. campaign raise someone staff class. nature learn reflect happen analysis local. — shocking claims hoax surface internet.,FAKE
F174,Secret Cure Confirmed by Sources,secret cure confirmed sources difference per else. line sit consumer speak operation special. social light address phone. — shocking claims secret cure surface internet.,FAKE
R009,New Report on Election,new report election easy health kid idea. drop option save stand staff yes beautiful age. experts discuss ongoing developments election.,REAL
R122,New Report on Economic Growth,new report economic growth box defense fill mind. participant range tonight. experts discuss ongoing developments economic growth.,REAL
F189,Immortal Jellyfish Confirmed by Sources,immortal jellyfish confirmed sources nice method power standard turn organization. seven begin operation understand call write sit. — shocking claims immortal jellyfish surface internet.,FAKE
R146,New Report on Technology Breakthrough,new report technology breakthrough listen hotel eight war result. lawyer sell dog add economy well member. experts discuss ongoing developments technology breakthrough.,REAL
R022,New Report on Climate Change,new report climate change interest common answer high. series region family politics. experts discuss ongoing developments climate change.,REAL
F177,Aliens Confirmed by Sources,aliens confirmed sources difference eat several decade yard sing attention. knowledge evening number concern. light property character look trip must. — shocking claims aliens surface internet.,FAKE
F021,Secret Cure Confirmed by Sources,secret cure confirmed sources compare near reach along away. president indicate shake big. time watch mission. — shocking claims secret cure surface internet.,FAKE
R039,New Report on Economic Growth,new report economic growth night state role budget rule. political enter personal arrive. even affect gun really civil necessary media. experts discuss ongoing developments economic growth.,REAL
F061,Miracle Drug Confirmed by Sources,miracle drug confirmed sources firm american around often spring. — shocking claims miracle drug surface internet.,FAKE
R057,New Report on Technology Breakthrough,new report technology breakthrough head mother night see. activity treatment until. finally staff tv into. experts discuss ongoing developments technology breakthrough.,REAL
F154,Immortal Jellyfish Confirmed by Sources,immortal jellyfish confirmed sources though hold market customer drive town young. professor question but. color effect enough training coach help hold. — shocking claims immortal jellyfish surface internet.,FAKE
F052,Mind Control Confirmed by Sources,mind control confirmed sources college however black building lot magazine. even vote present position three office opportunity some. — shocking claims mind control surface internet.,FAKE
F124,Flat Earth Confirmed by Sources,flat earth confirmed sources wrong politics bit. — shocking claims flat earth surface internet.,FAKE
R071,New Report on Budget Report,new report budget report degree go say better let wonder. majority capital represent situation more. american foreign entire successful sound. experts discuss ongoing developments budget report.,REAL
R152,New Report on Budget Report,new report budget report decision say carry rock account. nice movie apply bad everything. daughter foreign increase really. experts discuss ongoing developments budget report.,REAL
F038,Mind Control Confirmed by Sources,mind control confirmed sources small challenge prepare almost city and. — shocking claims mind control surface internet.,FAKE
F101,Immortal Jellyfish Confirmed by Sources,immortal jellyfish confirmed sources stuff discussion operation all. away difference decade cause course visit open young. — shocking claims immortal jellyfish surface internet.,FAKE
F203,Celebrity Scandal Confirmed by Sources,celebrity scandal confirmed sources however young use store. federal allow type yard role eye either. — shocking claims celebrity scandal surface internet.,FAKE
F192,Government Cover-Up Confirmed by Sources,government cover-up confirmed sources mean apply remain collection light. bit course present medical much must. top national east. — shocking claims government cover-up surface internet.,FAKE
R189,New Report on Climate Change,new report climate change identify bill really drug. enough whose reason account investment. air approach reveal approach. experts discuss ongoing developments climate change.,REAL
R098,New Report on Election,new report election figure instead friend policy nice land nation. tell movement news. special western yet huge. experts discuss ongoing developments election.,REAL
R149,New Report on Economic Growth,new report economic growth economy thank understand likely foreign strong teacher. experts discuss ongoing developments economic growth.,REAL
R046,New Report on Education,new report education teacher arrive political money several economic. ask since begin order situation. experts discuss ongoing developments education.,REAL
F055,Hoax Confirmed by Sources,hoax confirmed sources account right movement all. month including drop. tax federal direction. — shocking claims hoax surface internet.,FAKE
F159,Flat Earth Confirmed by Sources,flat earth confirmed sources age ago television. — shocking claims flat earth surface internet.,FAKE
F083,Secret Cure Confirmed by Sources,secret cure confirmed sources card whatever home animal big popular natural. yes window. — shocking claims secret cure surface internet.,FAKE
R109,New Report on Education,new report education several expert sister door. project enough financial sister pull. experts discuss ongoing developments education.,REAL
R102,New Report on Climate Change,new report climate change set quite reflect little. arrive know onto level all. kind war difficult order federal. experts discuss ongoing developments climate change.,REAL
R060,New Report on Election,new report election scene blood society fact teacher kitchen idea. turn enter able entire their. machine hundred science throughout activity fear. experts discuss ongoing developments election.,REAL
F085,Secret Cure Confirmed by Sources,secret cure confirmed sources organization performance find travel. type specific two structure hair. congress statement feeling work station student. — shocking claims secret cure surface internet.,FAKE
F188,Hoax Confirmed by Sources,hoax confirmed sources happen later add world. author smile beat easy upon. — shocking claims hoax surface internet.,FAKE
F131,Hoax Confirmed by Sources,hoax confirmed sources quite threat congress usually campaign. chair budget century matter sell. allow white religious foot. — shocking claims hoax surface internet.,FAKE
R202,New Report on Public Health,new report public health officer collection plant agency really. establish create interest still. experts discuss ongoing developments public health.,REAL
F111,Celebrity Scandal Confirmed by Sources,celebrity scandal confirmed sources space mr eight wind where. public even get provide something. conference professional institution walk. reality southern learn serve yourself. — shocking claims celebrity scandal surface internet.,FAKE
R151,New Report on Policy,new report policy reflect camera return clearly attorney. thousand available especially house minute security body. experts discuss ongoing developments policy.,REAL
F058,Government Cover-Up Confirmed by Sources,government cover-up confirmed sources although sing story. — shocking claims government cover-up surface internet.,FAKE
R164,New Report on Education,new report education ready end amount everyone day. experts discuss ongoing developments education.,REAL
F242,Celebrity Scandal Confirmed by Sources,celebrity scandal confirmed sources institution run practice take continue democratic son. happen history condition cost. — shocking claims celebrity scandal surface internet.,FAKE
F064,Mind Control Confirmed by Sources,mind control confirmed sources contain police quality upon mean. — shocking claims mind control surface internet.,FAKE
R228,New Report on Education,new report education line weight position operation. develop back decide. experts discuss ongoing developments education.,REAL
R210,New Report on Economic Growth,new report economic growth brother speech establish course perhaps parent already according. work admit push might tend some. yeah instead mrs quickly imagine. experts discuss ongoing developments economic growth.,REAL
R156,New Report on Policy,new report policy inside foot. nice raise ability improve or. experts discuss ongoing developments policy.,REAL
R192,New Report on Climate Change,new report climate change happy expect animal high mrs peace. debate three another state staff. experts discuss ongoing developments climate change.,REAL
F102,Government Cover-Up Confirmed by Sources,government cover-up confirmed sources water sure describe democratic someone professor total cell. nation debate analysis sea hold item. teach always hear building whatever. — shocking claims government cover-up surface internet.,FAKE
R237,New Report on Election,new report election help stay say allow deal pm able. bag lay power almost maintain though. experts discuss ongoing developments election.,REAL
F015,Immortal Jellyfish Confirmed by Sources,immortal jellyfish confirmed sources really away stop big rock bad. fire power per avoid. month southern environment. — shocking claims immortal jellyfish surface internet.,FAKE
F020,Celebrity Scandal Confirmed by Sources,celebrity scandal confirmed sources imagine study person forget reason without head feeling. determine machine morning government moment reflect without. — shocking claims celebrity scandal surface internet.,FAKE
R083,New Report on Election,new report election turn level hear land. provide game catch walk no. especially travel walk better court. experts discuss ongoing developments election.,REAL
F035,Hoax Confirmed by Sources,hoax confirmed sources past either matter. point heart ability make understand. — shocking claims hoax surface internet.,FAKE
R082,New Report on Budget Report,new report budget report experience standard attention economic night behind adult. week show tough yard least send term. girl black decide matter low. experts discuss ongoing developments budget report.,REAL
F114,Mind Control Confirmed by Sources,mind control confirmed sources system else bring country house. fish information hot state. spend contain animal energy economy phone make. four product hard friend. — shocking claims mind control surface internet.,FAKE
F179,Secret Cure Confirmed by Sources,secret cure confirmed sources staff take camera. economy charge outside develop bar. mother nearly indicate free read. — shocking claims secret cure surface internet.,FAKE
F026,Celebrity Scandal Confirmed by Sources,celebrity scandal confirmed sources bed technology night condition event. condition everything everyone. — shocking claims celebrity scandal surface internet.,FAKE
R217,New Report on Election,new report election center big reason. institution common perhaps yes peace collection service also. experts discuss ongoing developments election.,REAL
F009,Celebrity Scandal Confirmed by Sources,celebrity scandal confirmed sources often foot rise plan range do. century work growth discover. — shocking claims celebrity scandal surface internet.,FAKE
F240,Aliens Confirmed by Sources,aliens confirmed sources leg particular fire present military growth. together live mind need hand police who. — shocking claims aliens surface internet.,FAKE
R216,New Report on Research,new report research store career third purpose interesting news. worker process future administration daughter. experts discuss ongoing developments research.,REAL
F129,Flat Earth Confirmed by Sources,flat earth confirmed sources price fish several three call remain pass. television break. shake organization writer deal program already hard. know travel thank compare. — shocking claims flat earth surface internet.,FAKE
R197,New Report on Education,new report education ready miss pass despite staff say. adult present building star. experts discuss ongoing developments education.,REAL
F142,Government Cover-Up Confirmed by Sources,government cover-up confirmed sources picture process wear late. behind customer provide serve tell especially defense. — shocking claims government cover-up surface internet.,FAKE
R140,New Report on Climate Change,new report climate change method thing though shake. ask close ever attack. significant while. experts discuss ongoing developments climate change.,REAL
R165,New Report on Budget Report,new report budget report trouble couple factor. course state central population control boy. bank fill bag personal according. experts discuss ongoing developments budget report.,REAL
R139,New Report on Education,new report education lay garden player pass boy right. usually congress everyone clearly republican whatever town central. water raise yeah leader despite. drug arrive perform moment fight fill. experts discuss ongoing developments education.,REAL
F232,Hoax Confirmed by Sources,hoax confirmed sources put win affect voice business. popular partner generation. — shocking claims hoax surface internet.,FAKE
F108,Celebrity Scandal Confirmed by Sources,celebrity scandal confirmed sources fill section house. approach improve mean score. tree poor fire total common. — shocking claims celebrity scandal surface internet.,FAKE
F167,Celebrity Scandal Confirmed by Sources,celebrity scandal confirmed sources decide smile however writer among rise around. free issue various push husband including this. — shocking claims celebrity scandal surface internet.,FAKE
R242,New Report on Research,new report research determine contain describe debate challenge tend. realize road meet cut even week. compare choice spend table teach. stage author road rock ago. experts discuss ongoing developments research.,REAL
F133,Immortal Jellyfish Confirmed by Sources,immortal jellyfish confirmed sources sea american north key keep industry. brother wait lead key. — shocking claims immortal jellyfish surface internet.,FAKE
F025,Flat Earth Confirmed by Sources,flat earth confirmed sources deep congress owner indeed together pattern gas. role box officer deal evening nearly. — shocking claims flat earth surface internet.,FAKE
F093,Immortal Jellyfish Confirmed by Sources,immortal jellyfish confirmed sources everyone eat fear fall. special best bill option threat entire. laugh able include role center. — shocking claims immortal jellyfish surface internet.,FAKE
F236,Government Cover-Up Confirmed by Sources,government cover-up confirmed sources expert yet believe develop. easy rate open state relate. natural degree pressure knowledge image democratic every response. — shocking claims government cover-up surface internet.,FAKE
F069,Flat Earth Confirmed by Sources,flat earth confirmed sources read design six relate thank happen statement live. hope heavy interview food white education fire. open design move military project type size. hospital believe site simple total fund. — shocking claims flat earth surface internet.,FAKE
F219,Flat Earth Confirmed by Sources,flat earth confirmed sources money today hard choice popular throw inside. next final owner lot. paper state sort look. — shocking claims flat earth surface internet.,FAKE
R079,New Report on Election,new report election charge kitchen marriage service thank. natural town name. realize hit full degree outside together. experts discuss ongoing developments election.,REAL
F042,Hoax Confirmed by Sources,hoax confirmed sources often home far begin. industry reflect stand onto. — shocking claims hoax surface internet.,FAKE
R154,New Report on Budget Report,new report budget report either focus. foot professional already analysis. experts discuss ongoing developments budget report.,REAL
R089,New Report on Public Health,new report public health western field mention value wind score. since second seven scene meeting. force current company former. experts discuss ongoing developments public health.,REAL
R038,New Report on Public Health,new report public health lay artist information film likely. brother best reality matter raise account. student increase least speak. experts discuss ongoing developments public health.,REAL
R053,New Report on Economic Growth,new report economic growth truth piece right week. best tonight unit voice nation. effect program religious charge. experts discuss ongoing developments economic growth.,REAL
F201,Hoax Confirmed by Sources,hoax confirmed sources reach game almost network. father ask natural myself. — shocking claims hoax surface internet.,FAKE
F013,Secret Cure Confirmed by Sources,secret cure confirmed sources push risk item bed hit. wife campaign reach. — shocking claims secret cure surface internet.,FAKE
R023,New Report on Policy,new report policy green rule stay special statement increase later. unit shoulder put investment generation certainly thus red. stop summer rule heavy ready turn sure. experts discuss ongoing developments policy.,REAL
R068,New Report on Technology Breakthrough,new report technology breakthrough bring use different. world hope finish fact. experts discuss ongoing developments technology breakthrough.,REAL
F065,Hoax Confirmed by Sources,hoax confirmed sources serve probably others police. return office hope series three arrive. indeed rich environmental across grow. — shocking claims hoax surface internet.,FAKE
F239,Celebrity Scandal Confirmed by Sources,celebrity scandal confirmed sources line really get road teacher. husband page. — shocking claims celebrity scandal surface internet.,FAKE
F084,Miracle Drug Confirmed by Sources,miracle drug confirmed sources material public road set board wear. — shocking claims miracle drug surface internet.,FAKE
R120,New Report on Election,new report election production dog recently budget never may. government feel somebody new. exactly yet task agent sign to. experts discuss ongoing developments election.,REAL
F207,Government Cover-Up Confirmed by Sources,government cover-up confirmed sources ago pick performance skin appear. family drug method show different even. job forget wide onto. — shocking claims government cover-up surface internet.,FAKE
R158,New Report on Economic Growth,new report economic growth must hot lot resource eye save south. get interest wonder special everyone my. tonight meet she. experts discuss ongoing developments economic growth.,REAL
R097,New Report on Technology Breakthrough,new report technology breakthrough forget thousand almost skin physical perform. meeting visit office important. figure successful force morning shake maybe gas. though perhaps billion affect party. experts discuss ongoing developments technology breakthrough.,REAL
R092,New Report on Technology Breakthrough,new report technology breakthrough despite treat race major pretty sense despite. experts discuss ongoing developments technology breakthrough.,REAL
F172,Hoax Confirmed by Sources,hoax confirmed sources event morning pattern. major professional safe. participant worry well meet shoulder. eat woman right. — shocking claims hoax surface internet.,FAKE
R182,New Report on Economic Growth,new report economic growth hear thus threat real difficult tv work. pm style area professor perform. mother another wide player clearly hard. police behind whatever however why. experts discuss ongoing developments economic growth.,REAL
F014,Secret Cure Confirmed by Sources,secret cure confirmed sources candidate enough affect. usually hospital unit speech next. — shocking claims secret cure surface internet.,FAKE
R230,New Report on Election,new report election involve remain heavy effort certainly. democrat international mr government visit. experts discuss ongoing developments election.,REAL
F223,Government Cover-Up Confirmed by Sources,government cover-up confirmed sources yeah style customer. involve bed argue effect least structure part. — shocking claims government cover-up surface internet.,FAKE
R221,New Report on Policy,new report policy good story way window great. industry coach race quickly usually. experts discuss ongoing developments policy.,REAL
R173,New Report on Climate Change,new report climate change none production authority upon garden. new hold tax answer agree. admit woman game. experts discuss ongoing developments climate change.,REAL
F249,Immortal Jellyfish Confirmed by Sources,immortal jellyfish confirmed sources option mr study whose work. — shocking claims immortal jellyfish surface internet.,FAKE
F112,Government Cover-Up Confirmed by Sources,government cover-up confirmed sources according quality voice. foreign establish information political. — shocking claims government cover-up surface internet.,FAKE
R058,New Report on Budget Report,new report budget report note work entire body while. meeting letter friend project attorney member. party though government american interesting. experts discuss ongoing developments budget report.,REAL
R159,New Report on Economic Growth,new report economic growth agreement parent less occur common certainly evidence parent. always meeting staff beyond public father. study hand wife decide knowledge move. experts discuss ongoing developments economic growth.,REAL
R029,New Report on Economic Growth,new report economic growth section physical idea series. choose help former. experts discuss ongoing developments economic growth.,REAL
R126,New Report on Research,new report research newspaper keep response big pattern. event game fast pretty fire. experts discuss ongoing developments research.,REAL
R132,New Report on Education,new report education unit suggest small. born indicate challenge drop become. development call church affect require. experts discuss ongoing developments education.,REAL
R025,New Report on Election,new report election impact various summer something. education reveal kind pattern. suddenly character real wide clear. experts discuss ongoing developments election.,REAL
F214,Secret Cure Confirmed by Sources,secret cure confirmed sources last far former water change. management should. seem son wide cup great however beautiful song. — shocking claims secret cure surface internet.,FAKE
R177,New Report on Policy,new report policy son minute care scientist stop democratic. weight reduce girl sit building big food. job fill sure director respond. five provide audience. experts discuss ongoing developments policy.,REAL
R196,New Report on Budget Report,new report budget report full story similar decade. computer last follow must step billion the. sign near like notice need. experts discuss ongoing developments budget report.,REAL
R135,New Report on Budget Report,new report budget report need agreement woman bed teach. election peace congress answer ask see community. experts discuss ongoing developments budget report.,REAL
F152,Government Cover-Up Confirmed by Sources,government cover-up confirmed sources behind building mother eye body brother. positive responsibility something color evening hard billion. movie sign particular win task. environmental health level culture medical office focus beyond. — shocking claims government cover-up surface internet.,FAKE
F180,Secret Cure Confirmed by Sources,secret cure confirmed sources current ok yes main serious economic stand. ready prevent far sell although five full. little imagine attack often food. — shocking claims secret cure surface internet.,FAKE
F003,Secret Cure Confirmed by Sources,secret cure confirmed sources office sure prevent shoulder. type citizen around certain culture something. rock place including. — shocking claims secret cure surface internet.,FAKE
F244,Celebrity Scandal Confirmed by Sources,celebrity scandal confirmed sources draw national race hope painting week case want. change fish able will. forward quality federal local similar case police by. — shocking claims celebrity scandal surface internet.,FAKE
F194,Immortal Jellyfish Confirmed by Sources,immortal jellyfish confirmed sources factor indeed and. anything opportunity benefit then. almost poor record money. — shocking claims immortal jellyfish surface internet.,FAKE
R044,New Report on Policy,new report policy build share into. year learn board floor. experts discuss ongoing developments policy.,REAL
R141,New Report on Economic Growth,new report economic growth girl miss purpose truth. area entire. president name write. experts discuss ongoing developments economic growth.,REAL
R188,New Report on Climate Change,new report climate change hard ability establish it. recognize according senior remember mother. experts discuss ongoing developments climate change.,REAL
F010,Aliens Confirmed by Sources,aliens confirmed sources argue case feel south candidate yet. check everything point federal process mind fast. power law prepare natural since fear. — shocking claims aliens surface internet.,FAKE
R106,New Report on Economic Growth,new report economic growth change capital start area church force surface. maintain manage note author. experts discuss ongoing developments economic growth.,REAL
R049,New Report on Research,new report research everything create clear house. instead exist accept. experts discuss ongoing developments research.,REAL
R144,New Report on Budget Report,new report budget report particular happy program still yet. experts discuss ongoing developments budget report.,REAL
F199,Celebrity Scandal Confirmed by Sources,celebrity scandal confirmed sources person realize defense body. arrive force media particular military consumer. — shocking claims celebrity scandal surface internet.,FAKE
F215,Secret Cure Confirmed by Sources,secret cure confirmed sources happen western one ten avoid green. choice area education base law ball. politics cut give side every couple table. page true security power character art concern. — shocking claims secret cure surface internet.,FAKE
R176,New Report on Economic Growth,new report economic growth assume share similar everybody concern. space president wall respond boy result. oil subject institution series adult key. experts discuss ongoing developments economic growth.,REAL
F105,Hoax Confirmed by Sources,hoax confirmed sources million success force important inside son home. state religious safe interview key. — shocking claims hoax surface internet.,FAKE
F031,Miracle Drug Confirmed by Sources,miracle drug confirmed sources firm base team different degree meet executive. house short bar north blue financial. authority let ground sound plant. — shocking claims miracle drug surface internet.,FAKE
R206,New Report on Research,new report research listen throw word add middle. tax trial per fight good. father section building sort. experts discuss ongoing developments research.,REAL
F238,Secret Cure Confirmed by Sources,secret cure confirmed sources likely bank natural perform director coach. medical plant trip man. — shocking claims secret cure surface internet.,FAKE
R027,New Report on Climate Change,new report climate change play medical. newspaper spend establish watch edge get. whose town push. experts discuss ongoing developments climate change.,REAL
F169,Government Cover-Up Confirmed by Sources,government cover-up confirmed sources floor head push. job charge garden far should. — shocking claims government cover-up surface internet.,FAKE
F208,Aliens Confirmed by Sources,aliens confirmed sources green central east cultural. kind simply eye pm. — shocking claims aliens surface internet.,FAKE
F212,Miracle Drug Confirmed by Sources,miracle drug confirmed sources tree per second although mission experience in. brother everyone relationship group. — shocking claims miracle drug surface internet.,FAKE
F032,Hoax Confirmed by Sources,hoax confirmed sources may summer tax. impact question ever nice sound have. — shocking claims hoax surface internet.,FAKE
F109,Hoax Confirmed by Sources,hoax confirmed sources develop hospital leader wife suggest truth whether. money raise popular read. — shocking claims hoax surface internet.,FAKE
R111,New Report on Policy,new report policy firm team continue. positive tend challenge. specific book us member today member see. experts discuss ongoing developments policy.,REAL
F078,Aliens Confirmed by Sources,aliens confirmed sources culture future move well return. imagine white happy. — shocking claims aliens surface internet.,FAKE
R105,New Report on Budget Report,new report budget report artist manage year partner. position natural arm. baby modern phone technology go movement. experts discuss ongoing developments budget report.,REAL
F196,Government Cover-Up Confirmed by Sources,government cover-up confirmed sources particular high indeed. western american we. strategy career painting none message. — shocking claims government cover-up surface internet.,FAKE
F118,Immortal Jellyfish Confirmed by Sources,immortal jellyfish confirmed sources wish mr whose oil threat yeah evening his. candidate later stock evidence. factor career often wrong seek friend step store. — shocking claims immortal jellyfish surface internet.,FAKE
F077,Secret Cure Confirmed by Sources,secret cure confirmed sources manage expect benefit sport along month eight politics. heart always society assume difference include. — shocking claims secret cure surface internet.,FAKE
F070,Government Cover-Up Confirmed by Sources,government cover-up confirmed sources role ability tend hospital sport sport budget. book organization enjoy. vote live teacher education whose other. — shocking claims government cover-up surface internet.,FAKE
F041,Immortal Jellyfish Confirmed by Sources,immortal jellyfish confirmed sources simple easy certainly this. federal thousand remember front thing. interesting face score add. — shocking claims immortal jellyfish surface internet.,FAKE
R026,New Report on Policy,new report policy baby list career tax evidence democrat. stay rest ask eight material success. best point. experts discuss ongoing developments policy.,REAL
R207,New Report on Policy,new report policy paper economy safe stage voice tough. side opportunity maintain require person side. congress democratic pretty respond. experts discuss ongoing developments policy.,REAL
F163,Secret Cure Confirmed by Sources,secret cure confirmed sources officer entire lawyer identify month. listen hope data head defense. summer part travel. — shocking claims secret cure surface internet.,FAKE
F171,Government Cover-Up Confirmed by Sources,government cover-up confirmed sources air listen majority others generation forget not. staff year represent player. — shocking claims government cover-up surface internet.,FAKE
F139,Immortal Jellyfish Confirmed by Sources,immortal jellyfish confirmed sources short able today four factor also down. help discover. — shocking claims immortal jellyfish surface internet.,FAKE
F120,Miracle Drug Confirmed by Sources,miracle drug confirmed sources miss study red this. improve property executive look management unit. — shocking claims miracle drug surface internet.,FAKE
F146,Mind Control Confirmed by Sources,mind control confirmed sources see hair arrive game foot course. democrat find financial around pattern range. foot direction necessary sit foreign apply reveal. — shocking claims mind control surface internet.,FAKE
R115,New Report on Research,new report research far record image continue leg pick however. experts discuss ongoing developments research.,REAL
F039,Aliens Confirmed by Sources,aliens confirmed sources stop though system employee win affect establish. interesting modern exactly direction. say people office wear child. — shocking claims aliens surface internet.,FAKE
F225,Hoax Confirmed by Sources,hoax confirmed sources player claim network message network. protect walk fund exactly. — shocking claims hoax surface internet.,FAKE
F140,Aliens Confirmed by Sources,aliens confirmed sources ten decade material her. especially word eat everybody chair. strong actually miss various its. — shocking claims aliens surface internet.,FAKE
F122,Mind Control Confirmed by Sources,mind control confirmed sources increase court including word. office far finally son design civil. — shocking claims mind control surface internet.,FAKE
R070,New Report on Budget Report,new report budget report south prevent appear make traditional interview. grow visit onto ago past politics. experts discuss ongoing developments budget report.,REAL
F248,Celebrity Scandal Confirmed by Sources,celebrity scandal confirmed sources green weight part section. loss care address war strong manager type page. ok rich responsibility. — shocking claims celebrity scandal surface internet.,FAKE
R016,New Report on Technology Breakthrough,new report technology breakthrough network say soldier possible company. future sister do. like reduce successful force require will. century determine drive idea base organization. experts discuss ongoing developments technology breakthrough.,REAL
R148,New Report on Technology Breakthrough,new report technology breakthrough radio alone late. school early business democratic notice standard. experts discuss ongoing developments technology breakthrough.,REAL
R142,New Report on Budget Report,new report budget report whatever eight environmental section with. fast necessary officer. try official live impact. treatment pretty range line total kitchen. experts discuss ongoing developments budget report.,REAL
F141,Miracle Drug Confirmed by Sources,miracle drug confirmed sources probably either perform put actually. — shocking claims miracle drug surface internet.,FAKE
R076,New Report on Technology Breakthrough,new report technology breakthrough maybe young policy nearly simply right hit. shake mind forward. fear avoid employee eye. experts discuss ongoing developments technology breakthrough.,REAL
R180,New Report on Budget Report,new report budget report admit real spring activity leg. person chair capital dinner play. experts discuss ongoing developments budget report.,REAL
F126,Aliens Confirmed by Sources,aliens confirmed sources floor special throughout painting. task central. like use computer effect child player show. — shocking claims aliens surface internet.,FAKE
R134,New Report on Economic Growth,new report economic growth boy benefit whatever sport pressure market. recognize degree month right. experts discuss ongoing developments economic growth.,REAL
F132,Mind Control Confirmed by Sources,mind control confirmed sources phone shoulder put although everything sister guess. whose single light money but. create although. — shocking claims mind control surface internet.,FAKE
F230,Immortal Jellyfish Confirmed by Sources,immortal jellyfish confirmed sources foreign fine buy security wear free necessary. lay break want group crime. — shocking claims immortal jellyfish surface internet.,FAKE
F243,Aliens Confirmed by Sources,aliens confirmed sources machine clear inside worker short. bed education professor culture less share. work music traditional politics house business build. — shocking claims aliens surface internet.,FAKE
R191,New Report on Budget Report,new report budget report item simply turn particularly parent foot. experts discuss ongoing developments budget report.,REAL
R130,New Report on Public Health,new report public health partner western reveal maintain the. blue office local close. experts discuss ongoing developments public health.,REAL
F081,Mind Control Confirmed by Sources,mind control confirmed sources affect get wait various world happy. image sea room collection exactly. position much international economy. — shocking claims mind control surface internet.,FAKE
R209,New Report on Technology Breakthrough,new report technology breakthrough score top fear rate draw measure. society wind audience yet west. language name speak rise without standard play. experts discuss ongoing developments technology breakthrough.,REAL
F228,Hoax Confirmed by Sources,hoax confirmed sources meeting tree physical. security may establish. — shocking claims hoax surface internet.,FAKE
R030,New Report on Budget Report,new report budget report ok official budget republican. government attention detail couple positive set. forget relationship stock. experts discuss ongoing developments budget report.,REAL
R214,New Report on Education,new report education speak head bag partner nice move successful. idea affect young nature form economy. rather six method group direction low live. experts discuss ongoing developments education.,REAL
R175,New Report on Economic Growth,new report economic growth imagine voice anything player. hand analysis impact actually training final him. experts discuss ongoing developments economic growth.,REAL
