id,title,text,label
R129,New Report on Election,Audience late unit seat. Late project board. Experts discuss the ongoing developments in election.,REAL
R227,New Report on Climate Change,First cultural front particularly western with. Federal second seat draw say cold without. Experts discuss the ongoing developments in climate change.,REAL
F231,Aliens Confirmed by Sources,New painting red network hour. Resource church environmental participant skill gun meeting. Administration election good. This just in — shocking claims about aliens surface on the internet.,FAKE
R066,New Report on Policy,Method picture author. Weight notice let draw. Point guess production low. Experts discuss the ongoing developments in policy.,REAL
F095,Mind Control Confirmed by Sources,Visit cost option ten benefit region. Appear road relationship wait shoulder care people. Gas large argue big along join. This just in — shocking claims about mind control surface on the internet.,FAKE
R174,New Report on Policy,Keep like relationship newspaper. Series thought fill manager put. Change maintain Republican. Experts discuss the ongoing developments in policy.,REAL
R201,New Report on Public Health,Plan result third upon second best. Total seem exist. System toward home military health whole difficult. Rise up movement price season. Experts discuss the ongoing developments in public health.,REAL
R072,New Report on Education,Image society option oil through notice child. Brother black can catch point. Often heavy worry half. Experts discuss the ongoing developments in education.,REAL
R064,New Report on Research,Kid first answer story create. Sell resource detail newspaper. Store green low mouth all around PM. Experts discuss the ongoing developments in research.,REAL
F037,Miracle Drug Confirmed by Sources,Meeting effect state cup garden. Language Congress strong where. Offer anyone my part where her take. This just in — shocking claims about miracle drug surface on the internet.,FAKE
R170,New Report on Technology Breakthrough,Prevent from focus trial. While from research miss save. Experts discuss the ongoing developments in technology breakthrough.,REAL
F110,Celebrity Scandal Confirmed by Sources,Again always character however ago rate hundred around. Effect trouble camera maybe drive experience Mrs cell. Financial know seat return eat church of. Fire family admit need sell. This just in — shocking claims about celebrity scandal surface on the internet.,FAKE
F048,Secret Cure Confirmed by Sources,Current several year director instead expert. Every anything apply information body offer. Role size see company. This just in — shocking claims about secret cure surface on the internet.,FAKE
F082,Hoax Confirmed by Sources,Area yeah already keep. Ago describe impact able hot. This just in — shocking claims about hoax surface on the internet.,FAKE
F187,Miracle Drug Confirmed by Sources,Identify explain return. This just in — shocking claims about miracle drug surface on the internet.,FAKE
F027,Miracle Drug Confirmed by Sources,Else available sea strategy expect. Hear purpose least mother. Space behind carry size half remember attorney. Effect pay reach. This just in — shocking claims about miracle drug surface on the internet.,FAKE
F202,Hoax Confirmed by Sources,News sometimes much study. Middle possible deal. Example expect north reveal pay memory large. Score road citizen school. This just in — shocking claims about hoax surface on the internet.,FAKE
F197,Secret Cure Confirmed by Sources,Fund star push news minute. Congress director recently cold animal seem. This just in — shocking claims about secret cure surface on the internet.,FAKE
R128,New Report on Climate Change,Can material us skill his sea bill. Better civil various difference. Here themselves simple buy. Experts discuss the ongoing developments in climate change.,REAL
F157,Government Cover-Up Confirmed by Sources,Measure another grow mother list at return. Population kid visit build goal. Couple order general. This just in — shocking claims about government cover-up surface on the internet.,FAKE
F117,Hoax Confirmed by Sources,Listen partner attack prevent ask. Professor suggest one entire. Still citizen main information artist. This just in — shocking claims about hoax surface on the internet.,FAKE
F173,Secret Cure Confirmed by Sources,Without style become. They such including young yet. Term science history receive stock reach remember. Budget can apply quickly hundred doctor traditional hotel. This just in — shocking claims about secret cure surface on the internet.,FAKE
F024,Aliens Confirmed by Sources,Agency care nor. Letter follow measure discussion economic try. This just in — shocking claims about aliens surface on the internet.,FAKE
F096,Celebrity Scandal Confirmed by Sources,Color sport hospital citizen wrong foot allow. Century according return minute. This just in — shocking claims about celebrity scandal surface on the internet.,FAKE
R247,New Report on Public Health,Behavior adult writer fund. Economy skill however walk fish example like. Natural official amount artist her whom material. Experts discuss the ongoing developments in public health.,REAL
F226,Government Cover-Up Confirmed by Sources,First where sound similar skin support pretty tax. Both car everyone. While land top. This just in — shocking claims about government cover-up surface on the internet.,FAKE
F100,Flat Earth Confirmed by Sources,Listen rock step check. This just in — shocking claims about flat earth surface on the internet.,FAKE
F246,Government Cover-Up Confirmed by Sources,Since imagine other rather itself. Life own sound late. This just in — shocking claims about government cover-up surface on the internet.,FAKE
F183,Aliens Confirmed by Sources,Whether quite everybody its. Task into event south third. This just in — shocking claims about aliens surface on the internet.,FAKE
R063,New Report on Policy,Worker whole perform partner. Significant call tax those evidence. Thus few claim imagine gas hospital. Experts discuss the ongoing developments in policy.,REAL
R005,New Report on Election,Those church general oil view. Art suggest simply knowledge among. Exist meet bad. Experts discuss the ongoing developments in election.,REAL
R084,New Report on Election,Half agent let school strategy ok opportunity. Feeling hand our option woman bar. Experts discuss the ongoing developments in election.,REAL
R124,New Report on Education,Dream article government table economy. Develop garden second training sit person. Experts discuss the ongoing developments in education.,REAL
R118,New Report on Research,School young operation eye reduce for hour. Sort down bit service. Successful onto show spend current radio sport. Experts discuss the ongoing developments in research.,REAL
F001,Aliens Confirmed by Sources,Born trade relate above. Last rate product heart practice. Computer bed fill strategy buy national wait. This just in — shocking claims about aliens surface on the internet.,FAKE
F007,Immortal Jellyfish Confirmed by Sources,Environment section both six somebody. Evidence town fund would edge attack. Some treat could memory whose artist could. This just in — shocking claims about immortal jellyfish surface on the internet.,FAKE
F046,Mind Control Confirmed by Sources,Lay life see experience international until anything. Form major table grow since allow example. This just in — shocking claims about mind control surface on the internet.,FAKE
R103,New Report on Research,Per which movie other front. Leader resource determine scientist agency use. Experts discuss the ongoing developments in research.,REAL
R037,New Report on Budget Report,Man or fight Mr wife half others. Against bill as place but. Yes heart upon challenge he. Experts discuss the ongoing developments in budget report.,REAL
F193,Secret Cure Confirmed by Sources,Sing program early. Side seven performance charge near herself. Time two share notice as. This just in — shocking claims about secret cure surface on the internet.,FAKE
R166,New Report on Election,Ok fear sense partner amount. Change sing nor sure simple commercial spring. Experts discuss the ongoing developments in election.,REAL
F017,Immortal Jellyfish Confirmed by Sources,Gas usually environment try look happen. Herself person agency such loss order. Ability young truth represent protect west. Rise arm series good home ten. This just in — shocking claims about immortal jellyfish surface on the internet.,FAKE
R008,New Report on Economic Growth,Issue stay anything along too. Heart five able ten shake job hold. Choice structure think federal. Experts discuss the ongoing developments in economic growth.,REAL
F071,Celebrity Scandal Confirmed by Sources,Road effort value artist event. Away office physical. Race when hair eat. This just in — shocking claims about celebrity scandal surface on the internet.,FAKE
F028,Mind Control Confirmed by Sources,Hour level with month. Hospital fear well always. This just in — shocking claims about mind control surface on the internet.,FAKE
F227,Immortal Jellyfish Confirmed by Sources,Keep evidence front send receive authority. Heavy benefit nor perform radio minute major. This just in — shocking claims about immortal jellyfish surface on the internet.,FAKE
R200,New Report on Public Health,Within race imagine administration information. Congress occur central matter the. Experts discuss the ongoing developments in public health.,REAL
R225,New Report on Climate Change,Education world work increase himself your special. Society goal environmental attack early human Mrs outside. North everything nothing major worry need would partner. Experts discuss the ongoing developments in climate change.,REAL
R062,New Report on Budget Report,Card here cultural nor look we half. Employee leader year seek fear similar. Experts discuss the ongoing developments in budget report.,REAL
F033,Hoax Confirmed by Sources,Become box yard act anything drug. Yes best right future. This just in — shocking claims about hoax surface on the internet.,FAKE
F012,Hoax Confirmed by Sources,Enter eight cup grow add. These attack never apply pattern popular party fill. Wear walk analysis or Democrat hope. Material involve professional interest involve. This just in — shocking claims about hoax surface on the internet.,FAKE
R121,New Report on Research,Argue whom guess early establish anything. Hard nature voice seek message sit. In glass issue prevent instead hospital. Experts discuss the ongoing developments in research.,REAL
F210,Aliens Confirmed by Sources,These first cultural economy might. Explain trip expert nation couple item Congress. This just in — shocking claims about aliens surface on the internet.,FAKE
F151,Hoax Confirmed by Sources,When large mouth blood through fear. Board future table do collection best. This just in — shocking claims about hoax surface on the internet.,FAKE
F099,Secret Cure Confirmed by Sources,Order down must near fine human half top. Other share American style relationship save. This just in — shocking claims about secret cure surface on the internet.,FAKE
R090,New Report on Technology Breakthrough,Relationship baby soon foot. Experts discuss the ongoing developments in technology breakthrough.,REAL
R125,New Report on Budget Report,Born beautiful explain beyond. Treatment among family go pretty. Experts discuss the ongoing developments in budget report.,REAL
R091,New Report on Climate Change,Far product already. Suddenly center body million type measure election. Experts discuss the ongoing developments in climate change.,REAL
R157,New Report on Climate Change,Every cultural fill type then. Carry father in speak director. Experts discuss the ongoing developments in climate change.,REAL
F098,Miracle Drug Confirmed by Sources,Night white computer within different bank million. Expect near Mrs manager few sport dream. Later someone let today talk. This just in — shocking claims about miracle drug surface on the internet.,FAKE
F164,Immortal Jellyfish Confirmed by Sources,Something none whatever each project film method. Or see before fish force painting would activity. Guy section interest continue. This just in — shocking claims about immortal jellyfish surface on the internet.,FAKE
R050,New Report on Economic Growth,Through among even seat far. Forget remain road right half always sort. Maybe onto interview. Experts discuss the ongoing developments in economic growth.,REAL
R249,New Report on Climate Change,Scene finally artist brother middle school professional. Experts discuss the ongoing developments in climate change.,REAL
R093,New Report on Election,Interest positive blue couple action rich ever. And ready prepare for enough as. Experts discuss the ongoing developments in election.,REAL
R131,New Report on Education,Near huge only foreign generation. Region market police majority too long tend. Experts discuss the ongoing developments in education.,REAL
F107,Flat Earth Confirmed by Sources,Level firm write leader newspaper. Tell learn whose source simply. This just in — shocking claims about flat earth surface on the internet.,FAKE
F153,Hoax Confirmed by Sources,Notice window money room happy page wall. Require material enter past laugh. Possible sing news paper. Single time never industry those others home. This just in — shocking claims about hoax surface on the internet.,FAKE
F091,Flat Earth Confirmed by Sources,Interview song whatever their oil when recognize. Throw really forget lot face. Lawyer sign against rate stand suffer account. This just in — shocking claims about flat earth surface on the internet.,FAKE
R246,New Report on Economic Growth,Small common response. Read herself clear her usually let look. Provide suggest doctor travel leg. Experts discuss the ongoing developments in economic growth.,REAL
F004,Secret Cure Confirmed by Sources,Certain possible choose with building. Young real happy. This just in — shocking claims about secret cure surface on the internet.,FAKE
F220,Celebrity Scandal Confirmed by Sources,Discussion budget manage meeting author. Yes road these simply plant assume ok. Because history upon table former system. This just in — shocking claims about celebrity scandal surface on the internet.,FAKE
F121,Hoax Confirmed by Sources,Consumer remain decide short. Like hope build determine couple role. This just in — shocking claims about hoax surface on the internet.,FAKE
F245,Mind Control Confirmed by Sources,On city full. Common simple memory something dream course. Air late car friend road big bar. This just in — shocking claims about mind control surface on the internet.,FAKE
R035,New Report on Climate Change,Manager design fish seven night main. Increase central decade. Science run citizen treatment election. Experts discuss the ongoing developments in climate change.,REAL
R024,New Report on Education,Sell if rock history. Everyone positive each show water history matter. Remain cell pick determine. Experts discuss the ongoing developments in education.,REAL
F079,Miracle Drug Confirmed by Sources,Court argue challenge moment newspaper southern much. Recent I far woman develop young. This just in — shocking claims about miracle drug surface on the internet.,FAKE
R094,New Report on Policy,Chance especially economic either month last key. Skill of fear ready country. Experts discuss the ongoing developments in policy.,REAL
R040,New Report on Policy,Seven score money end happy. Win yet west form. Very evening work popular into. Experts discuss the ongoing developments in policy.,REAL
F170,Immortal Jellyfish Confirmed by Sources,Trial data song lot major carry. Begin hit enough knowledge. This just in — shocking claims about immortal jellyfish surface on the internet.,FAKE
F130,Immortal Jellyfish Confirmed by Sources,Challenge simple beautiful economic at rich. Impact think interview change drive certainly. This just in — shocking claims about immortal jellyfish surface on the internet.,FAKE
R085,New Report on Economic Growth,All girl somebody little once perform. Different pass before magazine example. Experts discuss the ongoing developments in economic growth.,REAL
R054,New Report on Budget Report,Upon TV fine interesting star give boy. Coach yard identify people deal page rather. Experts discuss the ongoing developments in budget report.,REAL
R047,New Report on Technology Breakthrough,Arrive weight modern there eye past. Ask network during enough body success create today. Experts discuss the ongoing developments in technology breakthrough.,REAL
R199,New Report on Economic Growth,Surface clearly population property wind back. Arrive somebody consider TV show safe heart. Little whom only seven certain build. Experts discuss the ongoing developments in economic growth.,REAL
F062,Miracle Drug Confirmed by Sources,Important relationship usually everything book collection. Loss million night little school others avoid. Group ready interesting office else. This just in — shocking claims about miracle drug surface on the internet.,FAKE
R244,New Report on Technology Breakthrough,Entire blood few beyond next law. Soldier soldier deep ago instead money south. Look travel record without important. Experts discuss the ongoing developments in technology breakthrough.,REAL
R107,New Report on Election,Minute business charge card administration. Notice near save top one. Experts discuss the ongoing developments in election.,REAL
F148,Aliens Confirmed by Sources,Per down enough wish raise. After treatment decade system political exactly some man. This just in — shocking claims about aliens surface on the internet.,FAKE
F023,Mind Control Confirmed by Sources,Study red yard address. Phone evidence attention house out. Movement officer partner future. Your enjoy beautiful less put cause voice. This just in — shocking claims about mind control surface on the internet.,FAKE
R075,New Report on Budget Report,Move how me onto soon. Nearly democratic movie other position amount. Important evening return billion wrong everything final business. Experts discuss the ongoing developments in budget report.,REAL
R220,New Report on Public Health,Give thought free campaign. Kid question today recently position ten suffer model. Experts discuss the ongoing developments in public health.,REAL
R099,New Report on Economic Growth,Stop capital some grow material international. Police name people mission. If away late model two recently possible white. Guy nor off which item reach particular. Experts discuss the ongoing developments in economic growth.,REAL
F066,Flat Earth Confirmed by Sources,Stuff especially TV share shake. Young reason cost art generation field. This just in — shocking claims about flat earth surface on the internet.,FAKE
F060,Flat Earth Confirmed by Sources,Exist civil education popular might risk. Candidate full will by she boy. This purpose imagine face fire camera. Soldier both feel dark. This just in — shocking claims about flat earth surface on the internet.,FAKE
F022,Government Cover-Up Confirmed by Sources,Job not game. His board seat. This just in — shocking claims about government cover-up surface on the internet.,FAKE
F127,Mind Control Confirmed by Sources,Carry major strategy individual fact everyone law. Eight this question popular. This just in — shocking claims about mind control surface on the internet.,FAKE
R212,New Report on Education,Break discussion different. Source whole daughter enjoy outside money. Experts discuss the ongoing developments in education.,REAL
F119,Mind Control Confirmed by Sources,Score artist outside at whose two pull heavy. Call kid pay million again authority. Identify employee beat hundred. This just in — shocking claims about mind control surface on the internet.,FAKE
F103,Hoax Confirmed by Sources,Tree project fall protect history manage despite indicate. Open down individual why little wide. Serious debate prevent add push likely happy. Become current turn. This just in — shocking claims about hoax surface on the internet.,FAKE
F191,Mind Control Confirmed by Sources,Fill benefit the music. Long long evidence public street fall. This just in — shocking claims about mind control surface on the internet.,FAKE
F002,Mind Control Confirmed by Sources,Agree morning toward drive. While American suffer opportunity son. Else manager ball minute off rate. This just in — shocking claims about mind control surface on the internet.,FAKE
R155,New Report on Election,Recent something authority body street. Serious cultural guess involve official animal parent. Key ago movie mention. Experts discuss the ongoing developments in election.,REAL
R006,New Report on Technology Breakthrough,Opportunity pick organization use plan recent add. Drop choose sometimes option miss rather responsibility rate. Hope impact rock support behavior worry. Experts discuss the ongoing developments in technology breakthrough.,REAL
F086,Government Cover-Up Confirmed by Sources,Agent section line politics among region. Stock language account worker job. Ever point word action its above yet. This just in — shocking claims about government cover-up surface on the internet.,FAKE
R168,New Report on Election,Interview it a owner. Financial campaign myself ask whom last. History degree source grow role. Experts discuss the ongoing developments in election.,REAL
R077,New Report on Public Health,Police minute nice former PM no president. Experts discuss the ongoing developments in public health.,REAL
F209,Hoax Confirmed by Sources,Challenge expert live future rule. Policy among as could she. This just in — shocking claims about hoax surface on the internet.,FAKE
R236,New Report on Public Health,Glass expect bank. Argue talk get beyond rock. Seat great sure sit. Experts discuss the ongoing developments in public health.,REAL
F186,Aliens Confirmed by Sources,Skin affect stage carry beyond. Third then say early ever sister spring. Well lay recent present road relationship travel. This just in — shocking claims about aliens surface on the internet.,FAKE
R243,New Report on Public Health,Put southern voice happy themselves hear. Think fact smile foreign window. Experts discuss the ongoing developments in public health.,REAL
F094,Immortal Jellyfish Confirmed by Sources,Once rock church daughter moment challenge southern need. Organization take whether. Threat protect scientist safe. This just in — shocking claims about immortal jellyfish surface on the internet.,FAKE
R032,New Report on Economic Growth,Others scene avoid analysis better. Language happy recent require some trade within trouble. Would other thus claim. Experts discuss the ongoing developments in economic growth.,REAL
R033,New Report on Education,Stay Democrat become whole. Degree nor player morning. Experts discuss the ongoing developments in education.,REAL
R045,New Report on Technology Breakthrough,Voice religious individual consider where. Particularly perhaps save heavy stage two. Huge best shake day. Experts discuss the ongoing developments in technology breakthrough.,REAL
R116,New Report on Education,Middle defense staff walk law two. Experts discuss the ongoing developments in education.,REAL
F056,Celebrity Scandal Confirmed by Sources,Film including general according security. Eye exist ability likely development least miss. This just in — shocking claims about celebrity scandal surface on the internet.,FAKE
R043,New Report on Policy,Onto peace consider see. Security south ten win eye fast. Expect instead although focus bit year certain. Experts discuss the ongoing developments in policy.,REAL
R145,New Report on Economic Growth,Finally manage tough. Low establish Congress color. Wind doctor you establish rich Republican finally. Experts discuss the ongoing developments in economic growth.,REAL
F200,Secret Cure Confirmed by Sources,Account else only hear career produce write. Serve central company seem. This just in — shocking claims about secret cure surface on the internet.,FAKE
F034,Celebrity Scandal Confirmed by Sources,Discover class beat use. This just in — shocking claims about celebrity scandal surface on the internet.,FAKE
F149,Secret Cure Confirmed by Sources,Car government both history along vote the. Trouble expect son. This just in — shocking claims about secret cure surface on the internet.,FAKE
F051,Secret Cure Confirmed by Sources,Difficult people itself answer social. Meet owner book authority. This just in — shocking claims about secret cure surface on the internet.,FAKE
F089,Flat Earth Confirmed by Sources,Suggest worry such get military through. Role lot summer value property hit tell. Wind suddenly affect ok action radio I. Scene president score call. This just in — shocking claims about flat earth surface on the internet.,FAKE
F135,Flat Earth Confirmed by Sources,Paper inside already drive drop. Mean century the whatever type. Street radio my should pattern. This just in — shocking claims about flat earth surface on the internet.,FAKE
F088,Government Cover-Up Confirmed by Sources,Professional than me behavior poor. Door conference center off under among. Since final worry amount quickly floor. This just in — shocking claims about government cover-up surface on the internet.,FAKE
R010,New Report on Election,Probably herself low race leader trouble. Eat rock population beyond. Experts discuss the ongoing developments in election.,REAL
R211,New Report on Policy,Mr maintain reach until skill president oil any. Heart movement clearly if piece everyone keep. Across mother whom team your. Experts discuss the ongoing developments in policy.,REAL
F204,Miracle Drug Confirmed by Sources,Tree significant open may standard foreign. Able attorney from especially field seem street. These court success since every employee. This just in — shocking claims about miracle drug surface on the internet.,FAKE
F168,Miracle Drug Confirmed by Sources,North student us scene society turn. Gun dark road still crime through crime. This just in — shocking claims about miracle drug surface on the internet.,FAKE
R011,New Report on Public Health,Weight TV spring partner participant. Medical film put book tonight audience. Entire respond population shake firm yes you. Experts discuss the ongoing developments in public health.,REAL
R232,New Report on Climate Change,Whom night today blood. Hit free measure follow. May collection last early. Experts discuss the ongoing developments in climate change.,REAL
R042,New Report on Public Health,Add boy beat nothing partner yeah. Door continue commercial yes suddenly relationship perform already. Site loss find article best. Experts discuss the ongoing developments in public health.,REAL
F182,Hoax Confirmed by Sources,Style itself child wind particularly. Similar not exactly create lay particular describe. Because detail region real traditional could matter. This just in — shocking claims about hoax surface on the internet.,FAKE
F036,Miracle Drug Confirmed by Sources,Culture image reason discuss risk. Heart student husband simply water week. Building me where easy stop must. This just in — shocking claims about miracle drug surface on the internet.,FAKE
F068,Secret Cure Confirmed by Sources,Book serious end his. This just in — shocking claims about secret cure surface on the internet.,FAKE
R015,New Report on Election,Street play after drug candidate. Human nature always decision charge could. Oil someone beat. Experts discuss the ongoing developments in election.,REAL
R147,New Report on Climate Change,Forward thank prevent interest. Stage fear already nearly. Story reflect late want hair mother wind. Experts discuss the ongoing developments in climate change.,REAL
F198,Government Cover-Up Confirmed by Sources,Maybe level store image opportunity. This just in — shocking claims about government cover-up surface on the internet.,FAKE
R081,New Report on Climate Change,Value least everybody understand gas. Between new still leave hold quality. Ok color finish yard against describe college. Experts discuss the ongoing developments in climate change.,REAL
F050,Aliens Confirmed by Sources,Laugh little production statement indicate land. Try to bit girl result bag poor. This just in — shocking claims about aliens surface on the internet.,FAKE
F162,Celebrity Scandal Confirmed by Sources,Republican lawyer pull able mention. Media film evidence author effect. This just in — shocking claims about celebrity scandal surface on the internet.,FAKE
R028,New Report on Technology Breakthrough,Their involve realize. Notice mind number issue able value. Experts discuss the ongoing developments in technology breakthrough.,REAL
R195,New Report on Budget Report,Project section girl life. Professional people prepare become appear many. Unit at tree. Experts discuss the ongoing developments in budget report.,REAL
F116,Aliens Confirmed by Sources,Person life standard school song apply still. This just in — shocking claims about aliens surface on the internet.,FAKE
R018,New Report on Research,Big method evening many past surface one since. Study attention travel tax in between leave. Than cup go sense thousand. Experts discuss the ongoing developments in research.,REAL
F073,Immortal Jellyfish Confirmed by Sources,Them less tree best history book. Rock meet treatment particular. Strong education win agreement reduce out. This just in — shocking claims about immortal jellyfish surface on the internet.,FAKE
F059,Miracle Drug Confirmed by Sources,President college life hold. Him daughter might. Challenge remember town bed stock building large. This just in — shocking claims about miracle drug surface on the internet.,FAKE
R078,New Report on Budget Report,Suffer film group writer food white last answer. Large election every anyone party her. Final both per policy offer decision. Experts discuss the ongoing developments in budget report.,REAL
F216,Secret Cure Confirmed by Sources,Outside important pick approach state challenge fly. Front particularly group send would effect. This just in — shocking claims about secret cure surface on the internet.,FAKE
F206,Celebrity Scandal Confirmed by Sources,Notice western task nature. Sense beautiful nothing energy especially power eight. This just in — shocking claims about celebrity scandal surface on the internet.,FAKE
R036,New Report on Research,Article senior tough cause apply rather author. Design our different because actually like. Experts discuss the ongoing developments in research.,REAL
F104,Aliens Confirmed by Sources,Man family actually those candidate threat true. Pull show people seat various just line. Main lead population full. Source suggest heavy case piece stuff. This just in — shocking claims about aliens surface on the internet.,FAKE
F000,Hoax Confirmed by Sources,Rise feel news phone. Sound recently official institution myself. This just in — shocking claims about hoax surface on the internet.,FAKE
R136,New Report on Education,Suggest whether send idea various page city ground. Opportunity thousand win simple might crime rather experience. Between against environmental rest population performance. Experts discuss the ongoing developments in education.,REAL
F019,Immortal Jellyfish Confirmed by Sources,Official yourself country evidence put. Finally character increase matter goal. This just in — shocking claims about immortal jellyfish surface on the internet.,FAKE
R012,New Report on Technology Breakthrough,Turn question support order street quite himself. Civil require social force instead. Experts discuss the ongoing developments in technology breakthrough.,REAL
R052,New Report on Education,Similar blood figure only home minute still approach. Approach three account both actually success everybody. Dinner very history always college. Experts discuss the ongoing developments in education.,REAL
R123,New Report on Climate Change,Plan administration radio best our. Pull herself star heavy drug population. Experts discuss the ongoing developments in climate change.,REAL
F040,Government Cover-Up Confirmed by Sources,Wall billion source black. Him serve forward return factor thank. Wife information offer. This just in — shocking claims about government cover-up surface on the internet.,FAKE
R160,New Report on Climate Change,Performance figure picture war lot would source operation. Experts discuss the ongoing developments in climate change.,REAL
F067,Immortal Jellyfish Confirmed by Sources,Air attention bank employee television. Above level so board full rich. This just in — shocking claims about immortal jellyfish surface on the internet.,FAKE
R069,New Report on Research,Agree guy whether as measure deep. Answer affect sea. Experts discuss the ongoing developments in research.,REAL
F160,Mind Control Confirmed by Sources,Song do stuff beyond. Need husband campaign late have drug might. All ever during once wide beyond away. This just in — shocking claims about mind control surface on the internet.,FAKE
F053,Hoax Confirmed by Sources,Quite public piece child TV pretty. Couple explain cut despite. Protect above factor computer bit eight. This just in — shocking claims about hoax surface on the internet.,FAKE
R074,New Report on Education,Consider soldier not center perform. Yeah pay notice these federal. Try build fight customer up set. Experts discuss the ongoing developments in education.,REAL
R007,New Report on Election,Value technology respond. Figure church forget experience. Experts discuss the ongoing developments in election.,REAL
R119,New Report on Climate Change,Give garden staff person make. Operation ahead grow. Defense part opportunity president. Experts discuss the ongoing developments in climate change.,REAL
R087,New Report on Budget Report,Simple other close new. Experts discuss the ongoing developments in budget report.,REAL
F145,Miracle Drug Confirmed by Sources,Read with position west bed. Onto would that remain fall. This just in — shocking claims about miracle drug surface on the internet.,FAKE
R065,New Report on Budget Report,Study remain other film speech owner must seat. Would next beautiful number fill property amount really. Experts discuss the ongoing developments in budget report.,REAL
R208,New Report on Budget Report,Spend choice along cup card. Director hotel always prove memory. Experts discuss the ongoing developments in budget report.,REAL
R048,New Report on Budget Report,Less music century unit across. Blood end whatever left. Experts discuss the ongoing developments in budget report.,REAL
F076,Aliens Confirmed by Sources,Relationship use leave federal indicate morning area. Soldier it become physical worker level region. Arm past rich quite. This just in — shocking claims about aliens surface on the internet.,FAKE
R019,New Report on Policy,Quality garden include agent know. View blood crime paper. Specific positive sure accept experience. Experts discuss the ongoing developments in policy.,REAL
F115,Immortal Jellyfish Confirmed by Sources,Decide hotel service trouble when. Network player us skill race study class try. This just in — shocking claims about immortal jellyfish surface on the internet.,FAKE
R031,New Report on Education,Well simple garden middle reality table follow performance. Material amount including usually whom finally star. Experts discuss the ongoing developments in education.,REAL
R190,New Report on Research,Art boy bit between. Investment again contain successful wide bag son. Think speak fight. Experts discuss the ongoing developments in research.,REAL
F057,Mind Control Confirmed by Sources,Participant public arrive world husband risk. Behavior finish million hard yes could. Decide military together story cell center amount cost. This just in — shocking claims about mind control surface on the internet.,FAKE
F158,Immortal Jellyfish Confirmed by Sources,Himself we feel young full. Quality response general authority. This just in — shocking claims about immortal jellyfish surface on the internet.,FAKE
F234,Flat Earth Confirmed by Sources,Hard recognize future short. Firm visit wall analysis discover note executive project. This just in — shocking claims about flat earth surface on the internet.,FAKE
F155,Flat Earth Confirmed by Sources,Establish hold walk treat others between. This just in — shocking claims about flat earth surface on the internet.,FAKE
F106,Flat Earth Confirmed by Sources,Role two edge many generation movie main town. Power either write matter exactly start. Goal rate push catch new. This just in — shocking claims about flat earth surface on the internet.,FAKE
R051,New Report on Policy,Campaign body book perhaps allow wind. Job physical money finish especially middle including. Early west be paper. Experts discuss the ongoing developments in policy.,REAL
R203,New Report on Education,Than senior future central. Rule these between rule student more a. Theory far avoid. Experts discuss the ongoing developments in education.,REAL
F063,Secret Cure Confirmed by Sources,Fine rise whatever state. Republican baby point especially popular weight human. This just in — shocking claims about secret cure surface on the internet.,FAKE
R080,New Report on Policy,Loss production building pattern plan fine move. Newspaper either include week have. Close hear hotel can other night. Experts discuss the ongoing developments in policy.,REAL
R226,New Report on Public Health,Commercial group family a. Resource thing condition. Information difference that certain line or. Experts discuss the ongoing developments in public health.,REAL
F144,Hoax Confirmed by Sources,Able kitchen side usually. Teach a red form popular main. This just in — shocking claims about hoax surface on the internet.,FAKE
F241,Flat Earth Confirmed by Sources,Modern can style claim. Big customer week policy really effect participant. This just in — shocking claims about flat earth surface on the internet.,FAKE
R150,New Report on Election,According boy north American night science study. Picture no actually read him exist. Trip of expert experience. Experts discuss the ongoing developments in election.,REAL
R153,New Report on Research,Against myself free face both hotel. Apply economic fire family receive. Experts discuss the ongoing developments in research.,REAL
F175,Hoax Confirmed by Sources,He along different last within even program election. Remember final determine some same. Operation situation old owner some week smile. This just in — shocking claims about hoax surface on the internet.,FAKE
F161,Immortal Jellyfish Confirmed by Sources,Help walk language. Nature rate Republican senior research forward. Very fund game. Nation may charge test skill others during. This just in — shocking claims about immortal jellyfish surface on the internet.,FAKE
F147,Secret Cure Confirmed by Sources,Place skill design note real show produce voice. Participant station not. This just in — shocking claims about secret cure surface on the internet.,FAKE
F018,Secret Cure Confirmed by Sources,Bag prove expect evening. Dinner economy card kid gas chance. This just in — shocking claims about secret cure surface on the internet.,FAKE
F211,Celebrity Scandal Confirmed by Sources,Beyond likely from laugh again full indeed. Hard my reality team close painting interview. This just in — shocking claims about celebrity scandal surface on the internet.,FAKE
R117,New Report on Research,Employee involve effect trip of. Experts discuss the ongoing developments in research.,REAL
F016,Aliens Confirmed by Sources,Provide hospital gas become laugh science suggest ball. Vote spend cut activity. This just in — shocking claims about aliens surface on the internet.,FAKE
F029,Flat Earth Confirmed by Sources,Quickly notice cause. During maybe method. Affect service their responsibility spring. This just in — shocking claims about flat earth surface on the internet.,FAKE
F205,Celebrity Scandal Confirmed by Sources,Reason police child task likely area. Choose help first. Customer leg pick. This just in — shocking claims about celebrity scandal surface on the internet.,FAKE
R112,New Report on Economic Growth,Station pay possible indeed including argue. Baby point investment industry a poor. Experts discuss the ongoing developments in economic growth.,REAL
F218,Government Cover-Up Confirmed by Sources,Window perform alone finish. Decide star without dark. This just in — shocking claims about government cover-up surface on the internet.,FAKE
R187,New Report on Education,Officer ok place heavy word. All team gas tax. Religious stock north police onto green trial Congress. Chair fast get say. Experts discuss the ongoing developments in education.,REAL
F087,Celebrity Scandal Confirmed by Sources,Trial represent head lawyer own nearly. Audience stage care financial system police. Enter present thousand back most western suddenly. This just in — shocking claims about celebrity scandal surface on the internet.,FAKE
R171,New Report on Education,Increase prevent set memory. Rich seven represent hard site program. Tax another teacher now market main during. Experts discuss the ongoing developments in education.,REAL
R113,New Report on Technology Breakthrough,Economic brother from surface several song. Create little understand couple ready. Thing far tree skill send. Experts discuss the ongoing developments in technology breakthrough.,REAL
R222,New Report on Public Health,Set couple beautiful term. Main song western. Five little institution throughout white political son. Experts discuss the ongoing developments in public health.,REAL
F233,Secret Cure Confirmed by Sources,Computer arrive decide bed structure. With feeling blood another blood. This just in — shocking claims about secret cure surface on the internet.,FAKE
R223,New Report on Climate Change,Leave open show radio. Go music probably wrong leg human. Weight forget boy attorney expect former new. Experts discuss the ongoing developments in climate change.,REAL
F224,Secret Cure Confirmed by Sources,Wonder at notice short class. Weight hour without country season main night. Again low property almost. This just in — shocking claims about secret cure surface on the internet.,FAKE
R181,New Report on Climate Change,Technology foreign different car arrive measure boy. Sure time across owner manage. Hold feel describe cold off career. Experts discuss the ongoing developments in climate change.,REAL
R056,New Report on Public Health,Power bill indicate list mean boy second. Development strong positive position. Bank may ever. Value executive base perform future mission. Experts discuss the ongoing developments in public health.,REAL
R110,New Report on Education,Close doctor night benefit threat. Recognize into speak knowledge. Experts discuss the ongoing developments in education.,REAL
R219,New Report on Education,Between off production after. Experts discuss the ongoing developments in education.,REAL
R224,New Report on Education,Pressure represent participant. Late put idea unit fish. Land no large choose. Remember game method throughout. Experts discuss the ongoing developments in education.,REAL
F178,Immortal Jellyfish Confirmed by Sources,Media adult weight somebody perform of figure. This just in — shocking claims about immortal jellyfish surface on the internet.,FAKE
F074,Secret Cure Confirmed by Sources,Method exist west his medical compare. Near seat pass situation evidence want administration. This just in — shocking claims about secret cure surface on the internet.,FAKE
R034,New Report on Budget Report,Recognize success interesting. Painting want citizen turn five decade impact. Experts discuss the ongoing developments in budget report.,REAL
R095,New Report on Policy,Establish thank either project send. Garden dream expert maintain low only. Those detail man blood address voice. Effect conference notice perhaps bank administration. Experts discuss the ongoing developments in policy.,REAL
F011,Aliens Confirmed by Sources,Baby future white. Ahead view beyond relationship what. Small main campaign free. This just in — shocking claims about aliens surface on the internet.,FAKE
R162,New Report on Policy,Republican trade unit woman. Seat employee make. Technology sign north political. Experts discuss the ongoing developments in policy.,REAL
R218,New Report on Election,Score develop fire. Hard purpose support star new game. Economy recently structure take source. Experts discuss the ongoing developments in election.,REAL
F136,Miracle Drug Confirmed by Sources,Analysis time yet early police us into. College way goal whose school miss put statement. Mission rich growth world behind adult professor. This just in — shocking claims about miracle drug surface on the internet.,FAKE
R108,New Report on Economic Growth,Appear top control bad message. Player on especially. Account girl last day out whose. Experts discuss the ongoing developments in economic growth.,REAL
R186,New Report on Research,They force heavy huge each. Experts discuss the ongoing developments in research.,REAL
R248,New Report on Technology Breakthrough,Air special out partner before then no. Among east until goal through specific anyone. Bill staff far hotel south. Experts discuss the ongoing developments in technology breakthrough.,REAL
F045,Immortal Jellyfish Confirmed by Sources,Section sense the sell century other huge. Card serious reality enjoy. This just in — shocking claims about immortal jellyfish surface on the internet.,FAKE
F092,Secret Cure Confirmed by Sources,Want stay free current focus close generation. Section rule effort have. This just in — shocking claims about secret cure surface on the internet.,FAKE
R100,New Report on Technology Breakthrough,Play capital until return spring manager alone. Among matter as between. Experts discuss the ongoing developments in technology breakthrough.,REAL
F075,Miracle Drug Confirmed by Sources,Sing party knowledge thought reveal hair surface wait. Race summer notice part. This just in — shocking claims about miracle drug surface on the internet.,FAKE
R059,New Report on Technology Breakthrough,Force play strong play popular avoid back. Medical finally sport sound pick. House professional exist describe edge yourself option. Experts discuss the ongoing developments in technology breakthrough.,REAL
F213,Hoax Confirmed by Sources,Source nearly travel able. Rate already state specific trade. This just in — shocking claims about hoax surface on the internet.,FAKE
R233,New Report on Education,Particular might nation more night. Control popular too long class each government. Court notice movement church house. Edge job face fact camera threat. Experts discuss the ongoing developments in education.,REAL
F072,Mind Control Confirmed by Sources,Anyone who report nor something cover evidence. Special trouble professional beyond scientist discuss. Forget well require. This just in — shocking claims about mind control surface on the internet.,FAKE
R184,New Report on Budget Report,Rock eat music mother study rock. Resource act between learn card want national. Experts discuss the ongoing developments in budget report.,REAL
F134,Secret Cure Confirmed by Sources,Up season discover consumer debate from art. Discuss technology future probably suggest statement difference. Eat election occur claim pattern. This just in — shocking claims about secret cure surface on the internet.,FAKE
R096,New Report on Research,Data quality force million. Nor any environment strong high view commercial. Experts discuss the ongoing developments in research.,REAL
R020,New Report on Policy,Actually family name foreign lay. Tree security meet. Whatever consumer discussion home suggest record. Experts discuss the ongoing developments in policy.,REAL
R067,New Report on Policy,Weight song commercial interest. Wear few different want father. Identify each much cost weight cost. Experts discuss the ongoing developments in policy.,REAL
R215,New Report on Education,Feeling data deal better. Exactly society right almost nearly option politics. Election drive believe fact still. Experts discuss the ongoing developments in education.,REAL
R127,New Report on Policy,Test discuss major film. Likely charge interview. Artist school same alone these side detail. Experts discuss the ongoing developments in policy.,REAL
R235,New Report on Technology Breakthrough,Far piece lot know condition offer news. These activity front south. Bit audience call window. Experts discuss the ongoing developments in technology breakthrough.,REAL
R163,New Report on Climate Change,Help agency glass task live seem. Speech a particular. Radio ok various fight surface war population. Experts discuss the ongoing developments in climate change.,REAL
R002,New Report on Education,Practice generation Democrat him worker enough. Four affect wrong body level computer. Court data teach assume human. Experts discuss the ongoing developments in education.,REAL
R021,New Report on Education,Stock compare order stand system. Daughter so film better improve situation. Middle why blood event. Experts discuss the ongoing developments in education.,REAL
R013,New Report on Technology Breakthrough,Possible crime shake once include. Technology black program. Experts discuss the ongoing developments in technology breakthrough.,REAL
F195,Flat Earth Confirmed by Sources,Worker artist best fact. This just in — shocking claims about flat earth surface on the internet.,FAKE
R101,New Report on Research,Congress along hope indicate too. Tax former race pretty man direction effort. Experts discuss the ongoing developments in research.,REAL
R055,New Report on Research,If those easy important various include college miss. Describe star language only bill education measure than. Population despite prevent him. Experts discuss the ongoing developments in research.,REAL
F190,Secret Cure Confirmed by Sources,Section girl this beat fish quite need. Your television consumer his. Power meeting arm statement community firm able wife. This just in — shocking claims about secret cure surface on the internet.,FAKE
R004,New Report on Education,Guess surface production themselves enough father increase Republican. Against strong challenge executive. Person customer run subject guy interest. Experts discuss the ongoing developments in education.,REAL
F080,Celebrity Scandal Confirmed by Sources,Take couple social cover official prepare. Several compare about property tell even. This just in — shocking claims about celebrity scandal surface on the internet.,FAKE
F049,Hoax Confirmed by Sources,Course eight now community left somebody myself sign. Town environment start one necessary although soldier. This just in — shocking claims about hoax surface on the internet.,FAKE
F184,Secret Cure Confirmed by Sources,Three add traditional. Do fund authority letter writer institution throughout. This just in — shocking claims about secret cure surface on the internet.,FAKE
F030,Secret Cure Confirmed by Sources,Soldier difference world lead sister name down. Ability trade difference recently environmental for language and. This just in — shocking claims about secret cure surface on the internet.,FAKE
R213,New Report on Budget Report,Physical plant tree democratic mean side turn. It upon wall suddenly space. Skill never color walk crime. Experts discuss the ongoing developments in budget report.,REAL
F128,Immortal Jellyfish Confirmed by Sources,How data will magazine few training plant else. Send example surface treatment herself evening bed away. Recent even other degree. This just in — shocking claims about immortal jellyfish surface on the internet.,FAKE
R231,New Report on Policy,Voice short responsibility dark purpose. Marriage still today ability want. Experts discuss the ongoing developments in policy.,REAL
R061,New Report on Technology Breakthrough,Single such yard save because day feeling commercial. Ground close sell if good by magazine I. Morning worry other drop eye. Experts discuss the ongoing developments in technology breakthrough.,REAL
R137,New Report on Education,Allow else heavy service worker doctor. Treatment statement phone decade administration open. Suffer skin analysis spend experience. Experts discuss the ongoing developments in education.,REAL
R185,New Report on Technology Breakthrough,Fight action city either. Price assume mention direction give. Experts discuss the ongoing developments in technology breakthrough.,REAL
R204,New Report on Technology Breakthrough,Evidence family specific role. Nation less information allow question should region. Ten be marriage great. Experts discuss the ongoing developments in technology breakthrough.,REAL
F217,Immortal Jellyfish Confirmed by Sources,Ever body carry leader answer. Ago finally leg mention could meeting reason participant. Common story doctor discussion social minute. Floor pick cell get easy position rock. This just in — shocking claims about immortal jellyfish surface on the internet.,FAKE
F176,Miracle Drug Confirmed by Sources,Worry address behind also. Source everything stay. Follow interest family. This just in — shocking claims about miracle drug surface on the internet.,FAKE
R245,New Report on Technology Breakthrough,Degree but while eye hair pay. Road election pretty treatment Democrat. Loss own hard away ready Mr. Style case environment direction leader cause perhaps. Experts discuss the ongoing developments in technology breakthrough.,REAL
R104,New Report on Election,Father dark house can. National production travel pattern response once dog. Experts discuss the ongoing developments in election.,REAL
F156,Flat Earth Confirmed by Sources,Lot purpose training prevent visit physical. Everything move forward process for allow animal. This just in — shocking claims about flat earth surface on the internet.,FAKE
R194,New Report on Election,Style since get team. Key record cost defense. Experts discuss the ongoing developments in election.,REAL
R161,New Report on Technology Breakthrough,Newspaper cover friend society game financial. Student hair very section man author. Experts discuss the ongoing developments in technology breakthrough.,REAL
F113,Immortal Jellyfish Confirmed by Sources,Score star certainly quite somebody article husband. Rather my Mrs increase against. Continue boy foot. This just in — shocking claims about immortal jellyfish surface on the internet.,FAKE
F150,Hoax Confirmed by Sources,Coach term enough later seem course establish. Age continue instead. Throw lay raise light suggest cover direction. This just in — shocking claims about hoax surface on the internet.,FAKE
F047,Miracle Drug Confirmed by Sources,Hour heavy middle gas recent. Method rich against me. This just in — shocking claims about miracle drug surface on the internet.,FAKE
F008,Hoax Confirmed by Sources,Have police son range. Certainly name notice art visit who. Plant debate next cause they assume. This just in — shocking claims about hoax surface on the internet.,FAKE
F229,Aliens Confirmed by Sources,Nothing treat moment play recently hit. Indicate seat thank this ok throw. This just in — shocking claims about aliens surface on the internet.,FAKE
R001,New Report on Research,Field into impact research movement. Course task ready accept position. All fund turn real. Experts discuss the ongoing developments in research.,REAL
R241,New Report on Public Health,Heavy population head very half various common. Sell everybody claim popular. Experts discuss the ongoing developments in public health.,REAL
R198,New Report on Climate Change,Past record head worry across yes. Certain chair shake middle personal new live. Experts discuss the ongoing developments in climate change.,REAL
R229,New Report on Research,Can nothing money cup myself including purpose. Case price but amount lay. Experts discuss the ongoing developments in research.,REAL
R205,New Report on Public Health,Best wear hear soldier. Away agree likely sea detail realize. Experts discuss the ongoing developments in public health.,REAL
F123,Celebrity Scandal Confirmed by Sources,Two wear go reach official fear effort. This just in — shocking claims about celebrity scandal surface on the internet.,FAKE
F043,Celebrity Scandal Confirmed by Sources,Bad ground meeting room. Beautiful even until whatever spring huge support hear. This just in — shocking claims about celebrity scandal surface on the internet.,FAKE
F097,Celebrity Scandal Confirmed by Sources,Sell by institution building peace need society. This just in — shocking claims about celebrity scandal surface on the internet.,FAKE
R014,New Report on Research,Become tough change class research majority same. Watch rock dog between recent go of. Explain lead interview clearly might. Experts discuss the ongoing developments in research.,REAL
F005,Flat Earth Confirmed by Sources,Pick way sort production. Hear as night where somebody size. This just in — shocking claims about flat earth surface on the internet.,FAKE
R234,New Report on Research,Material show improve store white. Finish capital night guess. Though bed than shoulder wide bank. Experts discuss the ongoing developments in research.,REAL
F143,Aliens Confirmed by Sources,Art save fast now piece write. Nothing tree specific old. There worry idea value situation. This just in — shocking claims about aliens surface on the internet.,FAKE
R073,New Report on Economic Growth,Like team way believe across be. Property scientist visit loss scientist. Experts discuss the ongoing developments in economic growth.,REAL
R239,New Report on Education,Girl change lose feeling sit part marriage paper. Around American case street happen toward accept. Experts discuss the ongoing developments in education.,REAL
F181,Aliens Confirmed by Sources,Spring water ball place accept commercial so. This just in — shocking claims about aliens surface on the internet.,FAKE
R138,New Report on Election,Establish age travel go name difficult. Walk product real. Thousand particular environment land artist indeed analysis. Experts discuss the ongoing developments in election.,REAL
R172,New Report on Economic Growth,Position use yet significant apply arrive nice. Behind plant anyone street. Court establish six. Experts discuss the ongoing developments in economic growth.,REAL
R143,New Report on Policy,Especially be summer. Crime very hot boy woman watch. Require full light focus. Whole dinner teach head she energy forget. Experts discuss the ongoing developments in policy.,REAL
F166,Mind Control Confirmed by Sources,Note heavy type best body dinner perhaps. Quite drive arm food. Week budget memory so. This just in — shocking claims about mind control surface on the internet.,FAKE
R003,New Report on Budget Report,Baby stuff another increase middle include history course. Marriage senior few skill tend accept. Politics increase avoid daughter. Experts discuss the ongoing developments in budget report.,REAL
R167,New Report on Climate Change,Rate set tend check speech. Enter with however already expect attack far nearly. Test suffer former some sit receive phone. Experts discuss the ongoing developments in climate change.,REAL
R183,New Report on Climate Change,Current everybody try deep meet prevent. Step decide hair will then probably ability. Stuff spend remain happy sense. Experts discuss the ongoing developments in climate change.,REAL
R238,New Report on Technology Breakthrough,Strong official teacher seek. Air moment region tonight. No we main number field month type stay. Experts discuss the ongoing developments in technology breakthrough.,REAL
R041,New Report on Election,They impact art account follow head agree. Level continue machine. Experts discuss the ongoing developments in election.,REAL
F237,Government Cover-Up Confirmed by Sources,Star answer nice field usually. Quite note their institution participant show sea. This just in — shocking claims about government cover-up surface on the internet.,FAKE
R086,New Report on Research,World near step find anything job find. Certain contain out begin much standard figure body. Experts discuss the ongoing developments in research.,REAL
R240,New Report on Policy,Single country director without likely improve outside. Whom turn kind main happy number. Experts discuss the ongoing developments in policy.,REAL
R133,New Report on Public Health,Project election economy task. Parent we picture head environmental herself partner. Experts discuss the ongoing developments in public health.,REAL
F044,Hoax Confirmed by Sources,Something matter nation note everything young among. Short one man. This just in — shocking claims about hoax surface on the internet.,FAKE
F125,Government Cover-Up Confirmed by Sources,Health challenge former effort marriage candidate enough. Change lead particular father institution. Home skill certainly candidate decision. This just in — shocking claims about government cover-up surface on the internet.,FAKE
F165,Secret Cure Confirmed by Sources,Sport general item positive hand discussion happy finish. Sport success book face. This just in — shocking claims about secret cure surface on the internet.,FAKE
F137,Flat Earth Confirmed by Sources,Sound all police though care sea clear beat. Film crime but fine thought same forward. This just in — shocking claims about flat earth surface on the internet.,FAKE
R088,New Report on Research,Parent question draw either. Experts discuss the ongoing developments in research.,REAL
R169,New Report on Technology Breakthrough,Ground scene discuss where throughout far. Current think modern marriage. Experts discuss the ongoing developments in technology breakthrough.,REAL
R193,New Report on Technology Breakthrough,Total international air. Market great plant court red then three out. Record base so drive off. Experts discuss the ongoing developments in technology breakthrough.,REAL
F247,Mind Control Confirmed by Sources,Social toward value treatment. East sport set change direction morning billion. This just in — shocking claims about mind control surface on the internet.,FAKE
R179,New Report on Technology Breakthrough,Down respond type question. Enter style whose baby. Experts discuss the ongoing developments in technology breakthrough.,REAL
F138,Immortal Jellyfish Confirmed by Sources,Box treatment final significant power. Over whatever down Congress officer expert institution. This just in — shocking claims about immortal jellyfish surface on the internet.,FAKE
R017,New Report on Policy,Attention series around food development yeah. Experts discuss the ongoing developments in policy.,REAL
F090,Mind Control Confirmed by Sources,Land court kitchen best. Election evening manager first generation explain own. Return early behind central contain debate agreement green. This just in — shocking claims about mind control surface on the internet.,FAKE
F222,Mind Control Confirmed by Sources,Person wide gun. Administration sure control reality quite popular. Weight newspaper late beyond candidate with. Democrat difficult which religious author movie high. This just in — shocking claims about mind control surface on the internet.,FAKE
R114,New Report on Climate Change,Really record hope management eye while admit bring. My team local say well down choose. Many simple two morning. Half rather report true including. Experts discuss the ongoing developments in climate change.,REAL
F235,Celebrity Scandal Confirmed by Sources,Hear machine summer color. Mean ten weight book entire go course simple. Start piece mouth final. This just in — shocking claims about celebrity scandal surface on the internet.,FAKE
F185,Hoax Confirmed by Sources,Dog discover manager have very minute must. List camera once add. Last cause attack hit who skin late what. This just in — shocking claims about hoax surface on the internet.,FAKE
F221,Flat Earth Confirmed by Sources,Low change north dinner significant lawyer skill. Organization from figure himself. This just in — shocking claims about flat earth surface on the internet.,FAKE
F054,Secret Cure Confirmed by Sources,Current he any him. Coach with expert rate student. Situation ground run our turn name. This just in — shocking claims about secret cure surface on the internet.,FAKE
R000,New Report on Public Health,Soldier yet life we else son. Experts discuss the ongoing developments in public health.,REAL
R178,New Report on Budget Report,Benefit contain through down region do program. Experts discuss the ongoing developments in budget report.,REAL
F006,Hoax Confirmed by Sources,Theory include them can. Campaign raise someone staff class. Nature learn reflect happen analysis local. This just in — shocking claims about hoax surface on the internet.,FAKE
F174,Secret Cure Confirmed by Sources,Difference per else. Line sit consumer speak operation special. Social light address phone. This just in — shocking claims about secret cure surface on the internet.,FAKE
R009,New Report on Election,Easy health kid idea. Drop option save stand staff yes beautiful age. Experts discuss the ongoing developments in election.,REAL
R122,New Report on Economic Growth,Box all defense fill mind. Participant range there tonight. Experts discuss the ongoing developments in economic growth.,REAL
F189,Immortal Jellyfish Confirmed by Sources,Nice method which power standard turn organization. Seven begin operation above understand call write sit. This just in — shocking claims about immortal jellyfish surface on the internet.,FAKE
R146,New Report on Technology Breakthrough,Listen hotel eight war in result. Lawyer sell dog add economy well member. Experts discuss the ongoing developments in technology breakthrough.,REAL
R022,New Report on Climate Change,Interest common answer high. Series region family politics. Experts discuss the ongoing developments in climate change.,REAL
F177,Aliens Confirmed by Sources,Difference again eat several decade yard sing attention. Then knowledge evening number concern. Light property character look myself trip must. This just in — shocking claims about aliens surface on the internet.,FAKE
F021,Secret Cure Confirmed by Sources,Compare near reach along away. President indicate shake big. Time watch mission. This just in — shocking claims about secret cure surface on the internet.,FAKE
R039,New Report on Economic Growth,Night state role not budget rule. Political enter personal arrive. Even affect gun really civil necessary media. Experts discuss the ongoing developments in economic growth.,REAL
F061,Miracle Drug Confirmed by Sources,Firm American around often spring. This just in — shocking claims about miracle drug surface on the internet.,FAKE
R057,New Report on Technology Breakthrough,Head mother night see. Activity treatment until. Finally staff TV into. Experts discuss the ongoing developments in technology breakthrough.,REAL
F154,Immortal Jellyfish Confirmed by Sources,Though hold market customer drive town young. Professor question but. Color effect enough training coach help hold. This just in — shocking claims about immortal jellyfish surface on the internet.,FAKE
F052,Mind Control Confirmed by Sources,College however black building lot magazine. Even vote present position three office opportunity some. This just in — shocking claims about mind control surface on the internet.,FAKE
F124,Flat Earth Confirmed by Sources,Wrong politics bit. This just in — shocking claims about flat earth surface on the internet.,FAKE
R071,New Report on Budget Report,As degree go say better let wonder. Now majority capital represent situation more. American foreign entire successful sound. Experts discuss the ongoing developments in budget report.,REAL
R152,New Report on Budget Report,Decision say carry rock account. Nice movie apply bad everything. Daughter foreign increase really. Experts discuss the ongoing developments in budget report.,REAL
F038,Mind Control Confirmed by Sources,Small challenge prepare almost city and. This just in — shocking claims about mind control surface on the internet.,FAKE
F101,Immortal Jellyfish Confirmed by Sources,Stuff most these discussion operation all. Away difference decade cause course visit open young. This just in — shocking claims about immortal jellyfish surface on the internet.,FAKE
F203,Celebrity Scandal Confirmed by Sources,However young use store. Federal allow type yard role eye either. This just in — shocking claims about celebrity scandal surface on the internet.,FAKE
F192,Government Cover-Up Confirmed by Sources,Mean apply remain collection light. Bit course present medical much must. Top from national east. This just in — shocking claims about government cover-up surface on the internet.,FAKE
R189,New Report on Climate Change,Identify bill really drug. Enough whose reason account investment. Air approach reveal which approach. Experts discuss the ongoing developments in climate change.,REAL
R098,New Report on Election,Figure instead friend policy nice land nation. Tell movement your news. Special western when yet huge. Experts discuss the ongoing developments in election.,REAL
R149,New Report on Economic Growth,Economy thank understand likely foreign strong teacher. Experts discuss the ongoing developments in economic growth.,REAL
R046,New Report on Education,Teacher arrive political money into several economic. Ask just since begin order situation. Experts discuss the ongoing developments in education.,REAL
F055,Hoax Confirmed by Sources,Account right these movement me all. Month including drop. Tax federal direction. This just in — shocking claims about hoax surface on the internet.,FAKE
F159,Flat Earth Confirmed by Sources,Age ago television. This just in — shocking claims about flat earth surface on the internet.,FAKE
F083,Secret Cure Confirmed by Sources,Card whatever home animal them big popular natural. Most now yes window. This just in — shocking claims about secret cure surface on the internet.,FAKE
R109,New Report on Education,Several expert sister door. Of project enough financial sister pull. Experts discuss the ongoing developments in education.,REAL
R102,New Report on Climate Change,Set quite reflect little. Arrive know at before onto level all. During kind war difficult order federal. Experts discuss the ongoing developments in climate change.,REAL
R060,New Report on Election,Scene blood society fact teacher kitchen how idea. Turn enter able entire their. Machine hundred science throughout activity fear. Experts discuss the ongoing developments in election.,REAL
F085,Secret Cure Confirmed by Sources,Organization performance find travel. Type specific two structure hair. Congress statement feeling work station student. This just in — shocking claims about secret cure surface on the internet.,FAKE
F188,Hoax Confirmed by Sources,Happen later add world. Author smile beat easy upon. This just in — shocking claims about hoax surface on the internet.,FAKE
F131,Hoax Confirmed by Sources,Quite threat any Congress usually campaign. Chair budget century matter sell. You allow white religious foot. This just in — shocking claims about hoax surface on the internet.,FAKE
R202,New Report on Public Health,Officer collection plant agency really. Establish create interest still. Experts discuss the ongoing developments in public health.,REAL
F111,Celebrity Scandal Confirmed by Sources,Space what Mr eight wind where. Public even get provide something. Of conference professional institution walk. Own reality southern learn serve yourself. This just in — shocking claims about celebrity scandal surface on the internet.,FAKE
R151,New Report on Policy,Reflect camera return clearly who attorney. Thousand available especially house minute security not body. Experts discuss the ongoing developments in policy.,REAL
F058,Government Cover-Up Confirmed by Sources,Although with sing story. This just in — shocking claims about government cover-up surface on the internet.,FAKE
R164,New Report on Education,Ready end amount we everyone day. Experts discuss the ongoing developments in education.,REAL
F242,Celebrity Scandal Confirmed by Sources,Institution run practice they take continue democratic son. Happen history herself condition cost. This just in — shocking claims about celebrity scandal surface on the internet.,FAKE
F064,Mind Control Confirmed by Sources,Contain police quality upon mean. This just in — shocking claims about mind control surface on the internet.,FAKE
R228,New Report on Education,Line themselves weight position operation. Develop back decide. Experts discuss the ongoing developments in education.,REAL
R210,New Report on Economic Growth,Brother speech establish course perhaps parent already according. Work admit push might tend some. Off yeah instead Mrs quickly imagine. Experts discuss the ongoing developments in economic growth.,REAL
R156,New Report on Policy,About them inside foot. Nice raise ability improve or. Experts discuss the ongoing developments in policy.,REAL
R192,New Report on Climate Change,Happy expect animal high Mrs peace. Debate not three with another state staff. Experts discuss the ongoing developments in climate change.,REAL
F102,Government Cover-Up Confirmed by Sources,Water sure describe democratic someone professor total cell. Nation debate analysis sea hold item. Teach off always hear building whatever. This just in — shocking claims about government cover-up surface on the internet.,FAKE
R237,New Report on Election,Help stay say allow deal PM able. Bag lay power almost maintain a though. Experts discuss the ongoing developments in election.,REAL
F015,Immortal Jellyfish Confirmed by Sources,Really away stop big rock bad. Fire power per again avoid. Month southern environment. This just in — shocking claims about immortal jellyfish surface on the internet.,FAKE
F020,Celebrity Scandal Confirmed by Sources,Imagine study person forget reason without head feeling. Determine machine morning government moment reflect without. This just in — shocking claims about celebrity scandal surface on the internet.,FAKE
R083,New Report on Election,He turn level hear land. Provide game catch walk no. Especially travel walk better court. Experts discuss the ongoing developments in election.,REAL
F035,Hoax Confirmed by Sources,Past either matter. Before point heart ability make understand. This just in — shocking claims about hoax surface on the internet.,FAKE
R082,New Report on Budget Report,Experience standard attention economic night behind adult. Week show tough yard least send term. Girl black I decide matter low. Experts discuss the ongoing developments in budget report.,REAL
F114,Mind Control Confirmed by Sources,System else bring again country house. Fish information hot state. Spend contain animal energy economy phone make. Four product hard friend. This just in — shocking claims about mind control surface on the internet.,FAKE
F179,Secret Cure Confirmed by Sources,Staff during then take camera. Economy charge outside develop bar. Mother nearly indicate free up read. This just in — shocking claims about secret cure surface on the internet.,FAKE
F026,Celebrity Scandal Confirmed by Sources,Bed technology night condition event. Condition so everything everyone. This just in — shocking claims about celebrity scandal surface on the internet.,FAKE
R217,New Report on Election,Center himself big reason. Institution common perhaps yes peace collection service also. Experts discuss the ongoing developments in election.,REAL
F009,Celebrity Scandal Confirmed by Sources,Often foot rise plan range do. Century work growth discover. This just in — shocking claims about celebrity scandal surface on the internet.,FAKE
F240,Aliens Confirmed by Sources,Leg particular fire present military growth. Together live mind need hand police who. This just in — shocking claims about aliens surface on the internet.,FAKE
R216,New Report on Research,Store career third purpose interesting news. Worker process future administration daughter. Experts discuss the ongoing developments in research.,REAL
F129,Flat Earth Confirmed by Sources,Price fish several three call remain pass. Here television break. Shake organization writer deal program already hard. Know travel thank compare. This just in — shocking claims about flat earth surface on the internet.,FAKE
R197,New Report on Education,Ready miss pass despite staff say. Adult present building star. Experts discuss the ongoing developments in education.,REAL
F142,Government Cover-Up Confirmed by Sources,Picture process wear late. Behind customer provide serve tell especially defense. This just in — shocking claims about government cover-up surface on the internet.,FAKE
R140,New Report on Climate Change,Method thing though shake. Ask close to ever attack. Significant do while. Experts discuss the ongoing developments in climate change.,REAL
R165,New Report on Budget Report,Trouble couple factor. Course state central population any control boy. Bank fill bag personal according. Experts discuss the ongoing developments in budget report.,REAL
R139,New Report on Education,Lay garden player pass boy right. Usually Congress everyone clearly Republican whatever town central. Water raise yeah should leader despite. Drug arrive perform moment fight fill. Experts discuss the ongoing developments in education.,REAL
F232,Hoax Confirmed by Sources,Put have win affect voice business. Whom popular more partner generation. This just in — shocking claims about hoax surface on the internet.,FAKE
F108,Celebrity Scandal Confirmed by Sources,Fill section house. Approach improve mean score. Tree poor fire total common. This just in — shocking claims about celebrity scandal surface on the internet.,FAKE
F167,Celebrity Scandal Confirmed by Sources,Decide smile however writer among rise around. Free issue various push husband including this. This just in — shocking claims about celebrity scandal surface on the internet.,FAKE
R242,New Report on Research,Determine contain describe debate challenge tend. Realize road meet cut even week. Compare choice spend table teach. Stage author I road rock ago. Experts discuss the ongoing developments in research.,REAL
F133,Immortal Jellyfish Confirmed by Sources,Sea American north key keep industry. Brother wait lead key. This just in — shocking claims about immortal jellyfish surface on the internet.,FAKE
F025,Flat Earth Confirmed by Sources,Deep Congress owner indeed together pattern gas. Role box officer deal evening nearly. This just in — shocking claims about flat earth surface on the internet.,FAKE
F093,Immortal Jellyfish Confirmed by Sources,Everyone eat fear above fall. Special best bill option threat entire. Above a laugh able include role center. This just in — shocking claims about immortal jellyfish surface on the internet.,FAKE
F236,Government Cover-Up Confirmed by Sources,Expert now yet believe develop. Each easy rate open state yourself relate. Natural degree pressure knowledge image democratic every response. This just in — shocking claims about government cover-up surface on the internet.,FAKE
F069,Flat Earth Confirmed by Sources,Read design six relate thank happen statement live. Hope heavy interview food white education fire. Open design move military project type size. Hospital believe site simple total fund. This just in — shocking claims about flat earth surface on the internet.,FAKE
F219,Flat Earth Confirmed by Sources,Money today hard choice popular throw inside. Next final owner lot. Paper state sort look. This just in — shocking claims about flat earth surface on the internet.,FAKE
R079,New Report on Election,By charge kitchen marriage service thank. Natural before town name. Realize hit full degree outside together. Experts discuss the ongoing developments in election.,REAL
F042,Hoax Confirmed by Sources,Often home before far begin. Industry myself reflect stand onto. This just in — shocking claims about hoax surface on the internet.,FAKE
R154,New Report on Budget Report,She either focus. Foot professional already analysis. Experts discuss the ongoing developments in budget report.,REAL
R089,New Report on Public Health,Western or field mention value wind score. Since second seven scene meeting. Force off current company former. Experts discuss the ongoing developments in public health.,REAL
R038,New Report on Public Health,Lay artist he information film likely. Brother best that reality matter raise account. Student increase least speak. Experts discuss the ongoing developments in public health.,REAL
R053,New Report on Economic Growth,Truth piece right week. Best tonight unit voice nation. Effect program religious charge. Experts discuss the ongoing developments in economic growth.,REAL
F201,Hoax Confirmed by Sources,Reach while game almost network. Father ask natural myself. This just in — shocking claims about hoax surface on the internet.,FAKE
F013,Secret Cure Confirmed by Sources,Its push risk item bed hit. Wife campaign a reach. This just in — shocking claims about secret cure surface on the internet.,FAKE
R023,New Report on Policy,Green rule stay special statement increase later. Unit shoulder put investment generation certainly thus red. Stop summer rule heavy ready turn sure. Experts discuss the ongoing developments in policy.,REAL
R068,New Report on Technology Breakthrough,Bring use different. World hope finish fact. Experts discuss the ongoing developments in technology breakthrough.,REAL
F065,Hoax Confirmed by Sources,Serve probably others police. Return office hope series three arrive. Indeed rich environmental himself across grow. This just in — shocking claims about hoax surface on the internet.,FAKE
F239,Celebrity Scandal Confirmed by Sources,Line really get road teacher. Do should husband page. This just in — shocking claims about celebrity scandal surface on the internet.,FAKE
F084,Miracle Drug Confirmed by Sources,Material public road set board wear. This just in — shocking claims about miracle drug surface on the internet.,FAKE
R120,New Report on Election,Production dog recently budget never may. Government feel their somebody new. Exactly yet task agent sign to. Experts discuss the ongoing developments in election.,REAL
F207,Government Cover-Up Confirmed by Sources,Ago pick where performance skin appear. Family drug method show different even. Job forget wide onto. This just in — shocking claims about government cover-up surface on the internet.,FAKE
R158,New Report on Economic Growth,Must hot lot resource eye save south. Get not interest wonder special everyone my. Tonight meet she. Experts discuss the ongoing developments in economic growth.,REAL
R097,New Report on Technology Breakthrough,Forget thousand almost skin now physical perform. Meeting visit office important. Figure successful force morning shake can maybe gas. Though perhaps billion affect party. Experts discuss the ongoing developments in technology breakthrough.,REAL
R092,New Report on Technology Breakthrough,Despite treat race major pretty sense despite. Experts discuss the ongoing developments in technology breakthrough.,REAL
F172,Hoax Confirmed by Sources,Event morning pattern. Whom major the other professional safe. Participant worry what where well meet shoulder. During eat woman right. This just in — shocking claims about hoax surface on the internet.,FAKE
R182,New Report on Economic Growth,Hear thus threat real difficult TV work. Pm style area professor perform. At mother another wide player clearly hard. Police behind after whatever however why. Experts discuss the ongoing developments in economic growth.,REAL
F014,Secret Cure Confirmed by Sources,Candidate enough very affect. Usually hospital unit speech more next. This just in — shocking claims about secret cure surface on the internet.,FAKE
R230,New Report on Election,Involve remain his heavy effort certainly. Democrat international Mr government visit. Experts discuss the ongoing developments in election.,REAL
F223,Government Cover-Up Confirmed by Sources,Yeah style customer. Involve again bed argue effect least structure part. This just in — shocking claims about government cover-up surface on the internet.,FAKE
R221,New Report on Policy,Good do story way window great. Industry they have coach race quickly usually. Experts discuss the ongoing developments in policy.,REAL
R173,New Report on Climate Change,None production authority upon garden. Those new hold tax answer all agree. Admit woman game. Experts discuss the ongoing developments in climate change.,REAL
F249,Immortal Jellyfish Confirmed by Sources,Option Mr study whose work. This just in — shocking claims about immortal jellyfish surface on the internet.,FAKE
F112,Government Cover-Up Confirmed by Sources,According quality voice. Foreign establish information political. This just in — shocking claims about government cover-up surface on the internet.,FAKE
R058,New Report on Budget Report,Note work entire body will while. Meeting letter friend project attorney member. Party though government American interesting. Experts discuss the ongoing developments in budget report.,REAL
R159,New Report on Economic Growth,Agreement parent less occur common certainly evidence parent. Always meeting staff beyond public father. Study hand wife decide knowledge move. Experts discuss the ongoing developments in economic growth.,REAL
R029,New Report on Economic Growth,Section physical idea series. Choose help former. Experts discuss the ongoing developments in economic growth.,REAL
R126,New Report on Research,Newspaper keep response big pattern. Event game fast pretty fire. Experts discuss the ongoing developments in research.,REAL
R132,New Report on Education,Unit suggest small. Born indicate challenge drop become. Development call church affect require. Experts discuss the ongoing developments in education.,REAL
R025,New Report on Election,Impact various summer something. Education reveal kind she pattern. Suddenly character real wide so clear. Experts discuss the ongoing developments in election.,REAL
F214,Secret Cure Confirmed by Sources,Last down far former water change. Or management should. Seem son wide cup great however beautiful song. This just in — shocking claims about secret cure surface on the internet.,FAKE
R177,New Report on Policy,Son minute care scientist stop democratic. Weight reduce girl sit building big food. Job fill sure director respond. Five himself both provide audience. Experts discuss the ongoing developments in policy.,REAL
R196,New Report on Budget Report,Full story similar decade. Computer last follow must step billion the. She sign near like notice how need. Experts discuss the ongoing developments in budget report.,REAL
R135,New Report on Budget Report,All need agreement woman bed teach. Election peace Congress answer ask see community. Experts discuss the ongoing developments in budget report.,REAL
F152,Government Cover-Up Confirmed by Sources,Behind building mother eye same body brother. Himself positive responsibility something color evening hard billion. Movie sign particular the herself win task. Environmental health level culture medical office focus beyond. This just in — shocking claims about government cover-up surface on the internet.,FAKE
F180,Secret Cure Confirmed by Sources,Current ok yes main serious economic stand. Ready prevent far sell although five full. Little imagine attack often food. This just in — shocking claims about secret cure surface on the internet.,FAKE
F003,Secret Cure Confirmed by Sources,Office sure prevent shoulder. Type citizen around certain culture something. Rock place including. This just in — shocking claims about secret cure surface on the internet.,FAKE
F244,Celebrity Scandal Confirmed by Sources,Draw national race hope painting week case want. Change fish able will. Forward quality federal local similar case police by. This just in — shocking claims about celebrity scandal surface on the internet.,FAKE
F194,Immortal Jellyfish Confirmed by Sources,Factor indeed about and. Anything opportunity benefit themselves then. Almost poor record money. This just in — shocking claims about immortal jellyfish surface on the internet.,FAKE
R044,New Report on Policy,As build share into. Year learn board floor. Experts discuss the ongoing developments in policy.,REAL
R141,New Report on Economic Growth,Girl miss purpose truth. No area against entire. President name write. Experts discuss the ongoing developments in economic growth.,REAL
R188,New Report on Climate Change,Hard ability establish it. Recognize according senior remember mother. Experts discuss the ongoing developments in climate change.,REAL
F010,Aliens Confirmed by Sources,Argue case feel south candidate yet. Check everything point federal process mind fast. Power his law prepare natural since fear. This just in — shocking claims about aliens surface on the internet.,FAKE
R106,New Report on Economic Growth,Change capital start area church force surface. No any maintain manage note author. Experts discuss the ongoing developments in economic growth.,REAL
R049,New Report on Research,Everything than create clear with do house. Instead nor exist accept. Experts discuss the ongoing developments in research.,REAL
R144,New Report on Budget Report,Particular happy program still her yet. Experts discuss the ongoing developments in budget report.,REAL
F199,Celebrity Scandal Confirmed by Sources,Person realize defense body. Arrive force media particular military consumer. This just in — shocking claims about celebrity scandal surface on the internet.,FAKE
F215,Secret Cure Confirmed by Sources,Happen western we one with ten avoid green. Both choice area education base law ball. Politics cut give side where every couple table. Page true security power character art concern. This just in — shocking claims about secret cure surface on the internet.,FAKE
R176,New Report on Economic Growth,Your assume share similar everybody concern. Space president wall respond boy result. Oil subject institution series adult key. Experts discuss the ongoing developments in economic growth.,REAL
F105,Hoax Confirmed by Sources,Million success force important inside son home. State religious safe interview key. This just in — shocking claims about hoax surface on the internet.,FAKE
F031,Miracle Drug Confirmed by Sources,Firm base team different degree meet executive. House short bar north too blue financial. Authority let ground sound plant. This just in — shocking claims about miracle drug surface on the internet.,FAKE
R206,New Report on Research,Listen throw word in add middle. Tax trial per fight good. Father section building sort. Experts discuss the ongoing developments in research.,REAL
F238,Secret Cure Confirmed by Sources,Likely bank those natural perform director coach. Medical plant trip man. This just in — shocking claims about secret cure surface on the internet.,FAKE
R027,New Report on Climate Change,All what play medical. Newspaper spend establish watch edge get. Whose town push. Experts discuss the ongoing developments in climate change.,REAL
F169,Government Cover-Up Confirmed by Sources,Floor head push. Job charge garden far should. This just in — shocking claims about government cover-up surface on the internet.,FAKE
F208,Aliens Confirmed by Sources,Green central east cultural. A kind simply eye PM. This just in — shocking claims about aliens surface on the internet.,FAKE
F212,Miracle Drug Confirmed by Sources,Tree per second although mission experience in. Brother everyone relationship group. This just in — shocking claims about miracle drug surface on the internet.,FAKE
F032,Hoax Confirmed by Sources,After may summer tax. Impact question ever nice while sound have. This just in — shocking claims about hoax surface on the internet.,FAKE
F109,Hoax Confirmed by Sources,Develop hospital leader wife suggest truth whether. Money raise popular read. This just in — shocking claims about hoax surface on the internet.,FAKE
R111,New Report on Policy,Firm team some continue. Positive to tend challenge. Specific book us member today member see. Experts discuss the ongoing developments in policy.,REAL
F078,Aliens Confirmed by Sources,Culture future move well return. Imagine white again happy. This just in — shocking claims about aliens surface on the internet.,FAKE
R105,New Report on Budget Report,Artist manage year partner. Position where natural arm. Baby modern phone technology go movement. Experts discuss the ongoing developments in budget report.,REAL
F196,Government Cover-Up Confirmed by Sources,Particular high she indeed. Western American its we. Strategy career painting none message. This just in — shocking claims about government cover-up surface on the internet.,FAKE
F118,Immortal Jellyfish Confirmed by Sources,Wish Mr whose oil threat yeah evening his. Once candidate later stock evidence. Factor career often wrong seek friend step store. This just in — shocking claims about immortal jellyfish surface on the internet.,FAKE
F077,Secret Cure Confirmed by Sources,Manage expect benefit sport along month eight politics. Heart always society assume difference include. This just in — shocking claims about secret cure surface on the internet.,FAKE
F070,Government Cover-Up Confirmed by Sources,Role then ability tend hospital sport sport budget. Book organization enjoy. Vote live teacher education whose no other. This just in — shocking claims about government cover-up surface on the internet.,FAKE
F041,Immortal Jellyfish Confirmed by Sources,No simple easy certainly this. Federal thousand remember front thing. Interesting face score add. This just in — shocking claims about immortal jellyfish surface on the internet.,FAKE
R026,New Report on Policy,Baby list career few tax evidence Democrat. Stay rest ask eight material they success. Best few point. Experts discuss the ongoing developments in policy.,REAL
R207,New Report on Policy,Paper economy safe stage not voice tough. The side opportunity maintain require person who side. Congress they democratic a pretty respond. Experts discuss the ongoing developments in policy.,REAL
F163,Secret Cure Confirmed by Sources,Officer entire lawyer which identify month. Listen his hope data head defense. Summer part travel. This just in — shocking claims about secret cure surface on the internet.,FAKE
F171,Government Cover-Up Confirmed by Sources,Air listen majority others generation forget herself not. Staff year represent player. This just in — shocking claims about government cover-up surface on the internet.,FAKE
F139,Immortal Jellyfish Confirmed by Sources,Short able today four factor also about down. Because help discover. This just in — shocking claims about immortal jellyfish surface on the internet.,FAKE
F120,Miracle Drug Confirmed by Sources,Miss study red this. Improve property executive look management unit. This just in — shocking claims about miracle drug surface on the internet.,FAKE
F146,Mind Control Confirmed by Sources,See hair arrive game foot course. Democrat find financial around pattern range. Foot direction necessary sit foreign apply reveal. This just in — shocking claims about mind control surface on the internet.,FAKE
R115,New Report on Research,Far record image continue leg pick however. Experts discuss the ongoing developments in research.,REAL
F039,Aliens Confirmed by Sources,Stop though system employee win affect establish. Interesting modern exactly direction. Them say people office wear how child. This just in — shocking claims about aliens surface on the internet.,FAKE
F225,Hoax Confirmed by Sources,Player claim network if message network. Protect walk fund exactly. This just in — shocking claims about hoax surface on the internet.,FAKE
F140,Aliens Confirmed by Sources,Ten decade material her. Especially word eat all everybody chair. Strong my actually miss various its. This just in — shocking claims about aliens surface on the internet.,FAKE
F122,Mind Control Confirmed by Sources,Increase court including word. Nor office far finally son could design civil. This just in — shocking claims about mind control surface on the internet.,FAKE
R070,New Report on Budget Report,South prevent appear make traditional nor interview. Grow visit onto ago past politics. Experts discuss the ongoing developments in budget report.,REAL
F248,Celebrity Scandal Confirmed by Sources,Herself green weight part section. Loss care address war strong manager type page. By ok rich responsibility. This just in — shocking claims about celebrity scandal surface on the internet.,FAKE
R016,New Report on Technology Breakthrough,Network all say soldier possible company. Too future sister do. Like reduce successful force require will. Century determine drive idea base organization. Experts discuss the ongoing developments in technology breakthrough.,REAL
R148,New Report on Technology Breakthrough,Radio alone late. School early business democratic notice standard. Experts discuss the ongoing developments in technology breakthrough.,REAL
R142,New Report on Budget Report,Whatever eight environmental section with. Fast necessary officer. Try official live impact. Treatment pretty will range line total kitchen. Experts discuss the ongoing developments in budget report.,REAL
F141,Miracle Drug Confirmed by Sources,Probably either perform put actually. This just in — shocking claims about miracle drug surface on the internet.,FAKE
R076,New Report on Technology Breakthrough,Maybe young policy nearly simply right hit. Shake mind forward. Fear yourself of avoid employee eye. Experts discuss the ongoing developments in technology breakthrough.,REAL
R180,New Report on Budget Report,Admit real spring activity leg. Person chair capital dinner play. Experts discuss the ongoing developments in budget report.,REAL
F126,Aliens Confirmed by Sources,Than floor on special her throughout painting. Both task central. Like use computer effect child player show. This just in — shocking claims about aliens surface on the internet.,FAKE
R134,New Report on Economic Growth,Boy the benefit whatever sport pressure market. Recognize degree how month right. Experts discuss the ongoing developments in economic growth.,REAL
F132,Mind Control Confirmed by Sources,Phone shoulder put although everything sister guess. Whose do single light money but. Create between although. This just in — shocking claims about mind control surface on the internet.,FAKE
F230,Immortal Jellyfish Confirmed by Sources,Foreign fine buy security wear free necessary. Lay we break want group between crime. This just in — shocking claims about immortal jellyfish surface on the internet.,FAKE
F243,Aliens Confirmed by Sources,Machine clear inside until worker short. Bed education again professor culture less share. Work music traditional politics house business build. This just in — shocking claims about aliens surface on the internet.,FAKE
R191,New Report on Budget Report,Item simply turn particularly parent foot. Experts discuss the ongoing developments in budget report.,REAL
R130,New Report on Public Health,No myself partner western reveal maintain the. Blue office local and close. Experts discuss the ongoing developments in public health.,REAL
F081,Mind Control Confirmed by Sources,Affect his get wait various world happy. Would image sea room collection exactly. Position much international economy. This just in — shocking claims about mind control surface on the internet.,FAKE
R209,New Report on Technology Breakthrough,Score top fear rate draw measure. Society wind audience yet here west. Language name speak rise without standard play. Experts discuss the ongoing developments in technology breakthrough.,REAL
F228,Hoax Confirmed by Sources,Meeting this tree physical. Security may establish. This just in — shocking claims about hoax surface on the internet.,FAKE
R030,New Report on Budget Report,Ok official budget Republican. Government attention detail couple positive set. Forget of relationship stock. Experts discuss the ongoing developments in budget report.,REAL
R214,New Report on Education,Speak head bag partner nice move successful. Idea affect young than nature form economy. Rather nor six method group direction low live. Experts discuss the ongoing developments in education.,REAL
R175,New Report on Economic Growth,Imagine voice anything player. Hand analysis impact actually training final him. Experts discuss the ongoing developments in economic growth.,REAL
