id,filtered_words_str_final,features_str,label_index
R129,new report election audience late unit seat. late project board. experts discuss ongoing developments election.,"(10000,[132,585,1268,1312,2230,3079,3556,3614,4506,4687,5305,6335,6505,9462],[2.6330871626287546,0.6871770135734415,4.830311739964974,4.607168188650764,3.914021008090819,7.637421656572989,2.7826188965997183,0.6832166123573445,0.691153161953081,0.691153161953081,5.523458920524919,3.914021008090819,0.6871770135734415,0.691153161953081])",1.0
R227,new report climate change first cultural front particularly western with. federal second seat draw say cold without. experts discuss ongoing developments climate change.,"(10000,[47,387,504,524,585,633,821,2059,3614,3804,3920,4506,4687,5862,6403,6443,6505,7640,8167,9233,9256,9462],[4.019381523748645,2.5530444549552183,4.42484663185681,3.577548771469606,0.6871770135734415,4.137164559405029,5.698620542196782,2.60568818844064,0.6832166123573445,5.117993812416755,4.830311739964974,0.691153161953081,0.691153161953081,4.019381523748645,4.42484663185681,3.914021008090819,0.6871770135734415,4.830311739964974,4.607168188650764,4.42484663185681,4.42484663185681,0.691153161953081])",1.0
F231,aliens confirmed sources new painting red network hour. resource church environmental participant skill gun meeting. administration election good. — shocking claims aliens surface internet.,"(10000,[52,132,503,585,650,1034,1273,1670,3079,4988,5185,5396,5850,6027,7032,7281,7825,7936,8313,8338,9023,9152,9968],[4.42484663185681,2.6330871626287546,0.691153161953081,0.6871770135734415,5.917019126126766,4.270695952029551,3.3262343431887,4.270695952029551,3.8187108282864943,0.6792718340663283,4.270695952029551,4.270695952029551,0.691153161953081,4.019381523748645,5.117993812416755,0.6714286566053024,5.117993812416755,0.691153161953081,4.830311739964974,0.691153161953081,0.691153161953081,4.42484663185681,3.6516567436233283])",0.0
R066,new report policy method picture author. weight notice let draw. point guess production low. experts discuss ongoing developments policy.,"(10000,[373,585,1525,2481,3614,3759,4142,4416,4506,4687,6015,6505,6944,8004,8267,8353,8546,8660,9462],[4.42484663185681,0.6871770135734415,3.383392757028649,4.42484663185681,0.6832166123573445,5.523458920524919,2.6902455764687034,4.270695952029551,0.691153161953081,0.691153161953081,3.914021008090819,0.6871770135734415,2.849310271098391,3.577548771469606,4.270695952029551,3.914021008090819,5.117993812416755,4.607168188650764,0.691153161953081])",1.0
F095,mind control confirmed sources visit cost option ten benefit region. appear road relationship wait shoulder care people. gas large argue big along join. — shocking claims mind control surface internet.,"(10000,[503,613,698,1208,2840,3048,3166,3184,3730,4260,4490,4988,5085,5310,5477,5607,5653,5725,5850,6756,7022,7281,7936,8182,8338,9023,9613,9994],[0.691153161953081,3.8187108282864943,3.914021008090819,5.7688031818193215,4.019381523748645,3.914021008090819,5.523458920524919,5.698620542196782,4.270695952029551,3.7316994512968646,4.607168188650764,0.6792718340663283,3.6516567436233283,4.270695952029551,4.830311739964974,4.137164559405029,4.019381523748645,3.6516567436233283,0.691153161953081,3.914021008090819,4.607168188650764,0.6714286566053024,0.691153161953081,4.607168188650764,0.691153161953081,0.691153161953081,4.019381523748645,5.523458920524919])",0.0
R174,new report policy keep like relationship newspaper. series thought fill manager put. change maintain republican. experts discuss ongoing developments policy.,"(10000,[55,387,585,1652,3330,3614,4142,4260,4463,4506,4687,4737,5247,5476,5966,6505,6944,9462,9594,9727],[4.607168188650764,2.5530444549552183,0.6871770135734415,4.019381523748645,4.270695952029551,0.6832166123573445,2.6902455764687034,3.7316994512968646,4.270695952029551,0.691153161953081,0.691153161953081,4.830311739964974,4.137164559405029,5.117993812416755,4.830311739964974,0.6871770135734415,2.849310271098391,0.691153161953081,4.607168188650764,3.914021008090819])",1.0
R201,new report public health plan result third upon second best. total seem exist. system toward home military health whole difficult. rise movement price season. experts discuss ongoing developments public health.,"(10000,[399,585,627,795,1738,1770,2588,3194,3365,3614,3996,4506,4687,4816,5294,5877,6043,6123,6219,6279,6505,6735,7140,7337,8771,8805,9256,9462],[5.117993812416755,0.6871770135734415,4.607168188650764,5.117993812416755,4.607168188650764,5.7688031818193215,4.607168188650764,4.607168188650764,4.137164559405029,0.6832166123573445,4.42484663185681,0.691153161953081,0.691153161953081,3.7316994512968646,4.270695952029551,4.270695952029551,4.607168188650764,4.42484663185681,3.172083663361442,4.270695952029551,0.6871770135734415,4.137164559405029,5.523458920524919,5.117993812416755,4.830311739964974,6.0771045414738385,4.42484663185681,0.691153161953081])",1.0
R072,new report education image society option oil notice child. brother black catch point. often heavy worry half. experts discuss ongoing developments education.,"(10000,[7,291,327,454,585,1525,1655,1948,3614,4062,4506,4687,5047,5303,5530,6035,6505,7949,8343,8949,9462,9613],[4.270695952029551,4.137164559405029,4.019381523748645,3.3262343431887,0.6871770135734415,3.383392757028649,5.117993812416755,4.607168188650764,0.6832166123573445,5.117993812416755,0.691153161953081,0.691153161953081,2.7200985396183848,4.270695952029551,2.4789364828014966,3.5085558999826545,0.6871770135734415,4.830311739964974,3.914021008090819,3.5085558999826545,0.691153161953081,4.019381523748645])",1.0
R064,new report research kid first answer story create. sell resource detail newspaper. store green low mouth around pm. experts discuss ongoing developments research.,"(10000,[551,585,1143,1670,3614,3619,3723,4485,4506,4687,4737,6197,6403,6486,6505,6808,6855,7066,7184,7497,8411,9432,9462],[4.42484663185681,0.6871770135734415,4.42484663185681,4.270695952029551,0.6832166123573445,4.137164559405029,4.270695952029551,4.019381523748645,0.691153161953081,0.691153161953081,4.830311739964974,4.270695952029551,4.42484663185681,5.117993812416755,0.6871770135734415,5.523458920524919,4.270695952029551,2.920769235080536,4.607168188650764,4.830311739964974,3.577548771469606,2.849310271098391,0.691153161953081])",1.0
F037,miracle drug confirmed sources meeting effect state cup garden. language congress strong where. offer anyone part take. — shocking claims miracle drug surface internet.,"(10000,[20,503,666,1256,1716,1808,2958,3059,4357,4522,4988,5850,6324,6355,7281,7432,7860,7936,8338,8728,8740,9023],[3.914021008090819,0.691153161953081,4.607168188650764,6.251127295453098,4.270695952029551,3.914021008090819,4.830311739964974,4.137164559405029,5.523458920524919,4.830311739964974,0.6792718340663283,0.691153161953081,3.8187108282864943,3.8187108282864943,0.6714286566053024,5.117993812416755,5.841538470161072,0.691153161953081,0.691153161953081,3.383392757028649,4.42484663185681,0.691153161953081])",0.0
R170,new report technology breakthrough prevent focus trial. research miss save. experts discuss ongoing developments technology breakthrough.,"(10000,[585,980,1020,1071,2227,3032,3252,3481,3614,3931,4506,4687,6505,9432,9462],[0.6871770135734415,5.117993812416755,5.1060889099104365,4.137164559405029,2.7200985396183848,5.117993812416755,3.7316994512968646,2.7200985396183848,0.6832166123573445,3.8187108282864943,0.691153161953081,0.691153161953081,0.6871770135734415,2.849310271098391,0.691153161953081])",1.0
F110,celebrity scandal confirmed sources always character however ago rate hundred around. effect trouble camera maybe drive experience mrs cell. financial know seat return eat church of. fire family admit need sell. — shocking claims celebrity scandal surface internet.,"(10000,[47,253,503,635,911,1273,1310,1650,1896,2759,2909,3486,3635,4818,4867,4921,4988,5175,5191,5850,6257,6324,6325,6537,7276,7281,7407,7779,7936,8297,8338,8549,8714,9011,9023,9751],[4.019381523748645,3.8187108282864943,0.691153161953081,4.019381523748645,4.019381523748645,3.3262343431887,5.117993812416755,4.607168188650764,4.019381523748645,4.830311739964974,4.42484663185681,5.698620542196782,4.607168188650764,4.270695952029551,4.42484663185681,5.698620542196782,0.6792718340663283,4.830311739964974,4.270695952029551,0.691153161953081,5.117993812416755,3.8187108282864943,4.019381523748645,4.270695952029551,4.019381523748645,0.6714286566053024,4.42484663185681,3.8187108282864943,0.691153161953081,3.914021008090819,0.691153161953081,5.117993812416755,4.42484663185681,4.019381523748645,0.691153161953081,4.270695952029551])",0.0
F048,secret cure confirmed sources current several year director instead expert. every anything apply information body offer. role size see company. — shocking claims secret cure surface internet.,"(10000,[503,841,1510,1853,2114,3008,3192,3331,3350,3892,4527,4988,5354,5850,6747,7281,7312,7936,8190,8338,8899,9023,9189,9227,9681],[0.691153161953081,3.8187108282864943,5.523458920524919,4.270695952029551,4.270695952029551,5.117993812416755,4.607168188650764,5.117993812416755,4.019381523748645,5.1060889099104365,4.137164559405029,0.6792718340663283,4.42484663185681,0.691153161953081,5.1060889099104365,0.6714286566053024,3.8187108282864943,0.691153161953081,4.019381523748645,0.691153161953081,4.270695952029551,0.691153161953081,3.914021008090819,4.137164559405029,4.270695952029551])",0.0
F082,hoax confirmed sources area yeah already keep. ago describe impact able hot. — shocking claims hoax surface internet.,"(10000,[503,594,1896,1972,3249,3496,4377,4498,4988,5649,5850,7085,7281,7936,8338,9023,9767],[0.691153161953081,4.019381523748645,4.019381523748645,4.019381523748645,3.4440173788450834,3.7316994512968646,5.21137637688128,5.523458920524919,0.6792718340663283,4.42484663185681,0.691153161953081,4.137164559405029,0.6714286566053024,0.691153161953081,0.691153161953081,0.691153161953081,5.117993812416755])",0.0
F187,miracle drug confirmed sources identify explain return. — shocking claims miracle drug surface internet.,"(10000,[503,1256,3967,4988,5341,5850,7281,7860,7936,8338,8684,9023],[0.691153161953081,6.251127295453098,4.270695952029551,0.6792718340663283,4.270695952029551,0.691153161953081,0.6714286566053024,5.841538470161072,0.691153161953081,0.691153161953081,4.830311739964974,0.691153161953081])",0.0
F027,miracle drug confirmed sources else available sea strategy expect. hear purpose least mother. space behind carry size half remember attorney. effect pay reach. — shocking claims miracle drug surface internet.,"(10000,[454,503,1256,1634,1780,2291,2475,3192,4102,4346,4842,4897,4988,5034,5685,5850,6324,7177,7281,7860,7936,8089,8219,8338,9023,9188,9472,9617],[3.3262343431887,0.691153161953081,6.251127295453098,4.270695952029551,4.137164559405029,4.42484663185681,5.117993812416755,4.607168188650764,5.117993812416755,3.914021008090819,3.914021008090819,4.42484663185681,0.6792718340663283,4.270695952029551,4.270695952029551,0.691153161953081,3.8187108282864943,4.607168188650764,0.6714286566053024,5.841538470161072,0.691153161953081,4.270695952029551,5.523458920524919,0.691153161953081,0.691153161953081,4.830311739964974,5.117993812416755,4.137164559405029])",0.0
F202,hoax confirmed sources news sometimes much study. middle possible deal. example expect north reveal pay memory large. score road citizen school. — shocking claims hoax surface internet.,"(10000,[8,503,524,1211,1507,1778,1927,2433,3691,3713,4377,4897,4988,5725,5850,5869,6100,6941,7281,7936,8338,8625,9023,9470,9606,9878],[4.270695952029551,0.691153161953081,3.577548771469606,5.523458920524919,4.42484663185681,3.914021008090819,4.019381523748645,4.607168188650764,3.8187108282864943,5.117993812416755,5.21137637688128,4.42484663185681,0.6792718340663283,3.6516567436233283,0.691153161953081,5.117993812416755,4.137164559405029,4.607168188650764,0.6714286566053024,0.691153161953081,0.691153161953081,5.117993812416755,0.691153161953081,5.523458920524919,4.830311739964974,3.914021008090819])",0.0
F197,secret cure confirmed sources fund star push news minute. congress director recently cold animal seem. — shocking claims secret cure surface internet.,"(10000,[503,1853,2034,2433,3892,3920,4502,4638,4988,5170,5850,5978,6747,7175,7281,7360,7936,8338,8728,9023],[0.691153161953081,4.270695952029551,4.019381523748645,4.607168188650764,5.1060889099104365,4.830311739964974,4.830311739964974,4.270695952029551,0.6792718340663283,4.019381523748645,0.691153161953081,4.270695952029551,5.1060889099104365,4.830311739964974,0.6714286566053024,4.42484663185681,0.691153161953081,0.691153161953081,3.383392757028649,0.691153161953081])",0.0
R128,new report climate change material us skill sea bill. better civil various difference. simple buy. experts discuss ongoing developments climate change.,"(10000,[387,526,585,593,821,2059,2543,2913,3204,3231,3614,4506,4687,6505,6647,6660,8915,9462,9617,9968],[2.5530444549552183,5.523458920524919,0.6871770135734415,4.607168188650764,5.698620542196782,2.60568818844064,3.914021008090819,3.577548771469606,5.523458920524919,3.914021008090819,0.6832166123573445,0.691153161953081,0.691153161953081,0.6871770135734415,3.8187108282864943,4.42484663185681,5.117993812416755,0.691153161953081,4.137164559405029,3.6516567436233283])",1.0
F157,government cover-up confirmed sources measure another grow mother list return. population kid visit build goal. couple order general. — shocking claims government cover-up surface internet.,"(10000,[354,503,528,698,935,1226,2259,2404,3014,3723,4988,5850,7281,7702,7936,8166,8338,8684,8728,9023,9258,9543,9813],[4.019381523748645,0.691153161953081,4.137164559405029,3.914021008090819,5.117993812416755,4.270695952029551,5.501740396570277,4.270695952029551,4.607168188650764,4.270695952029551,0.6792718340663283,0.691153161953081,0.6714286566053024,3.7316994512968646,0.691153161953081,4.270695952029551,0.691153161953081,4.830311739964974,3.383392757028649,0.691153161953081,3.914021008090819,5.523458920524919,5.995460552433328])",0.0
F117,hoax confirmed sources listen partner attack prevent ask. professor suggest one entire. still citizen main information artist. — shocking claims hoax surface internet.,"(10000,[8,116,429,503,656,815,1637,2543,2609,3252,3712,4377,4988,5693,5850,7117,7281,7816,7936,8190,8338,9023],[4.270695952029551,3.914021008090819,4.270695952029551,0.691153161953081,4.830311739964974,4.42484663185681,3.6516567436233283,3.914021008090819,5.523458920524919,3.7316994512968646,4.270695952029551,5.21137637688128,0.6792718340663283,4.270695952029551,0.691153161953081,5.117993812416755,0.6714286566053024,3.6516567436233283,0.691153161953081,4.019381523748645,0.691153161953081,0.691153161953081])",0.0
F173,secret cure confirmed sources without style become. including young yet. term science history receive stock reach remember. budget apply quickly hundred doctor traditional hotel. — shocking claims secret cure surface internet.,"(10000,[503,777,793,2188,3363,3391,3882,3892,4043,4486,4617,4988,4991,5169,5175,5849,5850,6543,6747,7281,7312,7334,7809,7936,8000,8338,8386,9023,9714],[0.691153161953081,4.42484663185681,4.270695952029551,5.117993812416755,4.42484663185681,4.42484663185681,4.42484663185681,5.1060889099104365,4.019381523748645,4.607168188650764,4.830311739964974,0.6792718340663283,2.579019941358479,5.117993812416755,4.830311739964974,5.523458920524919,0.691153161953081,3.8187108282864943,5.1060889099104365,0.6714286566053024,3.8187108282864943,4.019381523748645,3.8187108282864943,0.691153161953081,3.914021008090819,0.691153161953081,4.270695952029551,0.691153161953081,5.117993812416755])",0.0
F024,aliens confirmed sources agency care nor. letter follow measure discussion economic try. — shocking claims aliens surface internet.,"(10000,[503,528,564,650,765,3960,4988,5310,5315,5850,7281,7936,8338,8439,9023,9144,9367],[0.691153161953081,4.137164559405029,4.42484663185681,5.917019126126766,4.42484663185681,5.117993812416755,0.6792718340663283,4.270695952029551,4.137164559405029,0.691153161953081,0.6714286566053024,0.691153161953081,0.691153161953081,5.523458920524919,0.691153161953081,2.6902455764687034,4.270695952029551])",0.0
F096,celebrity scandal confirmed sources color sport hospital citizen wrong foot allow. century according return minute. — shocking claims celebrity scandal surface internet.,"(10000,[8,503,635,3486,4921,4930,4988,5850,6512,7175,7281,7564,7601,7841,7890,7936,8278,8338,9023,9832],[4.270695952029551,0.691153161953081,4.019381523748645,5.698620542196782,5.698620542196782,3.6516567436233283,0.6792718340663283,0.691153161953081,4.270695952029551,4.830311739964974,0.6714286566053024,4.42484663185681,5.523458920524919,4.137164559405029,4.607168188650764,0.691153161953081,4.019381523748645,0.691153161953081,0.691153161953081,4.42484663185681])",0.0
R247,new report public health behavior adult writer fund. economy skill however walk fish example like. natural official amount artist material. experts discuss ongoing developments public health.,"(10000,[72,217,585,735,911,1376,1770,3614,4506,4687,4988,5616,6142,6219,6505,6623,6906,7222,8485,8805,8931,9190,9462,9606,9968],[4.42484663185681,3.5085558999826545,0.6871770135734415,4.607168188650764,4.019381523748645,4.137164559405029,5.7688031818193215,0.6832166123573445,0.691153161953081,0.691153161953081,0.6792718340663283,5.523458920524919,3.914021008090819,3.172083663361442,0.6871770135734415,5.117993812416755,4.42484663185681,4.137164559405029,3.914021008090819,3.0385522707369192,3.8187108282864943,5.117993812416755,0.691153161953081,4.830311739964974,3.6516567436233283])",1.0
F226,government cover-up confirmed sources first sound similar skin support pretty tax. car everyone. land top. — shocking claims government cover-up surface internet.,"(10000,[503,2259,3674,3919,4529,4988,5563,5833,5850,6083,6166,6403,7046,7148,7281,7936,8217,8338,9023,9813],[0.691153161953081,5.501740396570277,4.607168188650764,4.137164559405029,4.830311739964974,0.6792718340663283,5.117993812416755,4.270695952029551,0.691153161953081,5.117993812416755,4.137164559405029,4.42484663185681,4.270695952029551,4.42484663185681,0.6714286566053024,0.691153161953081,4.42484663185681,0.691153161953081,0.691153161953081,5.995460552433328])",0.0
F100,flat earth confirmed sources listen rock step check. — shocking claims flat earth surface internet.,"(10000,[429,503,574,1558,2918,4988,5850,7281,7936,8338,9023,9394,9676],[4.270695952029551,0.691153161953081,3.6516567436233283,4.42484663185681,6.0771045414738385,0.6792718340663283,0.691153161953081,0.6714286566053024,0.691153161953081,0.691153161953081,0.691153161953081,5.523458920524919,6.0771045414738385])",0.0
F246,government cover-up confirmed sources since imagine rather itself. life sound late. — shocking claims government cover-up surface internet.,"(10000,[503,2259,2837,2862,3477,4988,5301,5850,6151,6166,6287,7281,7936,8338,9023,9813],[0.691153161953081,5.501740396570277,4.137164559405029,5.523458920524919,4.42484663185681,0.6792718340663283,4.019381523748645,0.691153161953081,4.830311739964974,4.137164559405029,3.914021008090819,0.6714286566053024,0.691153161953081,0.691153161953081,0.691153161953081,5.995460552433328])",0.0
F183,aliens confirmed sources whether quite everybody its. task event south third. — shocking claims aliens surface internet.,"(10000,[503,650,2561,3406,4816,4988,5850,6056,7015,7281,7728,7936,8151,8338,8451,9023],[0.691153161953081,5.917019126126766,4.270695952029551,4.830311739964974,3.7316994512968646,0.6792718340663283,0.691153161953081,3.8187108282864943,5.117993812416755,0.6714286566053024,4.830311739964974,0.691153161953081,4.137164559405029,0.691153161953081,4.137164559405029,0.691153161953081])",0.0
R063,new report policy worker whole perform partner. significant call tax evidence. thus claim imagine gas hospital. experts discuss ongoing developments policy.,"(10000,[585,627,934,1098,2676,3614,4142,4506,4590,4687,5146,5301,5607,5684,6505,6587,6944,8552,8937,9462,9588],[0.6871770135734415,4.607168188650764,5.117993812416755,3.8187108282864943,4.019381523748645,0.6832166123573445,2.6902455764687034,0.691153161953081,4.607168188650764,0.691153161953081,4.270695952029551,4.019381523748645,4.137164559405029,4.607168188650764,0.6871770135734415,4.019381523748645,2.849310271098391,4.270695952029551,4.607168188650764,0.691153161953081,4.830311739964974])",1.0
R005,new report election church general oil view. art suggest simply knowledge among. exist meet bad. experts discuss ongoing developments election.,"(10000,[132,585,1273,1642,2071,3556,3614,3935,4506,4687,5465,5972,6035,6505,6602,7816,7854,7864,9462,9940],[2.6330871626287546,0.6871770135734415,3.3262343431887,4.270695952029551,4.830311739964974,2.7826188965997183,0.6832166123573445,4.270695952029551,0.691153161953081,0.691153161953081,4.42484663185681,5.523458920524919,3.5085558999826545,0.6871770135734415,4.270695952029551,3.6516567436233283,4.137164559405029,4.42484663185681,0.691153161953081,4.019381523748645])",1.0
R084,new report election half agent let school strategy ok opportunity. feeling hand option woman bar. experts discuss ongoing developments election.,"(10000,[132,585,613,1780,1811,2291,2645,2679,3423,3556,3614,4506,4533,4563,4687,5016,6505,8267,9462,9613],[2.6330871626287546,0.6871770135734415,3.8187108282864943,4.137164559405029,4.830311739964974,4.42484663185681,3.8187108282864943,4.019381523748645,4.42484663185681,2.7826188965997183,0.6832166123573445,0.691153161953081,5.117993812416755,4.270695952029551,0.691153161953081,4.607168188650764,0.6871770135734415,4.270695952029551,0.691153161953081,4.019381523748645])",1.0
R124,new report education dream article government table economy. develop garden second training sit person. experts discuss ongoing developments education.,"(10000,[585,1241,1702,1750,2259,2366,3614,3931,4506,4683,4687,5047,5530,5936,6505,6946,7538,9256,9462],[0.6871770135734415,3.914021008090819,4.607168188650764,5.523458920524919,2.7508701982851385,4.607168188650764,0.6832166123573445,3.8187108282864943,0.691153161953081,4.830311739964974,0.691153161953081,2.7200985396183848,2.4789364828014966,4.137164559405029,0.6871770135734415,4.270695952029551,4.42484663185681,4.42484663185681,0.691153161953081])",1.0
R118,new report research school young operation eye reduce hour. sort bit service. successful onto show spend current radio sport. experts discuss ongoing developments research.,"(10000,[353,585,1341,1989,2111,2679,3614,4019,4221,4319,4506,4687,5659,5720,5922,6505,7066,7809,7825,8159,9086,9189,9432,9462],[4.019381523748645,0.6871770135734415,3.8187108282864943,4.137164559405029,5.523458920524919,4.019381523748645,0.6832166123573445,3.8187108282864943,5.523458920524919,3.7316994512968646,0.691153161953081,0.691153161953081,4.42484663185681,4.830311739964974,4.270695952029551,0.6871770135734415,2.920769235080536,3.8187108282864943,5.117993812416755,3.914021008090819,4.137164559405029,3.914021008090819,2.849310271098391,0.691153161953081])",1.0
F001,aliens confirmed sources born trade relate above. last rate product heart practice. computer bed fill strategy buy national wait. — shocking claims aliens surface internet.,"(10000,[80,253,419,447,503,650,988,2291,2406,3567,3989,4988,5850,6063,7281,7910,7936,8151,8338,9023,9497,9545,9727,9808],[5.117993812416755,3.8187108282864943,4.607168188650764,4.607168188650764,0.691153161953081,5.917019126126766,5.117993812416755,4.42484663185681,5.117993812416755,5.523458920524919,3.914021008090819,0.6792718340663283,0.691153161953081,5.117993812416755,0.6714286566053024,4.607168188650764,0.691153161953081,4.137164559405029,0.691153161953081,0.691153161953081,3.8187108282864943,4.830311739964974,3.914021008090819,3.914021008090819])",0.0
F007,immortal jellyfish confirmed sources environment section six somebody. evidence town fund edge attack. treat memory whose artist could. — shocking claims immortal jellyfish surface internet.,"(10000,[503,2054,2066,2407,3643,3921,4638,4715,4988,5401,5850,6941,6968,7281,7876,7936,8338,8741,8750,8931,9023,9539,9876],[0.691153161953081,3.8187108282864943,5.501740396570277,4.270695952029551,5.117993812416755,4.42484663185681,4.270695952029551,4.137164559405029,0.6792718340663283,4.607168188650764,0.691153161953081,4.607168188650764,3.6516567436233283,0.6714286566053024,4.830311739964974,0.691153161953081,0.691153161953081,5.523458920524919,4.607168188650764,3.8187108282864943,0.691153161953081,3.7316994512968646,5.501740396570277])",0.0
F046,mind control confirmed sources lay life see experience international anything. form major table grow since allow example. — shocking claims mind control surface internet.,"(10000,[188,503,1058,1208,1834,2404,3184,3477,3635,3931,4475,4835,4988,5354,5621,5850,6287,7281,7751,7936,8338,9023],[4.607168188650764,0.691153161953081,4.137164559405029,5.7688031818193215,5.117993812416755,4.270695952029551,5.698620542196782,4.42484663185681,4.607168188650764,3.8187108282864943,4.019381523748645,4.019381523748645,0.6792718340663283,4.42484663185681,4.830311739964974,0.691153161953081,3.914021008090819,0.6714286566053024,5.117993812416755,0.691153161953081,0.691153161953081,0.691153161953081])",0.0
R103,new report research per movie front. leader resource determine scientist agency use. experts discuss ongoing developments research.,"(10000,[298,585,765,1439,1526,1670,3614,4253,4506,4687,6226,6505,7066,7734,9021,9432,9462],[4.137164559405029,0.6871770135734415,4.42484663185681,4.137164559405029,4.019381523748645,4.270695952029551,0.6832166123573445,5.523458920524919,0.691153161953081,0.691153161953081,4.42484663185681,0.6871770135734415,2.920769235080536,4.270695952029551,4.019381523748645,2.849310271098391,0.691153161953081])",1.0
R037,new report budget report man fight mr wife half others. bill place but. yes heart upon challenge he. experts discuss ongoing developments budget report.,"(10000,[585,1780,2526,2569,2647,3021,3614,4506,4673,4687,4991,5044,5432,5935,6390,6505,6735,8135,8257,8927,9462,9808],[0.6871770135734415,4.137164559405029,4.270695952029551,3.8187108282864943,4.270695952029551,4.42484663185681,0.6832166123573445,0.691153161953081,5.523458920524919,0.691153161953081,5.158039882716958,3.8187108282864943,2.7508701982851385,3.6516567436233283,4.42484663185681,1.374354027146883,4.137164559405029,4.270695952029551,5.523458920524919,4.830311739964974,0.691153161953081,3.914021008090819])",1.0
F193,secret cure confirmed sources sing program early. side seven performance charge near herself. time two share notice as. — shocking claims secret cure surface internet.,"(10000,[503,573,1525,2238,3753,3892,3947,4728,4988,5850,5974,6035,6451,6747,6812,7281,7850,7936,8157,8338,9023,9351,9781],[0.691153161953081,4.42484663185681,3.383392757028649,5.523458920524919,5.117993812416755,5.1060889099104365,4.42484663185681,4.137164559405029,0.6792718340663283,0.691153161953081,3.5085558999826545,3.5085558999826545,3.4440173788450834,5.1060889099104365,4.019381523748645,0.6714286566053024,4.137164559405029,0.691153161953081,4.42484663185681,0.691153161953081,0.691153161953081,4.607168188650764,4.270695952029551])",0.0
R166,new report election ok fear sense partner amount. change sing sure simple commercial spring. experts discuss ongoing developments election.,"(10000,[116,132,387,585,1821,2095,2645,2913,3556,3614,4506,4687,5447,6443,6451,6505,9183,9462,9513],[3.914021008090819,2.6330871626287546,2.5530444549552183,0.6871770135734415,4.019381523748645,5.117993812416755,3.8187108282864943,3.577548771469606,2.7826188965997183,0.6832166123573445,0.691153161953081,0.691153161953081,4.019381523748645,3.914021008090819,3.4440173788450834,0.6871770135734415,4.607168188650764,0.691153161953081,3.577548771469606])",1.0
F017,immortal jellyfish confirmed sources gas usually environment try look happen. person agency loss order. ability young truth represent protect west. rise arm series good home ten. — shocking claims immortal jellyfish surface internet.,"(10000,[503,765,2066,2069,2407,2990,3249,3365,3681,3984,4463,4693,4816,4988,5329,5564,5607,5850,5987,6168,6235,7235,7281,7809,7936,8338,8717,9023,9415,9876,9939],[0.691153161953081,4.42484663185681,5.501740396570277,4.830311739964974,4.270695952029551,4.137164559405029,3.4440173788450834,4.137164559405029,4.019381523748645,4.42484663185681,4.270695952029551,4.42484663185681,3.7316994512968646,0.6792718340663283,4.137164559405029,5.523458920524919,4.137164559405029,0.691153161953081,5.117993812416755,4.830311739964974,5.523458920524919,4.42484663185681,0.6714286566053024,3.8187108282864943,0.691153161953081,0.691153161953081,4.270695952029551,0.691153161953081,5.523458920524919,5.501740396570277,4.42484663185681])",0.0
R008,new report economic growth issue stay anything along too. heart five able ten shake job hold. choice structure think federal. experts discuss ongoing developments economic growth.,"(10000,[23,320,433,557,585,2114,2180,2335,2782,2840,2996,3496,3614,4506,4687,5085,5974,6053,6505,6616,9034,9144,9462,9808,9873],[4.830311739964974,2.7826188965997183,4.270695952029551,4.019381523748645,0.6871770135734415,4.270695952029551,3.914021008090819,4.42484663185681,4.830311739964974,4.019381523748645,4.137164559405029,3.7316994512968646,0.6832166123573445,0.691153161953081,0.691153161953081,3.6516567436233283,3.5085558999826545,3.8187108282864943,0.6871770135734415,4.607168188650764,2.8844015909096608,5.380491152937407,0.691153161953081,3.914021008090819,5.117993812416755])",1.0
F071,celebrity scandal confirmed sources road effort value artist event. away office physical. race hair eat. — shocking claims celebrity scandal surface internet.,"(10000,[454,503,1116,2406,3486,3737,4921,4988,5279,5725,5726,5850,7281,7403,7664,7936,8338,8344,8931,9023],[3.3262343431887,0.691153161953081,4.830311739964974,5.117993812416755,5.698620542196782,4.270695952029551,5.698620542196782,0.6792718340663283,4.830311739964974,3.6516567436233283,4.137164559405029,0.691153161953081,0.6714286566053024,4.019381523748645,4.137164559405029,0.691153161953081,0.691153161953081,3.5085558999826545,3.8187108282864943,0.691153161953081])",0.0
F028,mind control confirmed sources hour level month. hospital fear well always. — shocking claims mind control surface internet.,"(10000,[157,503,527,1208,1481,1499,3184,4930,4988,5850,6816,7281,7936,8338,9023,9513],[3.2721671219184243,0.691153161953081,4.830311739964974,5.7688031818193215,5.117993812416755,3.8187108282864943,5.698620542196782,3.6516567436233283,0.6792718340663283,0.691153161953081,5.523458920524919,0.6714286566053024,0.691153161953081,0.691153161953081,0.691153161953081,3.577548771469606])",0.0
F227,immortal jellyfish confirmed sources keep evidence front send receive authority. heavy benefit perform radio minute major. — shocking claims immortal jellyfish surface internet.,"(10000,[503,504,1098,2006,2054,2066,3357,4617,4988,5523,5653,5850,7281,7936,8338,8949,9023,9086,9594,9829,9876],[0.691153161953081,4.42484663185681,3.8187108282864943,4.42484663185681,3.8187108282864943,5.501740396570277,4.019381523748645,4.830311739964974,0.6792718340663283,4.42484663185681,4.019381523748645,0.691153161953081,0.6714286566053024,0.691153161953081,0.691153161953081,3.5085558999826545,0.691153161953081,4.137164559405029,4.607168188650764,5.523458920524919,5.501740396570277])",0.0
R200,new report public health within race imagine administration information. congress occur central matter the. experts discuss ongoing developments public health.,"(10000,[454,585,1770,1921,2260,2402,3614,4506,4687,5185,5301,5955,6219,6505,8728,8805,8928,9462,9817],[3.3262343431887,0.6871770135734415,5.7688031818193215,4.830311739964974,4.607168188650764,4.019381523748645,0.6832166123573445,0.691153161953081,0.691153161953081,4.270695952029551,4.019381523748645,5.523458920524919,3.172083663361442,0.6871770135734415,3.383392757028649,3.0385522707369192,4.270695952029551,0.691153161953081,3.7316994512968646])",1.0
R225,new report climate change education world work increase special. society goal environmental attack early human mrs outside. north everything nothing major worry need partner. experts discuss ongoing developments climate change.,"(10000,[327,387,585,821,1058,1778,2059,3614,4092,4292,4506,4590,4687,5089,5118,5530,5693,6027,6505,6537,7954,7963,8303,8343,9156,9360,9462,9527,9751],[4.019381523748645,2.5530444549552183,0.6871770135734415,5.698620542196782,4.137164559405029,3.914021008090819,2.60568818844064,0.6832166123573445,4.137164559405029,4.270695952029551,0.691153161953081,4.607168188650764,0.691153161953081,4.42484663185681,5.117993812416755,2.4789364828014966,4.270695952029551,4.019381523748645,0.6871770135734415,4.270695952029551,5.117993812416755,3.7316994512968646,4.830311739964974,3.914021008090819,3.7316994512968646,4.137164559405029,0.691153161953081,4.137164559405029,4.270695952029551])",1.0
R062,new report budget report card cultural look half. employee leader year seek fear similar. experts discuss ongoing developments budget report.,"(10000,[171,585,1526,1776,2144,3614,4062,4506,4687,4991,5432,6505,6548,8899,9233,9462,9513,9939],[4.830311739964974,0.6871770135734415,4.019381523748645,5.523458920524919,4.270695952029551,0.6832166123573445,5.117993812416755,0.691153161953081,0.691153161953081,5.158039882716958,2.7508701982851385,1.374354027146883,4.137164559405029,4.270695952029551,4.42484663185681,0.691153161953081,3.577548771469606,4.42484663185681])",1.0
F033,hoax confirmed sources become box yard act anything drug. yes best right future. — shocking claims hoax surface internet.,"(10000,[424,503,763,1790,2114,3980,4377,4988,5044,5850,6928,7090,7281,7922,7936,8338,8547,9023],[4.019381523748645,0.691153161953081,3.7316994512968646,4.270695952029551,4.270695952029551,5.117993812416755,5.21137637688128,0.6792718340663283,3.8187108282864943,0.691153161953081,5.117993812416755,4.137164559405029,0.6714286566053024,4.607168188650764,0.691153161953081,0.691153161953081,5.117993812416755,0.691153161953081])",0.0
F012,hoax confirmed sources enter eight cup grow add. attack never apply pattern popular party fill. wear walk analysis democrat hope. material involve professional interest involve. — shocking claims hoax surface internet.,"(10000,[70,281,453,503,617,1296,1379,2155,2404,3059,3231,4377,4988,5234,5693,5850,6142,6148,6271,6581,7108,7281,7312,7435,7936,8338,8344,8482,9023,9918],[4.137164559405029,4.607168188650764,4.270695952029551,0.691153161953081,4.42484663185681,4.019381523748645,4.607168188650764,4.019381523748645,4.270695952029551,4.137164559405029,3.914021008090819,5.21137637688128,0.6792718340663283,4.270695952029551,4.270695952029551,0.691153161953081,3.914021008090819,3.7316994512968646,3.914021008090819,4.137164559405029,5.523458920524919,0.6714286566053024,3.8187108282864943,4.137164559405029,0.691153161953081,0.691153161953081,3.5085558999826545,4.019381523748645,0.691153161953081,5.523458920524919])",0.0
R121,new report research argue guess early establish anything. hard nature voice seek message sit. glass issue prevent instead hospital. experts discuss ongoing developments research.,"(10000,[171,585,934,2715,2778,2923,3252,3530,3611,3614,3730,4092,4506,4527,4687,5125,6505,6616,6932,7066,7751,8660,9432,9462],[4.830311739964974,0.6871770135734415,5.117993812416755,5.117993812416755,4.830311739964974,3.7316994512968646,3.7316994512968646,4.019381523748645,4.42484663185681,0.6832166123573445,4.270695952029551,4.137164559405029,0.691153161953081,4.137164559405029,0.691153161953081,3.7316994512968646,0.6871770135734415,4.607168188650764,4.830311739964974,2.920769235080536,5.117993812416755,4.607168188650764,2.849310271098391,0.691153161953081])",1.0
F210,aliens confirmed sources first cultural economy might. explain trip expert nation couple item congress. — shocking claims aliens surface internet.,"(10000,[217,503,650,914,1916,2513,4014,4988,5341,5782,5850,6403,6729,7281,7702,7936,8338,9023,9233],[3.5085558999826545,0.691153161953081,5.917019126126766,4.019381523748645,4.42484663185681,5.117993812416755,4.270695952029551,0.6792718340663283,4.270695952029551,4.42484663185681,0.691153161953081,4.42484663185681,4.607168188650764,0.6714286566053024,3.7316994512968646,0.691153161953081,0.691153161953081,0.691153161953081,4.42484663185681])",0.0
F151,hoax confirmed sources large mouth blood fear. board future table collection best. — shocking claims hoax surface internet.,"(10000,[503,2359,3931,4377,4988,5850,6043,6488,7022,7281,7454,7497,7615,7936,8209,8338,9023],[0.691153161953081,3.914021008090819,3.8187108282864943,5.21137637688128,0.6792718340663283,0.691153161953081,4.607168188650764,3.8187108282864943,4.607168188650764,0.6714286566053024,4.42484663185681,4.830311739964974,4.830311739964974,0.691153161953081,4.270695952029551,0.691153161953081,0.691153161953081])",0.0
F099,secret cure confirmed sources order must near fine human half top. share american style relationship save. — shocking claims secret cure surface internet.,"(10000,[503,980,1023,1226,1780,3892,3947,4260,4988,5850,5974,6083,6431,6747,7281,7652,7936,8000,8303,8338,9023],[0.691153161953081,5.117993812416755,4.607168188650764,4.270695952029551,4.137164559405029,5.1060889099104365,4.42484663185681,3.7316994512968646,0.6792718340663283,0.691153161953081,3.5085558999826545,5.117993812416755,4.270695952029551,5.1060889099104365,0.6714286566053024,3.914021008090819,0.691153161953081,3.914021008090819,4.830311739964974,0.691153161953081,0.691153161953081])",0.0
R090,new report technology breakthrough relationship baby soon foot. experts discuss ongoing developments technology breakthrough.,"(10000,[585,1020,1041,1348,2041,2227,3481,3614,4260,4506,4687,6505,9462],[0.6871770135734415,5.1060889099104365,5.523458920524919,4.137164559405029,4.270695952029551,2.7200985396183848,2.7200985396183848,0.6832166123573445,3.7316994512968646,0.691153161953081,0.691153161953081,0.6871770135734415,0.691153161953081])",1.0
R125,new report budget report born beautiful explain beyond. treatment among family go pretty. experts discuss ongoing developments budget report.,"(10000,[142,585,1273,3614,4506,4687,4991,5341,5432,6451,6505,7362,8015,8297,9324,9462,9545],[4.42484663185681,0.6871770135734415,3.3262343431887,0.6832166123573445,0.691153161953081,0.691153161953081,5.158039882716958,4.270695952029551,2.7508701982851385,3.4440173788450834,1.374354027146883,4.137164559405029,3.8187108282864943,3.914021008090819,5.117993812416755,0.691153161953081,4.830311739964974])",1.0
R091,new report climate change far product already. suddenly center body million type measure election. experts discuss ongoing developments climate change.,"(10000,[387,447,528,585,821,841,1480,2059,3526,3556,3614,4158,4506,4687,6505,8581,8651,9181,9462],[2.5530444549552183,4.607168188650764,4.137164559405029,0.6871770135734415,5.698620542196782,3.8187108282864943,4.42484663185681,2.60568818844064,3.8187108282864943,2.7826188965997183,0.6832166123573445,3.577548771469606,0.691153161953081,0.691153161953081,0.6871770135734415,4.42484663185681,4.42484663185681,5.117993812416755,0.691153161953081])",1.0
R157,new report climate change every cultural fill type then. carry father speak director. experts discuss ongoing developments climate change.,"(10000,[387,454,585,821,1800,2059,3526,3614,4506,4687,4732,5379,6505,8408,9233,9462,9681,9727],[2.5530444549552183,3.3262343431887,0.6871770135734415,5.698620542196782,4.270695952029551,2.60568818844064,3.8187108282864943,0.6832166123573445,0.691153161953081,0.691153161953081,4.270695952029551,5.117993812416755,0.6871770135734415,5.117993812416755,4.42484663185681,0.691153161953081,4.270695952029551,3.914021008090819])",1.0
F098,miracle drug confirmed sources night white computer within different bank million. expect near mrs manager sport dream. later someone let today talk. — shocking claims miracle drug surface internet.,"(10000,[503,560,1256,1652,2430,3671,3691,3809,4988,5843,5850,5974,6683,6869,7281,7724,7860,7936,8151,8267,8278,8338,8982,9023,9751,9806,9817],[0.691153161953081,4.607168188650764,6.251127295453098,4.019381523748645,5.523458920524919,4.607168188650764,3.8187108282864943,5.523458920524919,0.6792718340663283,4.270695952029551,0.691153161953081,3.5085558999826545,4.019381523748645,3.6516567436233283,0.6714286566053024,5.117993812416755,5.841538470161072,0.691153161953081,4.137164559405029,4.270695952029551,4.019381523748645,0.691153161953081,4.270695952029551,0.691153161953081,4.270695952029551,4.137164559405029,3.7316994512968646])",0.0
F164,immortal jellyfish confirmed sources something none whatever project film method. see fish force painting activity. guy section interest continue. — shocking claims immortal jellyfish surface internet.,"(10000,[70,94,391,503,1034,1376,2066,2230,4988,5003,5354,5850,6221,6968,7281,7417,7695,7936,8338,8463,9023,9826,9831,9876],[4.137164559405029,4.607168188650764,3.7316994512968646,0.691153161953081,4.270695952029551,4.137164559405029,5.501740396570277,3.914021008090819,0.6792718340663283,3.914021008090819,4.42484663185681,0.691153161953081,5.117993812416755,3.6516567436233283,0.6714286566053024,5.117993812416755,3.577548771469606,0.691153161953081,0.691153161953081,5.117993812416755,0.691153161953081,4.270695952029551,4.830311739964974,5.501740396570277])",0.0
R050,new report economic growth among even seat far. forget remain road right half always sort. maybe onto interview. experts discuss ongoing developments economic growth.,"(10000,[47,320,585,1780,1790,2571,3614,4319,4506,4687,4818,5138,5205,5725,6406,6505,7146,7362,9011,9034,9144,9311,9462],[4.019381523748645,2.7826188965997183,0.6871770135734415,4.137164559405029,4.270695952029551,5.117993812416755,0.6832166123573445,3.7316994512968646,0.691153161953081,0.691153161953081,4.270695952029551,4.607168188650764,3.914021008090819,3.6516567436233283,4.019381523748645,0.6871770135734415,3.8187108282864943,4.137164559405029,4.019381523748645,2.8844015909096608,5.380491152937407,5.117993812416755,0.691153161953081])",1.0
R249,new report climate change scene finally artist brother middle school professional. experts discuss ongoing developments climate change.,"(10000,[291,387,585,821,1817,2059,2679,3614,4506,4687,5844,6505,7691,8931,9462,9878],[4.137164559405029,2.5530444549552183,0.6871770135734415,5.698620542196782,4.019381523748645,2.60568818844064,4.019381523748645,0.6832166123573445,0.691153161953081,0.691153161953081,4.019381523748645,0.6871770135734415,5.523458920524919,3.8187108282864943,0.691153161953081,3.914021008090819])",1.0
R093,new report election interest positive blue couple action rich ever. ready prepare enough as. experts discuss ongoing developments election.,"(10000,[1,70,132,585,2286,3556,3614,4506,4687,4748,5768,6035,6212,6505,6557,6633,7702,8404,9462],[4.019381523748645,4.137164559405029,2.6330871626287546,0.6871770135734415,4.607168188650764,2.7826188965997183,0.6832166123573445,0.691153161953081,0.691153161953081,3.8187108282864943,4.830311739964974,3.5085558999826545,4.019381523748645,0.6871770135734415,3.914021008090819,4.607168188650764,3.7316994512968646,5.117993812416755,0.691153161953081])",1.0
R131,new report education near huge foreign generation. region market police majority long tend. experts discuss ongoing developments education.,"(10000,[585,2198,2657,3614,3876,4506,4687,4695,5047,5530,5797,5974,6206,6505,8159,8904,9244,9462],[0.6871770135734415,4.607168188650764,4.137164559405029,0.6832166123573445,3.6516567436233283,0.691153161953081,0.691153161953081,4.830311739964974,2.7200985396183848,2.4789364828014966,5.117993812416755,3.5085558999826545,3.8187108282864943,0.6871770135734415,3.914021008090819,4.830311739964974,4.607168188650764,0.691153161953081])",1.0
F107,flat earth confirmed sources level firm write leader newspaper. tell learn whose source simply. — shocking claims flat earth surface internet.,"(10000,[503,816,1499,1526,1850,2918,4737,4988,5445,5850,5967,7281,7721,7936,8338,8894,9023,9539,9676],[0.691153161953081,5.523458920524919,3.8187108282864943,4.019381523748645,4.607168188650764,6.0771045414738385,4.830311739964974,0.6792718340663283,4.830311739964974,0.691153161953081,4.42484663185681,0.6714286566053024,3.914021008090819,0.691153161953081,0.691153161953081,4.137164559405029,0.691153161953081,3.7316994512968646,6.0771045414738385])",0.0
F153,hoax confirmed sources notice window money room happy page wall. require material enter past laugh. possible sing news paper. single time never industry others home. — shocking claims hoax surface internet.,"(10000,[281,494,503,1525,2403,2433,2827,3010,3072,3231,3673,4377,4988,5347,5850,5861,6100,6103,6451,6940,7281,7435,7889,7936,8157,8338,8449,9023,9275,9766],[4.607168188650764,5.117993812416755,0.691153161953081,3.383392757028649,4.42484663185681,4.607168188650764,4.607168188650764,4.607168188650764,5.523458920524919,3.914021008090819,5.523458920524919,5.21137637688128,0.6792718340663283,4.019381523748645,0.691153161953081,5.117993812416755,4.137164559405029,3.914021008090819,3.4440173788450834,4.137164559405029,0.6714286566053024,4.137164559405029,4.607168188650764,0.691153161953081,4.42484663185681,0.691153161953081,4.270695952029551,0.691153161953081,4.270695952029551,4.270695952029551])",0.0
F091,flat earth confirmed sources interview song whatever oil recognize. throw really forget lot face. lawyer sign rate stand suffer account. — shocking claims flat earth surface internet.,"(10000,[253,503,2918,4112,4943,4988,5850,6035,6135,6756,6886,7146,7281,7350,7381,7695,7936,8325,8338,9021,9023,9211,9297,9676],[3.8187108282864943,0.691153161953081,6.0771045414738385,4.137164559405029,4.019381523748645,0.6792718340663283,0.691153161953081,7.017111799965309,4.270695952029551,3.914021008090819,4.607168188650764,3.8187108282864943,0.6714286566053024,4.270695952029551,5.117993812416755,3.577548771469606,0.691153161953081,4.607168188650764,0.691153161953081,4.019381523748645,0.691153161953081,4.830311739964974,5.117993812416755,6.0771045414738385])",0.0
R246,new report economic growth small common response. read clear usually let look. provide suggest doctor travel leg. experts discuss ongoing developments economic growth.,"(10000,[222,320,585,777,1238,1611,1868,2990,3614,4506,4687,5946,6332,6505,7650,7816,8267,8411,8681,9034,9144,9462],[4.830311739964974,2.7826188965997183,0.6871770135734415,4.42484663185681,5.117993812416755,4.607168188650764,5.117993812416755,4.137164559405029,0.6832166123573445,0.691153161953081,0.691153161953081,4.270695952029551,4.270695952029551,0.6871770135734415,4.607168188650764,3.6516567436233283,4.270695952029551,3.577548771469606,4.019381523748645,2.8844015909096608,5.380491152937407,0.691153161953081])",1.0
F004,secret cure confirmed sources certain possible choose building. young real happy. — shocking claims secret cure surface internet.,"(10000,[503,2278,2956,3892,4988,5850,6100,6747,7281,7809,7936,8338,9023,9288,9691,9706],[0.691153161953081,5.523458920524919,4.42484663185681,5.1060889099104365,0.6792718340663283,0.691153161953081,4.137164559405029,5.1060889099104365,0.6714286566053024,3.8187108282864943,0.691153161953081,0.691153161953081,0.691153161953081,4.270695952029551,4.270695952029551,4.607168188650764])",0.0
F220,celebrity scandal confirmed sources discussion budget manage meeting author. yes road simply plant assume ok. history upon table former system. — shocking claims celebrity scandal surface internet.,"(10000,[20,373,503,1642,2664,3486,3931,4160,4921,4988,4991,5044,5315,5553,5725,5850,6358,6543,6735,7244,7281,7883,7936,8338,9023],[3.914021008090819,4.42484663185681,0.691153161953081,4.270695952029551,4.42484663185681,5.698620542196782,3.8187108282864943,4.137164559405029,5.698620542196782,0.6792718340663283,2.579019941358479,3.8187108282864943,4.137164559405029,5.523458920524919,3.6516567436233283,0.691153161953081,5.117993812416755,3.8187108282864943,4.137164559405029,3.6516567436233283,0.6714286566053024,4.270695952029551,0.691153161953081,0.691153161953081,0.691153161953081])",0.0
F121,hoax confirmed sources consumer remain decide short. like hope build determine couple role. — shocking claims hoax surface internet.,"(10000,[503,746,3014,3330,4377,4988,5205,5850,6000,7281,7702,7734,7936,8293,8338,9023,9475,9974],[0.691153161953081,4.830311739964974,4.607168188650764,4.270695952029551,5.21137637688128,0.6792718340663283,3.914021008090819,0.691153161953081,3.914021008090819,0.6714286566053024,3.7316994512968646,4.270695952029551,0.691153161953081,3.914021008090819,0.691153161953081,0.691153161953081,4.42484663185681,4.830311739964974])",0.0
F245,mind control confirmed sources city full. common simple memory something dream course. air late car friend road big bar. — shocking claims mind control surface internet.,"(10000,[88,488,503,1208,1811,2366,2913,3048,3079,3184,3674,4499,4988,5495,5725,5850,6332,6941,7281,7936,8338,8993,9023,9826],[4.270695952029551,4.42484663185681,0.691153161953081,5.7688031818193215,4.830311739964974,4.607168188650764,3.577548771469606,3.914021008090819,3.8187108282864943,5.698620542196782,4.607168188650764,4.830311739964974,0.6792718340663283,4.607168188650764,3.6516567436233283,0.691153161953081,4.270695952029551,4.607168188650764,0.6714286566053024,0.691153161953081,0.691153161953081,4.607168188650764,0.691153161953081,4.270695952029551])",0.0
R035,new report climate change manager design fish seven night main. increase central decade. science run citizen treatment election. experts discuss ongoing developments climate change.,"(10000,[8,266,387,585,821,997,1376,1652,2059,3363,3556,3614,3922,4506,4687,6505,6869,7850,7963,8015,8928,9462,9668],[4.270695952029551,4.607168188650764,2.5530444549552183,0.6871770135734415,5.698620542196782,5.117993812416755,4.137164559405029,4.019381523748645,2.60568818844064,4.42484663185681,2.7826188965997183,0.6832166123573445,4.42484663185681,0.691153161953081,0.691153161953081,0.6871770135734415,3.6516567436233283,4.137164559405029,3.7316994512968646,3.8187108282864943,4.270695952029551,0.691153161953081,5.117993812416755])",1.0
R024,new report education sell rock history. everyone positive show water history matter. remain cell pick determine. experts discuss ongoing developments education.,"(10000,[1,574,585,2589,3210,3614,4019,4485,4506,4687,5047,5205,5530,6505,6543,7372,7424,7968,8512,8893,9462],[4.019381523748645,3.6516567436233283,0.6871770135734415,4.137164559405029,4.830311739964974,0.6832166123573445,3.8187108282864943,4.019381523748645,0.691153161953081,0.691153161953081,2.7200985396183848,3.914021008090819,2.4789364828014966,0.6871770135734415,3.8187108282864943,4.137164559405029,5.523458920524919,4.830311739964974,5.523458920524919,4.019381523748645,0.691153161953081])",1.0
F079,miracle drug confirmed sources court argue challenge moment newspaper southern much. recent far woman develop young. — shocking claims miracle drug surface internet.,"(10000,[503,1241,1256,3238,3401,3730,3743,4158,4563,4568,4988,5252,5591,5850,5935,7281,7634,7860,7936,8338,9023],[0.691153161953081,3.914021008090819,6.251127295453098,4.270695952029551,4.270695952029551,4.270695952029551,4.42484663185681,3.577548771469606,4.270695952029551,4.019381523748645,0.6792718340663283,4.830311739964974,4.137164559405029,0.691153161953081,3.6516567436233283,0.6714286566053024,5.523458920524919,5.841538470161072,0.691153161953081,0.691153161953081,0.691153161953081])",0.0
R094,new report policy chance especially economic either month last key. skill fear ready country. experts discuss ongoing developments policy.,"(10000,[346,585,3614,3989,4142,4506,4657,4687,5741,6505,6557,6944,8173,9062,9126,9144,9462,9513,9968],[5.523458920524919,0.6871770135734415,0.6832166123573445,3.914021008090819,2.6902455764687034,0.691153161953081,4.607168188650764,0.691153161953081,4.270695952029551,0.6871770135734415,3.914021008090819,2.849310271098391,3.383392757028649,5.523458920524919,4.137164559405029,2.6902455764687034,0.691153161953081,3.577548771469606,3.6516567436233283])",1.0
R040,new report policy seven score money end happy. win yet west form. evening work popular into. experts discuss ongoing developments policy.,"(10000,[442,453,585,1927,2398,2956,3614,4037,4142,4249,4506,4687,5085,5286,6103,6148,6505,6944,7850,9462,9527],[4.607168188650764,4.270695952029551,0.6871770135734415,4.019381523748645,4.137164559405029,4.42484663185681,0.6832166123573445,4.019381523748645,2.6902455764687034,5.523458920524919,0.691153161953081,0.691153161953081,3.6516567436233283,3.914021008090819,3.914021008090819,3.7316994512968646,0.6871770135734415,2.849310271098391,4.137164559405029,0.691153161953081,4.137164559405029])",1.0
F170,immortal jellyfish confirmed sources trial data song lot major carry. begin hit enough knowledge. — shocking claims immortal jellyfish surface internet.,"(10000,[503,1058,1513,1695,2066,3410,3881,4748,4943,4988,5850,6805,7281,7350,7936,8252,8338,9023,9876],[0.691153161953081,4.137164559405029,4.607168188650764,4.270695952029551,5.501740396570277,4.607168188650764,5.523458920524919,3.8187108282864943,4.019381523748645,0.6792718340663283,0.691153161953081,5.117993812416755,0.6714286566053024,4.270695952029551,0.691153161953081,4.42484663185681,0.691153161953081,0.691153161953081,5.501740396570277])",0.0
F130,immortal jellyfish confirmed sources challenge simple beautiful economic rich. impact think interview change drive certainly. — shocking claims immortal jellyfish surface internet.,"(10000,[387,503,1273,1972,2066,2335,2913,4988,5442,5850,5935,6035,6325,7019,7281,7936,8338,9023,9144,9876],[2.5530444549552183,0.691153161953081,3.3262343431887,4.019381523748645,5.501740396570277,4.42484663185681,3.577548771469606,0.6792718340663283,5.117993812416755,0.691153161953081,3.6516567436233283,3.5085558999826545,4.019381523748645,5.117993812416755,0.6714286566053024,0.691153161953081,0.691153161953081,0.691153161953081,2.6902455764687034,5.501740396570277])",0.0
R085,new report economic growth girl somebody little perform. different pass magazine example. experts discuss ongoing developments economic growth.,"(10000,[320,585,1029,1590,1834,3089,3614,4506,4687,6505,6683,8392,8413,9034,9144,9462,9513],[2.7826188965997183,0.6871770135734415,3.8187108282864943,4.019381523748645,5.117993812416755,4.137164559405029,0.6832166123573445,0.691153161953081,0.691153161953081,0.6871770135734415,4.019381523748645,4.607168188650764,4.019381523748645,2.8844015909096608,5.380491152937407,0.691153161953081,3.577548771469606])",1.0
R054,new report budget report upon tv fine interesting star give boy. coach yard identify people deal page rather. experts discuss ongoing developments budget report.,"(10000,[424,585,1433,1661,2827,3514,3614,3634,3783,3967,4263,4506,4547,4687,4991,5170,5432,6431,6505,6735,8046,9462],[4.019381523748645,0.6871770135734415,4.42484663185681,5.523458920524919,4.607168188650764,4.42484663185681,0.6832166123573445,4.42484663185681,4.607168188650764,4.270695952029551,4.270695952029551,0.691153161953081,4.137164559405029,0.691153161953081,5.158039882716958,4.019381523748645,2.7508701982851385,4.270695952029551,1.374354027146883,4.137164559405029,4.607168188650764,0.691153161953081])",1.0
R047,new report technology breakthrough arrive weight modern eye past. ask network enough body success create today. experts discuss ongoing developments technology breakthrough.,"(10000,[585,841,1020,1341,1404,2227,2336,3308,3481,3507,3614,3882,4506,4687,4748,6505,7391,8004,9152,9462,9828],[0.6871770135734415,3.8187108282864943,5.1060889099104365,3.8187108282864943,4.270695952029551,2.7200985396183848,4.270695952029551,5.523458920524919,2.7200985396183848,4.137164559405029,0.6832166123573445,4.42484663185681,0.691153161953081,0.691153161953081,3.8187108282864943,0.6871770135734415,3.7316994512968646,3.577548771469606,4.42484663185681,0.691153161953081,4.270695952029551])",1.0
R199,new report economic growth surface clearly population property wind back. arrive somebody consider tv show safe heart. little seven certain build. experts discuss ongoing developments economic growth.,"(10000,[312,320,585,691,1590,2110,2558,2733,3089,3614,4019,4506,4547,4687,5598,6505,7281,7391,7642,7850,8238,9034,9144,9258,9288,9462],[4.607168188650764,2.7826188965997183,0.6871770135734415,5.523458920524919,4.019381523748645,5.117993812416755,4.137164559405029,4.019381523748645,4.137164559405029,0.6832166123573445,3.8187108282864943,0.691153161953081,4.137164559405029,0.691153161953081,5.117993812416755,0.6871770135734415,0.6714286566053024,3.7316994512968646,4.830311739964974,4.137164559405029,4.270695952029551,2.8844015909096608,5.380491152937407,3.914021008090819,4.270695952029551,0.691153161953081])",1.0
F062,miracle drug confirmed sources important relationship usually everything book collection. loss million night little school others avoid. group ready interesting office else. — shocking claims miracle drug surface internet.,"(10000,[393,503,1175,1256,1590,1967,2679,2990,3634,3652,4260,4988,5329,5850,6557,6869,6940,7281,7766,7860,7936,8338,8344,8651,9023,9156,9757],[3.914021008090819,0.691153161953081,4.830311739964974,6.251127295453098,4.019381523748645,4.42484663185681,4.019381523748645,4.137164559405029,4.42484663185681,3.914021008090819,3.7316994512968646,0.6792718340663283,4.137164559405029,0.691153161953081,3.914021008090819,3.6516567436233283,4.137164559405029,0.6714286566053024,4.270695952029551,5.841538470161072,0.691153161953081,0.691153161953081,3.5085558999826545,4.42484663185681,0.691153161953081,3.7316994512968646,4.830311739964974])",0.0
R244,new report technology breakthrough entire blood beyond next law. soldier soldier deep ago instead money south. look travel record without important. experts discuss ongoing developments technology breakthrough.,"(10000,[585,1020,1762,1896,2227,2359,3065,3481,3614,4043,4141,4347,4506,4527,4640,4687,6103,6505,8273,8538,8681,8824,8900,9462,9939],[0.6871770135734415,5.1060889099104365,4.137164559405029,4.019381523748645,2.7200985396183848,3.914021008090819,5.117993812416755,2.7200985396183848,0.6832166123573445,4.019381523748645,8.274329118810059,4.137164559405029,0.691153161953081,4.137164559405029,4.607168188650764,0.691153161953081,3.914021008090819,0.6871770135734415,4.607168188650764,5.117993812416755,4.019381523748645,4.137164559405029,4.019381523748645,0.691153161953081,4.42484663185681])",1.0
R107,new report election minute business charge card administration. notice near save top one. experts discuss ongoing developments election.,"(10000,[132,585,1525,2144,2466,3357,3556,3614,3684,4506,4520,4687,5328,5374,5974,6505,6812,9462],[2.6330871626287546,0.6871770135734415,3.383392757028649,4.270695952029551,5.523458920524919,4.019381523748645,2.7826188965997183,0.6832166123573445,4.019381523748645,0.691153161953081,4.270695952029551,0.691153161953081,4.137164559405029,4.42484663185681,3.5085558999826545,0.6871770135734415,4.019381523748645,0.691153161953081])",1.0
F148,aliens confirmed sources per enough wish raise. treatment decade system political exactly man. — shocking claims aliens surface internet.,"(10000,[298,495,503,650,2096,3935,3996,4046,4748,4988,5850,6030,7281,7593,7936,8015,8338,9023],[4.137164559405029,5.117993812416755,0.691153161953081,5.917019126126766,4.270695952029551,4.270695952029551,4.42484663185681,4.830311739964974,3.8187108282864943,0.6792718340663283,0.691153161953081,4.270695952029551,0.6714286566053024,5.523458920524919,0.691153161953081,3.8187108282864943,0.691153161953081,0.691153161953081])",0.0
F023,mind control confirmed sources study red yard address. phone evidence attention house out. movement officer partner future. enjoy beautiful less put cause voice. — shocking claims mind control surface internet.,"(10000,[52,116,217,316,424,503,696,1195,1208,1259,1273,1626,1805,2054,3144,3184,4224,4988,5294,5778,5836,5850,7281,7936,8338,8547,8871,9023],[4.42484663185681,3.914021008090819,3.5085558999826545,4.270695952029551,4.019381523748645,0.691153161953081,4.270695952029551,3.914021008090819,5.7688031818193215,4.137164559405029,3.3262343431887,4.42484663185681,5.117993812416755,3.8187108282864943,4.270695952029551,5.698620542196782,3.914021008090819,0.6792718340663283,4.270695952029551,4.830311739964974,4.270695952029551,0.691153161953081,0.6714286566053024,0.691153161953081,0.691153161953081,5.117993812416755,3.914021008090819,0.691153161953081])",0.0
R075,new report budget report move onto soon. nearly democratic movie position amount. important evening return billion wrong everything final business. experts discuss ongoing developments budget report.,"(10000,[258,585,635,1339,1439,1653,1967,2095,2866,3614,4319,4506,4546,4687,4991,5286,5432,5606,5635,6282,6505,6512,9156,9462],[4.607168188650764,0.6871770135734415,4.019381523748645,3.914021008090819,4.137164559405029,4.137164559405029,4.42484663185681,5.117993812416755,4.42484663185681,0.6832166123573445,3.7316994512968646,0.691153161953081,5.117993812416755,0.691153161953081,5.158039882716958,3.914021008090819,2.7508701982851385,4.137164559405029,5.523458920524919,4.42484663185681,1.374354027146883,4.270695952029551,3.7316994512968646,0.691153161953081])",1.0
R220,new report public health give thought free campaign. kid question today recently position ten suffer model. experts discuss ongoing developments public health.,"(10000,[55,585,1073,1339,1770,2034,2947,3614,3723,3783,4506,4687,5085,5856,6135,6219,6505,8805,9156,9462,9806],[4.607168188650764,0.6871770135734415,3.914021008090819,3.914021008090819,5.7688031818193215,4.019381523748645,4.137164559405029,0.6832166123573445,4.270695952029551,4.607168188650764,0.691153161953081,0.691153161953081,3.6516567436233283,5.117993812416755,4.270695952029551,3.172083663361442,0.6871770135734415,3.0385522707369192,3.7316994512968646,0.691153161953081,4.137164559405029])",1.0
R099,new report economic growth stop capital grow material international. police name people mission. away late model two recently possible white. guy item reach particular. experts discuss ongoing developments economic growth.,"(10000,[15,94,320,585,796,1916,2034,2404,2886,3079,3231,3614,3737,3876,4263,4489,4506,4687,4728,6100,6505,6541,6877,7102,8386,8633,9034,9144,9462],[4.137164559405029,4.607168188650764,2.7826188965997183,0.6871770135734415,4.270695952029551,4.42484663185681,4.019381523748645,4.270695952029551,5.523458920524919,3.8187108282864943,3.914021008090819,0.6832166123573445,4.270695952029551,3.6516567436233283,4.270695952029551,4.830311739964974,0.691153161953081,0.691153161953081,4.137164559405029,4.137164559405029,0.6871770135734415,4.270695952029551,4.830311739964974,5.523458920524919,4.270695952029551,4.830311739964974,2.8844015909096608,5.380491152937407,0.691153161953081])",1.0
F066,flat earth confirmed sources stuff especially tv share shake. young reason cost art generation field. — shocking claims flat earth surface internet.,"(10000,[503,2918,2944,3132,3947,4490,4547,4988,5850,6176,6963,7281,7722,7809,7854,7936,8173,8338,9023,9676],[0.691153161953081,6.0771045414738385,4.270695952029551,5.523458920524919,4.42484663185681,4.607168188650764,4.137164559405029,0.6792718340663283,0.691153161953081,5.117993812416755,4.270695952029551,0.6714286566053024,4.42484663185681,3.8187108282864943,4.137164559405029,0.691153161953081,3.383392757028649,0.691153161953081,0.691153161953081,6.0771045414738385])",0.0
F060,flat earth confirmed sources exist civil education popular might risk. candidate full boy. purpose imagine face fire camera. soldier feel dark. — shocking claims flat earth surface internet.,"(10000,[503,593,2918,3115,3192,3924,4034,4141,4358,4988,5191,5301,5530,5850,6148,6602,6711,6717,7281,7936,8046,8089,8338,8897,9023,9676],[0.691153161953081,4.607168188650764,6.0771045414738385,4.270695952029551,4.607168188650764,4.42484663185681,4.607168188650764,4.137164559405029,4.137164559405029,0.6792718340663283,4.270695952029551,4.019381523748645,2.4789364828014966,0.691153161953081,3.7316994512968646,4.270695952029551,4.830311739964974,5.117993812416755,0.6714286566053024,0.691153161953081,4.607168188650764,4.270695952029551,0.691153161953081,4.270695952029551,0.691153161953081,6.0771045414738385])",0.0
F022,government cover-up confirmed sources job game. board seat. — shocking claims government cover-up surface internet.,"(10000,[503,557,1268,2259,4988,5498,5850,7281,7454,7936,8338,9023,9813],[0.691153161953081,4.019381523748645,4.830311739964974,5.501740396570277,0.6792718340663283,4.607168188650764,0.691153161953081,0.6714286566053024,4.42484663185681,0.691153161953081,0.691153161953081,0.691153161953081,5.995460552433328])",0.0
F127,mind control confirmed sources carry major strategy individual fact everyone law. eight question popular. — shocking claims mind control surface internet.,"(10000,[454,503,1058,1208,2291,2947,3184,4988,5850,7215,7281,7786,7936,8338,8482,8538,8614,8893,9023],[3.3262343431887,0.691153161953081,4.137164559405029,5.7688031818193215,4.42484663185681,4.137164559405029,5.698620542196782,0.6792718340663283,0.691153161953081,4.42484663185681,0.6714286566053024,4.830311739964974,0.691153161953081,0.691153161953081,4.019381523748645,5.117993812416755,4.830311739964974,4.019381523748645,0.691153161953081])",0.0
R212,new report education break discussion different. source whole daughter enjoy outside money. experts discuss ongoing developments education.,"(10000,[25,585,627,668,1805,3409,3614,4506,4687,5047,5315,5530,6505,7623,7721,8568,9462],[5.117993812416755,0.6871770135734415,4.607168188650764,5.117993812416755,5.117993812416755,5.117993812416755,0.6832166123573445,0.691153161953081,0.691153161953081,2.7200985396183848,4.137164559405029,2.4789364828014966,0.6871770135734415,4.42484663185681,3.914021008090819,4.42484663185681,0.691153161953081])",1.0
F119,mind control confirmed sources score artist outside whose two pull heavy. call kid pay million authority. identify employee beat hundred. — shocking claims mind control surface internet.,"(10000,[503,1208,1411,1927,2006,2569,3184,3723,3967,4728,4897,4988,5146,5850,6548,6597,7281,7692,7936,8338,8568,8651,8931,9023,9539],[0.691153161953081,5.7688031818193215,5.523458920524919,4.019381523748645,4.42484663185681,3.8187108282864943,5.698620542196782,4.270695952029551,4.270695952029551,4.137164559405029,4.42484663185681,0.6792718340663283,4.270695952029551,0.691153161953081,4.137164559405029,4.607168188650764,0.6714286566053024,5.523458920524919,0.691153161953081,0.691153161953081,4.42484663185681,4.42484663185681,3.8187108282864943,0.691153161953081,3.7316994512968646])",0.0
F103,hoax confirmed sources tree project fall protect history manage despite indicate. open individual little wide. serious debate prevent add push likely happy. become current turn. — shocking claims hoax surface internet.,"(10000,[309,503,1117,1301,1590,2230,2956,3252,3334,3729,4321,4377,4528,4988,5783,5850,5871,5978,6543,7090,7235,7281,7883,7936,8276,8338,8614,9023,9189,9887],[3.914021008090819,0.691153161953081,4.42484663185681,4.607168188650764,4.019381523748645,3.914021008090819,4.42484663185681,3.7316994512968646,4.830311739964974,5.523458920524919,5.523458920524919,5.21137637688128,5.523458920524919,0.6792718340663283,4.270695952029551,0.691153161953081,3.8187108282864943,4.270695952029551,3.8187108282864943,4.137164559405029,4.42484663185681,0.6714286566053024,4.270695952029551,0.691153161953081,4.137164559405029,0.691153161953081,4.830311739964974,0.691153161953081,3.914021008090819,4.270695952029551])",0.0
F191,mind control confirmed sources fill benefit music. long long evidence public street fall. — shocking claims mind control surface internet.,"(10000,[503,1208,1675,1770,2054,3184,3488,3684,4988,5653,5850,7281,7936,8338,8904,9023,9727],[0.691153161953081,5.7688031818193215,5.523458920524919,2.8844015909096608,3.8187108282864943,5.698620542196782,4.830311739964974,4.019381523748645,0.6792718340663283,4.019381523748645,0.691153161953081,0.6714286566053024,0.691153161953081,0.691153161953081,9.660623479929948,0.691153161953081,3.914021008090819])",0.0
F002,mind control confirmed sources agree morning toward drive. american suffer opportunity son. else manager ball minute rate. — shocking claims mind control surface internet.,"(10000,[503,1208,1440,1637,1652,3160,3184,3194,3357,4988,5034,5850,6135,6925,6976,7281,7492,7652,7936,8338,9023,9391],[0.691153161953081,5.7688031818193215,4.270695952029551,3.6516567436233283,4.019381523748645,4.137164559405029,5.698620542196782,4.607168188650764,4.019381523748645,0.6792718340663283,4.270695952029551,0.691153161953081,4.270695952029551,4.830311739964974,4.137164559405029,0.6714286566053024,5.117993812416755,3.914021008090819,0.691153161953081,0.691153161953081,0.691153161953081,4.42484663185681])",0.0
R155,new report election recent something authority body street. serious cultural guess involve official animal parent. key ago movie mention. experts discuss ongoing developments election.,"(10000,[132,585,841,1073,1117,1176,1439,1896,3131,3556,3614,4506,4687,5591,6271,6505,7360,7958,8485,8660,9233,9372,9462,9826],[2.6330871626287546,0.6871770135734415,3.8187108282864943,3.914021008090819,4.42484663185681,4.607168188650764,4.137164559405029,4.019381523748645,4.830311739964974,2.7826188965997183,0.6832166123573445,0.691153161953081,0.691153161953081,4.137164559405029,3.914021008090819,0.6871770135734415,4.42484663185681,5.117993812416755,3.914021008090819,4.607168188650764,4.42484663185681,4.830311739964974,0.691153161953081,4.270695952029551])",1.0
R006,new report technology breakthrough opportunity pick organization use plan recent add. drop choose sometimes option miss rather responsibility rate. hope impact rock support behavior worry. experts discuss ongoing developments technology breakthrough.,"(10000,[574,585,735,1020,1071,1364,1637,1972,2227,2837,3481,3502,3614,4506,4687,5133,5591,5869,6000,6123,6505,6976,7372,8217,8344,8577,9231,9462,9613,9706],[3.6516567436233283,0.6871770135734415,4.607168188650764,5.1060889099104365,4.137164559405029,4.270695952029551,3.6516567436233283,4.019381523748645,2.7200985396183848,4.137164559405029,2.7200985396183848,4.607168188650764,0.6832166123573445,0.691153161953081,0.691153161953081,4.270695952029551,4.137164559405029,5.117993812416755,3.914021008090819,4.42484663185681,0.6871770135734415,4.137164559405029,4.137164559405029,4.42484663185681,3.5085558999826545,4.607168188650764,5.117993812416755,0.691153161953081,4.019381523748645,4.607168188650764])",1.0
F086,government cover-up confirmed sources agent section line politics among region. stock language account worker job. ever point word action yet. — shocking claims government cover-up surface internet.,"(10000,[503,613,793,1182,1716,2259,2636,2676,3519,3882,4416,4988,5016,5594,5850,5887,6633,6968,7281,7362,7936,8338,9023,9187,9813],[0.691153161953081,3.8187108282864943,4.270695952029551,4.270695952029551,4.270695952029551,5.501740396570277,5.523458920524919,4.019381523748645,4.830311739964974,4.42484663185681,4.270695952029551,0.6792718340663283,4.607168188650764,4.270695952029551,0.691153161953081,4.137164559405029,4.607168188650764,3.6516567436233283,0.6714286566053024,4.137164559405029,0.691153161953081,0.691153161953081,0.691153161953081,4.137164559405029,5.995460552433328])",0.0
R168,new report election interview owner. financial campaign ask last. history degree source grow role. experts discuss ongoing developments election.,"(10000,[132,585,2404,2634,3039,3507,3556,3614,4506,4687,6035,6505,6543,6675,7407,7721,9462,9943,9974],[2.6330871626287546,0.6871770135734415,4.270695952029551,4.137164559405029,5.523458920524919,4.137164559405029,2.7826188965997183,0.6832166123573445,0.691153161953081,0.691153161953081,3.5085558999826545,0.6871770135734415,3.8187108282864943,4.270695952029551,4.42484663185681,3.914021008090819,0.691153161953081,4.019381523748645,4.830311739964974])",1.0
R077,new report public health police minute nice former pm president. experts discuss ongoing developments public health.,"(10000,[585,1770,3357,3370,3614,3876,4160,4506,4687,5374,6219,6505,7026,8805,9462],[0.6871770135734415,5.7688031818193215,4.019381523748645,4.019381523748645,0.6832166123573445,3.6516567436233283,4.137164559405029,0.691153161953081,0.691153161953081,4.42484663185681,3.172083663361442,0.6871770135734415,4.830311739964974,3.0385522707369192,0.691153161953081])",1.0
F209,hoax confirmed sources challenge expert live future rule. policy among she. — shocking claims hoax surface internet.,"(10000,[493,503,914,1733,4142,4377,4988,5850,5935,6488,7281,7362,7711,7936,8338,9023],[4.42484663185681,0.691153161953081,4.019381523748645,5.117993812416755,2.6902455764687034,5.21137637688128,0.6792718340663283,0.691153161953081,3.6516567436233283,3.8187108282864943,0.6714286566053024,4.137164559405029,5.117993812416755,0.691153161953081,0.691153161953081,0.691153161953081])",0.0
R236,new report public health glass expect bank. argue talk get beyond rock. seat great sure sit. experts discuss ongoing developments public health.,"(10000,[47,585,750,1770,1821,2778,3614,3691,3730,4506,4687,6219,6505,6932,8805,8900,8925,9296,9426,9462,9615],[4.019381523748645,0.6871770135734415,4.830311739964974,5.7688031818193215,4.019381523748645,4.830311739964974,0.6832166123573445,3.8187108282864943,4.270695952029551,0.691153161953081,0.691153161953081,3.172083663361442,0.6871770135734415,4.830311739964974,3.0385522707369192,4.019381523748645,5.523458920524919,4.830311739964974,3.914021008090819,0.691153161953081,5.117993812416755])",1.0
F186,aliens confirmed sources skin affect stage carry beyond. third say early ever sister spring. well lay recent present road relationship travel. — shocking claims aliens surface internet.,"(10000,[30,142,157,454,503,650,2959,3521,4092,4260,4475,4988,5591,5594,5725,5833,5850,5862,6055,7281,7936,8130,8338,8771,9023,9183],[4.270695952029551,4.42484663185681,3.2721671219184243,3.3262343431887,0.691153161953081,5.917019126126766,4.830311739964974,4.42484663185681,4.137164559405029,3.7316994512968646,4.019381523748645,0.6792718340663283,4.137164559405029,4.270695952029551,3.6516567436233283,4.270695952029551,0.691153161953081,4.019381523748645,3.6516567436233283,0.6714286566053024,0.691153161953081,4.270695952029551,0.691153161953081,4.830311739964974,0.691153161953081,4.607168188650764])",0.0
R243,new report public health put southern voice happy hear. think fact smile foreign window. experts discuss ongoing developments public health.,"(10000,[286,585,619,1770,2335,2713,3530,3614,3743,4506,4687,5347,6206,6219,6505,7215,8805,8871,9462],[5.117993812416755,0.6871770135734415,4.830311739964974,5.7688031818193215,4.42484663185681,4.830311739964974,4.019381523748645,0.6832166123573445,4.42484663185681,0.691153161953081,0.691153161953081,4.019381523748645,3.8187108282864943,3.172083663361442,0.6871770135734415,4.42484663185681,3.0385522707369192,3.914021008090819,0.691153161953081])",1.0
F094,immortal jellyfish confirmed sources rock church daughter moment challenge southern need. organization take whether. threat protect scientist safe. — shocking claims immortal jellyfish surface internet.,"(10000,[503,574,855,1273,1364,2066,2091,3401,3743,4988,5850,5935,6226,6544,6547,7235,7281,7623,7936,8070,8338,9023,9876],[0.691153161953081,3.6516567436233283,4.42484663185681,3.3262343431887,4.270695952029551,5.501740396570277,5.117993812416755,4.270695952029551,4.42484663185681,0.6792718340663283,0.691153161953081,3.6516567436233283,4.42484663185681,4.830311739964974,5.117993812416755,4.42484663185681,0.6714286566053024,4.42484663185681,0.691153161953081,4.270695952029551,0.691153161953081,0.691153161953081,5.501740396570277])",0.0
R032,new report economic growth others scene avoid analysis better. language happy recent require trade within trouble. thus claim. experts discuss ongoing developments economic growth.,"(10000,[317,320,419,585,1296,1388,1716,1876,3614,4506,4687,5347,5591,5684,5844,6505,6940,7078,8449,9034,9144,9462,9817],[5.117993812416755,2.7826188965997183,4.607168188650764,0.6871770135734415,4.019381523748645,4.42484663185681,4.270695952029551,5.117993812416755,0.6832166123573445,0.691153161953081,0.691153161953081,4.019381523748645,4.137164559405029,4.607168188650764,4.019381523748645,0.6871770135734415,4.137164559405029,5.117993812416755,4.270695952029551,2.8844015909096608,5.380491152937407,0.691153161953081,3.7316994512968646])",1.0
R033,new report education stay democrat become whole. degree player morning. experts discuss ongoing developments education.,"(10000,[433,585,3073,3614,4115,4506,4687,5047,5234,5530,6505,6604,7090,9462,9943],[4.270695952029551,0.6871770135734415,5.523458920524919,0.6832166123573445,5.117993812416755,0.691153161953081,0.691153161953081,2.7200985396183848,4.270695952029551,2.4789364828014966,0.6871770135734415,4.137164559405029,4.137164559405029,0.691153161953081,4.019381523748645])",1.0
R045,new report technology breakthrough voice religious individual consider where. particularly perhaps save heavy stage two. huge best shake day. experts discuss ongoing developments technology breakthrough.,"(10000,[30,141,312,585,763,1020,1259,1842,2180,2198,2227,3481,3530,3614,4293,4506,4520,4522,4687,6443,6505,8614,8949,9462],[4.270695952029551,5.117993812416755,4.607168188650764,0.6871770135734415,3.7316994512968646,5.1060889099104365,4.137164559405029,5.117993812416755,3.914021008090819,4.607168188650764,2.7200985396183848,2.7200985396183848,4.019381523748645,0.6832166123573445,4.270695952029551,0.691153161953081,4.270695952029551,4.830311739964974,0.691153161953081,3.914021008090819,0.6871770135734415,4.830311739964974,3.5085558999826545,0.691153161953081])",1.0
R116,new report education middle defense staff walk law two. experts discuss ongoing developments education.,"(10000,[141,585,3543,3614,3979,4506,4687,5047,5530,6142,6224,6505,9462,9878],[5.117993812416755,0.6871770135734415,4.607168188650764,0.6832166123573445,4.830311739964974,0.691153161953081,0.691153161953081,2.7200985396183848,2.4789364828014966,3.914021008090819,3.8187108282864943,0.6871770135734415,0.691153161953081,3.914021008090819])",1.0
F056,celebrity scandal confirmed sources film including general according security. eye exist ability likely development least miss. — shocking claims celebrity scandal surface internet.,"(10000,[309,503,1341,1634,2871,3486,3681,4921,4988,5003,5465,5850,6602,6961,7281,7334,7564,7936,8338,8423,9023],[3.914021008090819,0.691153161953081,3.8187108282864943,4.270695952029551,4.607168188650764,5.698620542196782,4.019381523748645,5.698620542196782,0.6792718340663283,3.914021008090819,4.42484663185681,0.691153161953081,4.270695952029551,5.117993812416755,0.6714286566053024,4.019381523748645,4.42484663185681,0.691153161953081,0.691153161953081,5.117993812416755,0.691153161953081])",0.0
R043,new report policy onto peace consider see. security south ten win eye fast. expect instead although focus bit year certain. experts discuss ongoing developments policy.,"(10000,[312,585,1341,1989,2398,2634,3614,3691,3931,4142,4319,4506,4527,4687,4816,4831,5085,6505,6697,6944,6975,7779,8899,9380,9462],[4.607168188650764,0.6871770135734415,3.8187108282864943,4.137164559405029,4.137164559405029,4.137164559405029,0.6832166123573445,3.8187108282864943,3.8187108282864943,2.6902455764687034,3.7316994512968646,0.691153161953081,4.137164559405029,0.691153161953081,3.7316994512968646,5.117993812416755,3.6516567436233283,0.6871770135734415,4.607168188650764,2.849310271098391,4.830311739964974,3.8187108282864943,4.270695952029551,5.523458920524919,0.691153161953081])",1.0
R145,new report economic growth finally manage tough. low establish congress color. wind doctor establish rich republican finally. experts discuss ongoing developments economic growth.,"(10000,[320,585,777,1619,1817,2494,2558,2923,3614,4506,4616,4687,6212,6505,7036,7883,8411,8728,9034,9144,9462],[2.7826188965997183,0.6871770135734415,4.42484663185681,5.523458920524919,4.019381523748645,5.117993812416755,4.137164559405029,7.463398902593729,0.6832166123573445,0.691153161953081,4.270695952029551,0.691153161953081,4.019381523748645,0.6871770135734415,5.117993812416755,4.270695952029551,3.577548771469606,3.383392757028649,2.8844015909096608,5.380491152937407,0.691153161953081])",1.0
F200,secret cure confirmed sources account else hear career produce write. serve central company seem. — shocking claims secret cure surface internet.,"(10000,[503,942,1648,1725,3892,4502,4842,4930,4988,5034,5850,6747,7281,7936,8338,8928,9023,9187,9593],[0.691153161953081,5.117993812416755,5.117993812416755,4.42484663185681,5.1060889099104365,4.830311739964974,3.914021008090819,3.6516567436233283,0.6792718340663283,4.270695952029551,0.691153161953081,5.1060889099104365,0.6714286566053024,0.691153161953081,0.691153161953081,4.270695952029551,0.691153161953081,4.137164559405029,4.830311739964974])",0.0
F034,celebrity scandal confirmed sources discover class beat use. — shocking claims celebrity scandal surface internet.,"(10000,[503,2569,3486,4007,4170,4921,4988,5850,7281,7936,8338,9021,9023],[0.691153161953081,3.8187108282864943,5.698620542196782,4.607168188650764,4.607168188650764,5.698620542196782,0.6792718340663283,0.691153161953081,0.6714286566053024,0.691153161953081,0.691153161953081,4.019381523748645,0.691153161953081])",0.0
F149,secret cure confirmed sources car government history along vote the. trouble expect son. — shocking claims secret cure surface internet.,"(10000,[503,1440,2259,2260,2840,2909,3674,3691,3892,4988,5850,6543,6747,7281,7936,8338,9023,9214],[0.691153161953081,4.270695952029551,2.7508701982851385,4.607168188650764,4.019381523748645,4.42484663185681,4.607168188650764,3.8187108282864943,5.1060889099104365,0.6792718340663283,0.691153161953081,3.8187108282864943,5.1060889099104365,0.6714286566053024,0.691153161953081,0.691153161953081,0.691153161953081,4.607168188650764])",0.0
F051,secret cure confirmed sources difficult people answer social. meet owner book authority. — shocking claims secret cure surface internet.,"(10000,[393,503,1712,2006,3619,3892,4263,4847,4988,5850,6053,6747,7281,7936,8338,9023,9940],[3.914021008090819,0.691153161953081,4.607168188650764,4.42484663185681,4.137164559405029,5.1060889099104365,4.270695952029551,4.830311739964974,0.6792718340663283,0.691153161953081,3.8187108282864943,5.1060889099104365,0.6714286566053024,0.691153161953081,0.691153161953081,0.691153161953081,4.019381523748645])",0.0
F089,flat earth confirmed sources suggest worry get military through. role lot summer value property hit tell. wind suddenly affect ok action radio i. scene president score call. — shocking claims flat earth surface internet.,"(10000,[503,564,781,1306,1927,2558,2645,2733,2918,3244,3350,4943,4988,5844,5850,5877,6055,6633,7281,7403,7816,7936,8252,8338,8343,8581,9023,9083,9086,9426,9481,9676],[0.691153161953081,4.42484663185681,5.523458920524919,4.270695952029551,4.019381523748645,4.137164559405029,3.8187108282864943,4.019381523748645,6.0771045414738385,5.523458920524919,4.019381523748645,4.019381523748645,0.6792718340663283,4.019381523748645,0.691153161953081,4.270695952029551,3.6516567436233283,4.607168188650764,0.6714286566053024,4.019381523748645,3.6516567436233283,0.691153161953081,4.42484663185681,0.691153161953081,3.914021008090819,4.42484663185681,0.691153161953081,5.523458920524919,4.137164559405029,3.914021008090819,4.137164559405029,6.0771045414738385])",0.0
F135,flat earth confirmed sources paper inside already drive drop. mean century whatever type. street radio pattern. — shocking claims flat earth surface internet.,"(10000,[503,594,909,2918,3684,4988,5850,6325,7281,7695,7841,7936,8326,8338,8690,8852,9023,9066,9086,9676,9700],[0.691153161953081,4.019381523748645,4.270695952029551,6.0771045414738385,4.019381523748645,0.6792718340663283,0.691153161953081,4.019381523748645,0.6714286566053024,3.577548771469606,4.137164559405029,0.691153161953081,4.42484663185681,0.691153161953081,4.830311739964974,5.117993812416755,0.691153161953081,4.607168188650764,4.137164559405029,6.0771045414738385,5.523458920524919])",0.0
F088,government cover-up confirmed sources professional behavior poor. door conference center among. since final worry amount quickly floor. — shocking claims government cover-up surface internet.,"(10000,[503,735,1480,1653,2071,2155,2259,2613,2920,3391,4847,4988,5657,5850,6287,7222,7281,7936,8338,8343,9023,9813],[0.691153161953081,4.607168188650764,4.42484663185681,4.137164559405029,4.830311739964974,4.019381523748645,5.501740396570277,4.830311739964974,5.117993812416755,4.42484663185681,4.830311739964974,0.6792718340663283,4.830311739964974,0.691153161953081,3.914021008090819,4.137164559405029,0.6714286566053024,0.691153161953081,0.691153161953081,3.914021008090819,0.691153161953081,5.995460552433328])",0.0
R010,new report election probably low race leader trouble. eat rock population beyond. experts discuss ongoing developments election.,"(10000,[132,142,317,454,574,585,1526,2297,3556,3614,4506,4687,6505,7276,8411,9258,9462],[2.6330871626287546,4.42484663185681,5.117993812416755,3.3262343431887,3.6516567436233283,0.6871770135734415,4.019381523748645,4.270695952029551,2.7826188965997183,0.6832166123573445,0.691153161953081,0.691153161953081,0.6871770135734415,4.019381523748645,3.577548771469606,3.914021008090819,0.691153161953081])",1.0
R211,new report policy mr maintain reach skill president oil any. heart movement clearly piece everyone keep. across mother team your. experts discuss ongoing developments policy.,"(10000,[354,468,585,1306,2647,3133,3614,4142,4198,4506,4687,5247,5294,5547,6035,6505,6944,7074,8238,8386,8893,9462,9767,9808,9968],[4.019381523748645,4.137164559405029,0.6871770135734415,4.270695952029551,4.270695952029551,4.137164559405029,0.6832166123573445,2.6902455764687034,5.523458920524919,0.691153161953081,0.691153161953081,4.137164559405029,4.270695952029551,5.523458920524919,3.5085558999826545,0.6871770135734415,2.849310271098391,3.6516567436233283,4.270695952029551,4.270695952029551,4.019381523748645,0.691153161953081,5.117993812416755,3.914021008090819,3.6516567436233283])",1.0
F204,miracle drug confirmed sources tree significant open may standard foreign. able attorney especially field seem street. court success since every employee. — shocking claims miracle drug surface internet.,"(10000,[503,1256,2588,2967,3496,3822,4568,4853,4988,5783,5850,5871,6287,7074,7281,7860,7936,8173,8338,8408,8552,9023,9160,9372,9681,9828],[0.691153161953081,6.251127295453098,4.607168188650764,4.270695952029551,3.7316994512968646,5.523458920524919,4.019381523748645,4.830311739964974,0.6792718340663283,4.270695952029551,0.691153161953081,3.8187108282864943,3.914021008090819,3.6516567436233283,0.6714286566053024,5.841538470161072,0.691153161953081,3.383392757028649,0.691153161953081,5.117993812416755,4.270695952029551,0.691153161953081,4.270695952029551,4.830311739964974,4.270695952029551,4.270695952029551])",0.0
F168,miracle drug confirmed sources north student us scene society turn. gun dark road still crime crime. — shocking claims miracle drug surface internet.,"(10000,[278,327,503,697,731,1256,1778,3334,3536,3712,4988,5725,5844,5850,6660,7281,7860,7936,8313,8338,9023],[4.830311739964974,4.019381523748645,0.691153161953081,4.830311739964974,4.270695952029551,6.251127295453098,3.914021008090819,4.830311739964974,4.42484663185681,4.270695952029551,0.6792718340663283,3.6516567436233283,4.019381523748645,0.691153161953081,4.42484663185681,0.6714286566053024,5.841538470161072,0.691153161953081,4.830311739964974,0.691153161953081,0.691153161953081])",0.0
R011,new report public health weight tv spring partner participant. medical film put book tonight audience. entire respond population shake firm yes you. experts discuss ongoing developments public health.,"(10000,[4,116,393,585,1644,1762,1770,2180,2500,3177,3389,3614,4506,4547,4687,5003,5044,6219,6505,8004,8268,8805,8824,8871,8894,9258,9462],[5.523458920524919,3.914021008090819,3.914021008090819,0.6871770135734415,4.42484663185681,4.137164559405029,5.7688031818193215,3.914021008090819,4.830311739964974,5.117993812416755,4.830311739964974,0.6832166123573445,0.691153161953081,4.137164559405029,0.691153161953081,3.914021008090819,3.8187108282864943,3.172083663361442,0.6871770135734415,3.577548771469606,4.019381523748645,3.0385522707369192,4.137164559405029,3.914021008090819,4.137164559405029,3.914021008090819,0.691153161953081])",1.0
R232,new report climate change night today blood. hit free measure follow. may collection last early. experts discuss ongoing developments climate change.,"(10000,[387,528,585,821,1073,2059,3614,3753,3989,4349,4506,4687,6505,6869,7870,8209,8252,9160,9462,9806],[2.5530444549552183,4.137164559405029,0.6871770135734415,5.698620542196782,3.914021008090819,2.60568818844064,0.6832166123573445,5.117993812416755,3.914021008090819,5.117993812416755,0.691153161953081,0.691153161953081,0.6871770135734415,3.6516567436233283,4.42484663185681,4.270695952029551,4.42484663185681,4.270695952029551,0.691153161953081,4.137164559405029])",1.0
R042,new report public health add boy beat nothing partner yeah. door continue commercial yes suddenly relationship perform already. site loss find article best. experts discuss ongoing developments public health.,"(10000,[116,157,585,743,1098,1702,1770,2569,3614,4260,4292,4506,4687,4847,5044,5329,5891,6043,6219,6443,6505,7510,8134,8581,8805,9181,9462,9887],[3.914021008090819,3.2721671219184243,0.6871770135734415,4.270695952029551,3.8187108282864943,4.607168188650764,5.7688031818193215,3.8187108282864943,0.6832166123573445,3.7316994512968646,4.270695952029551,0.691153161953081,0.691153161953081,4.830311739964974,3.8187108282864943,4.137164559405029,4.830311739964974,4.607168188650764,3.172083663361442,3.914021008090819,0.6871770135734415,4.607168188650764,5.117993812416755,4.42484663185681,3.0385522707369192,5.117993812416755,0.691153161953081,4.270695952029551])",1.0
F182,hoax confirmed sources style child wind particularly. similar exactly create lay particular describe. detail region real traditional matter. — shocking claims hoax surface internet.,"(10000,[503,1143,1404,2096,2558,4377,4475,4486,4988,5850,7046,7244,7281,7309,7936,7968,8000,8159,8338,8984,9023,9168,9691],[0.691153161953081,4.42484663185681,4.270695952029551,4.270695952029551,4.137164559405029,5.21137637688128,4.019381523748645,4.607168188650764,0.6792718340663283,0.691153161953081,4.270695952029551,3.6516567436233283,0.6714286566053024,5.523458920524919,0.691153161953081,4.830311739964974,3.914021008090819,3.914021008090819,0.691153161953081,3.914021008090819,0.691153161953081,5.523458920524919,4.270695952029551])",0.0
F036,miracle drug confirmed sources culture image reason discuss risk. heart student husband simply water week. building easy stop must. — shocking claims miracle drug surface internet.,"(10000,[503,760,796,1256,1642,2302,2589,2944,3536,3614,3739,4988,5303,5850,5852,6711,7208,7281,7860,7936,8338,8645,9023,9808],[0.691153161953081,4.137164559405029,4.270695952029551,6.251127295453098,4.270695952029551,4.830311739964974,4.137164559405029,4.270695952029551,4.42484663185681,0.6832166123573445,4.607168188650764,0.6792718340663283,4.270695952029551,0.691153161953081,3.8187108282864943,4.830311739964974,4.42484663185681,0.6714286566053024,5.841538470161072,0.691153161953081,0.691153161953081,4.42484663185681,0.691153161953081,3.914021008090819])",0.0
F068,secret cure confirmed sources book serious end his. — shocking claims secret cure surface internet.,"(10000,[393,453,503,1117,3754,3892,4988,5850,6747,7281,7936,8338,9023],[3.914021008090819,4.270695952029551,0.691153161953081,4.42484663185681,4.830311739964974,5.1060889099104365,0.6792718340663283,0.691153161953081,5.1060889099104365,0.6714286566053024,0.691153161953081,0.691153161953081,0.691153161953081])",0.0
R015,new report election street play drug candidate. human nature always decision charge could. oil someone beat. experts discuss ongoing developments election.,"(10000,[132,547,585,2173,2193,3556,3611,3614,3671,3684,4506,4687,6035,6505,6812,7860,7876,8303,9011,9462,9612],[2.6330871626287546,5.523458920524919,0.6871770135734415,4.42484663185681,5.117993812416755,2.7826188965997183,4.42484663185681,0.6832166123573445,4.607168188650764,4.019381523748645,0.691153161953081,0.691153161953081,3.5085558999826545,0.6871770135734415,4.019381523748645,2.920769235080536,4.830311739964974,4.830311739964974,4.019381523748645,0.691153161953081,5.117993812416755])",1.0
R147,new report climate change forward thank prevent interest. stage fear already nearly. story reflect late want hair mother wind. experts discuss ongoing developments climate change.,"(10000,[30,354,387,585,594,821,1511,1687,1978,2059,2437,3079,3252,3614,4506,4687,5321,6505,6855,7664,7712,8411,9462,9513],[4.270695952029551,4.019381523748645,2.5530444549552183,0.6871770135734415,4.019381523748645,5.698620542196782,4.830311739964974,4.270695952029551,5.117993812416755,2.60568818844064,4.607168188650764,3.8187108282864943,3.7316994512968646,0.6832166123573445,0.691153161953081,0.691153161953081,4.019381523748645,0.6871770135734415,4.270695952029551,4.137164559405029,4.137164559405029,3.577548771469606,0.691153161953081,3.577548771469606])",1.0
F198,government cover-up confirmed sources maybe level store image opportunity. — shocking claims government cover-up surface internet.,"(10000,[503,1499,2259,4533,4818,4988,5303,5850,7184,7281,7936,8338,9023,9813],[0.691153161953081,3.8187108282864943,5.501740396570277,5.117993812416755,4.270695952029551,0.6792718340663283,4.270695952029551,0.691153161953081,4.607168188650764,0.6714286566053024,0.691153161953081,0.691153161953081,0.691153161953081,5.995460552433328])",0.0
R081,new report climate change value least everybody understand gas. new still leave hold quality. ok color finish yard describe college. experts discuss ongoing developments climate change.,"(10000,[387,424,585,821,1634,2059,2389,2561,2589,2645,2913,3614,3712,4506,4687,6487,6505,6578,7085,7403,9462,9544,9578,9832],[2.5530444549552183,4.019381523748645,1.374354027146883,5.698620542196782,4.270695952029551,2.60568818844064,4.270695952029551,4.270695952029551,4.137164559405029,3.8187108282864943,3.577548771469606,0.6832166123573445,4.270695952029551,0.691153161953081,0.691153161953081,3.914021008090819,0.6871770135734415,4.42484663185681,4.137164559405029,4.019381523748645,0.691153161953081,4.830311739964974,5.117993812416755,4.42484663185681])",1.0
F050,aliens confirmed sources laugh little production statement indicate land. try bit girl result bag poor. — shocking claims aliens surface internet.,"(10000,[399,415,503,650,1029,1590,1989,2613,4693,4988,5850,6485,7098,7281,7936,8338,8353,9023,9123,9817],[5.117993812416755,4.270695952029551,0.691153161953081,5.917019126126766,3.8187108282864943,4.019381523748645,4.137164559405029,4.830311739964974,4.42484663185681,0.6792718340663283,0.691153161953081,4.019381523748645,4.270695952029551,0.6714286566053024,0.691153161953081,0.691153161953081,3.914021008090819,0.691153161953081,5.117993812416755,3.7316994512968646])",0.0
F162,celebrity scandal confirmed sources republican lawyer pull able mention. media film evidence author effect. — shocking claims celebrity scandal surface internet.,"(10000,[503,1073,1209,1890,2054,3486,3496,4616,4921,4988,5003,5850,6597,7281,7936,8338,9021,9023,9350],[0.691153161953081,3.914021008090819,4.42484663185681,4.830311739964974,3.8187108282864943,5.698620542196782,3.7316994512968646,4.270695952029551,5.698620542196782,0.6792718340663283,3.914021008090819,0.691153161953081,4.607168188650764,0.6714286566053024,0.691153161953081,0.691153161953081,4.019381523748645,0.691153161953081,4.607168188650764])",0.0
R028,new report technology breakthrough involve realize. notice mind number issue able value. experts discuss ongoing developments technology breakthrough.,"(10000,[490,585,1020,1525,2227,2710,3184,3481,3496,3614,4506,4687,6271,6505,6616,8519,9462],[5.523458920524919,0.6871770135734415,5.1060889099104365,3.383392757028649,2.7200985396183848,5.117993812416755,2.849310271098391,2.7200985396183848,3.7316994512968646,0.6832166123573445,0.691153161953081,0.691153161953081,3.914021008090819,0.6871770135734415,4.607168188650764,4.607168188650764,0.691153161953081])",1.0
R195,new report budget report project section girl life. professional people prepare become appear many. unit tree. experts discuss ongoing developments budget report.,"(10000,[585,1029,2155,2230,2286,2846,3614,4263,4506,4687,4991,5432,5535,6335,6505,6968,7090,8182,9357,9462],[0.6871770135734415,3.8187108282864943,4.019381523748645,3.914021008090819,4.607168188650764,5.523458920524919,0.6832166123573445,4.270695952029551,0.691153161953081,0.691153161953081,5.158039882716958,2.7508701982851385,5.523458920524919,3.914021008090819,1.374354027146883,3.6516567436233283,4.137164559405029,4.607168188650764,5.523458920524919,0.691153161953081])",1.0
F116,aliens confirmed sources person life standard school song apply still. — shocking claims aliens surface internet.,"(10000,[503,650,1649,2679,2967,3249,3477,4988,5850,7281,7312,7350,7936,8338,9023],[0.691153161953081,5.917019126126766,4.830311739964974,4.019381523748645,4.270695952029551,3.4440173788450834,4.42484663185681,0.6792718340663283,0.691153161953081,0.6714286566053024,3.8187108282864943,4.270695952029551,0.691153161953081,0.691153161953081,0.691153161953081])",0.0
R018,new report research big method evening many past surface one since. study attention travel tax leave. cup go sense thousand. experts discuss ongoing developments research.,"(10000,[585,815,1769,3048,3059,3144,3614,4224,4506,4687,5188,5286,5447,6015,6444,6451,6505,6587,7066,7281,7699,8681,9275,9432,9462],[0.6871770135734415,4.42484663185681,5.523458920524919,3.914021008090819,4.137164559405029,4.270695952029551,0.6832166123573445,3.914021008090819,0.691153161953081,0.691153161953081,4.830311739964974,3.914021008090819,4.019381523748645,3.914021008090819,5.523458920524919,3.4440173788450834,0.6871770135734415,4.019381523748645,2.920769235080536,0.6714286566053024,5.523458920524919,4.019381523748645,4.270695952029551,2.849310271098391,0.691153161953081])",1.0
F073,immortal jellyfish confirmed sources less tree best history book. rock meet treatment particular. strong education win agreement reduce out. — shocking claims immortal jellyfish surface internet.,"(10000,[503,574,763,1195,2066,2398,3226,4988,5530,5778,5850,5871,6355,6543,7281,7936,8015,8159,8338,8413,8633,9023,9876,9940],[0.691153161953081,3.6516567436233283,3.7316994512968646,3.914021008090819,5.501740396570277,4.137164559405029,5.523458920524919,0.6792718340663283,2.4789364828014966,4.830311739964974,0.691153161953081,3.8187108282864943,3.8187108282864943,3.8187108282864943,0.6714286566053024,0.691153161953081,3.8187108282864943,3.914021008090819,0.691153161953081,4.019381523748645,4.830311739964974,0.691153161953081,5.501740396570277,4.019381523748645])",0.0
F059,miracle drug confirmed sources president college life hold. daughter might. challenge remember town bed stock building large. — shocking claims miracle drug surface internet.,"(10000,[23,503,793,1256,1306,3477,3713,4715,4988,5685,5850,5852,5935,6729,7281,7623,7860,7936,8057,8338,9023,9497],[4.830311739964974,0.691153161953081,4.270695952029551,6.251127295453098,4.270695952029551,4.42484663185681,5.117993812416755,4.137164559405029,0.6792718340663283,4.270695952029551,0.691153161953081,3.8187108282864943,3.6516567436233283,4.607168188650764,0.6714286566053024,4.42484663185681,5.841538470161072,0.691153161953081,4.607168188650764,0.691153161953081,0.691153161953081,3.8187108282864943])",0.0
R078,new report budget report suffer film group writer food white last answer. large election every anyone party her. final per policy offer decision. experts discuss ongoing developments budget report.,"(10000,[132,298,585,666,1379,1653,2086,2958,3614,3989,4142,4506,4687,4991,5003,5377,5432,5843,6135,6505,6906,7022,7748,7766,8653,9462,9681],[2.6330871626287546,4.137164559405029,0.6871770135734415,4.607168188650764,4.607168188650764,4.137164559405029,4.42484663185681,4.830311739964974,0.6832166123573445,3.914021008090819,2.6902455764687034,0.691153161953081,0.691153161953081,5.158039882716958,3.914021008090819,5.117993812416755,2.7508701982851385,4.270695952029551,4.270695952029551,1.374354027146883,4.42484663185681,4.607168188650764,5.117993812416755,4.270695952029551,4.830311739964974,0.691153161953081,4.270695952029551])",1.0
F216,secret cure confirmed sources outside important pick approach state challenge fly. front particularly group send effect. — shocking claims secret cure surface internet.,"(10000,[503,504,1808,1890,1967,3095,3892,4988,5523,5850,5935,6443,6747,7230,7281,7372,7766,7936,8338,8568,9023],[0.691153161953081,4.42484663185681,3.914021008090819,4.830311739964974,4.42484663185681,4.607168188650764,5.1060889099104365,0.6792718340663283,4.42484663185681,0.691153161953081,3.6516567436233283,3.914021008090819,5.1060889099104365,5.523458920524919,0.6714286566053024,4.137164559405029,4.270695952029551,0.691153161953081,0.691153161953081,4.42484663185681,0.691153161953081])",0.0
F206,celebrity scandal confirmed sources notice western task nature. sense beautiful nothing energy especially power eight. — shocking claims celebrity scandal surface internet.,"(10000,[460,503,524,1273,1525,3056,3486,4292,4921,4988,5447,5850,7281,7936,8173,8307,8338,8346,8451,9023],[5.117993812416755,0.691153161953081,3.577548771469606,3.3262343431887,3.383392757028649,3.914021008090819,5.698620542196782,4.270695952029551,5.698620542196782,0.6792718340663283,4.019381523748645,0.691153161953081,0.6714286566053024,0.691153161953081,3.383392757028649,4.830311739964974,0.691153161953081,5.523458920524919,4.137164559405029,0.691153161953081])",0.0
R036,new report research article senior tough cause apply rather author. design different actually like. experts discuss ongoing developments research.,"(10000,[316,373,585,1702,2837,3614,3922,4144,4506,4687,5447,6447,6505,6683,7066,7312,9190,9432,9462],[4.270695952029551,4.42484663185681,0.6871770135734415,4.607168188650764,4.137164559405029,0.6832166123573445,4.42484663185681,4.42484663185681,0.691153161953081,0.691153161953081,4.019381523748645,4.137164559405029,0.6871770135734415,4.019381523748645,2.920769235080536,3.8187108282864943,5.117993812416755,2.849310271098391,0.691153161953081])",1.0
F104,aliens confirmed sources man family actually candidate threat true. pull show people seat various line. main lead population full. source suggest heavy case piece stuff. — shocking claims aliens surface internet.,"(10000,[47,503,650,1637,2115,2569,2825,3133,4019,4263,4358,4988,5356,5493,5850,6342,6447,6597,6647,7281,7721,7816,7936,8070,8297,8338,8949,8993,9023,9258],[4.019381523748645,0.691153161953081,5.917019126126766,3.6516567436233283,5.523458920524919,3.8187108282864943,5.523458920524919,4.137164559405029,3.8187108282864943,4.270695952029551,4.137164559405029,0.6792718340663283,4.42484663185681,5.523458920524919,0.691153161953081,4.270695952029551,4.137164559405029,4.607168188650764,3.8187108282864943,0.6714286566053024,3.914021008090819,3.6516567436233283,0.691153161953081,4.270695952029551,3.914021008090819,0.691153161953081,3.5085558999826545,4.607168188650764,0.691153161953081,3.914021008090819])",0.0
F000,hoax confirmed sources rise feel news phone. sound recently official institution myself. — shocking claims hoax surface internet.,"(10000,[503,2034,2433,2895,3115,3243,4377,4816,4988,5850,6166,7281,7936,8338,8485,9023,9109],[0.691153161953081,4.019381523748645,4.607168188650764,5.117993812416755,4.270695952029551,3.914021008090819,5.21137637688128,3.7316994512968646,0.6792718340663283,0.691153161953081,4.137164559405029,0.6714286566053024,0.691153161953081,0.691153161953081,3.914021008090819,0.691153161953081,4.830311739964974])",0.0
R136,new report education suggest whether send idea various page city ground. opportunity thousand win simple might crime rather experience. environmental rest population performance. experts discuss ongoing developments education.,"(10000,[585,731,1596,2072,2398,2708,2827,2837,2913,3406,3614,3924,4506,4687,5047,5495,5523,5530,5958,6027,6505,6647,6798,6976,7816,8678,9258,9462],[0.6871770135734415,4.270695952029551,5.117993812416755,4.42484663185681,4.137164559405029,4.42484663185681,4.607168188650764,4.137164559405029,3.577548771469606,4.830311739964974,0.6832166123573445,4.42484663185681,0.691153161953081,0.691153161953081,2.7200985396183848,4.607168188650764,4.42484663185681,2.4789364828014966,4.270695952029551,4.019381523748645,0.6871770135734415,3.8187108282864943,4.270695952029551,4.137164559405029,3.6516567436233283,5.523458920524919,3.914021008090819,0.691153161953081])",1.0
F019,immortal jellyfish confirmed sources official country evidence put. finally character increase matter goal. — shocking claims immortal jellyfish surface internet.,"(10000,[503,935,1817,2054,2066,2402,4867,4988,5476,5850,7281,7870,7936,7963,8338,8485,9023,9876],[0.691153161953081,5.117993812416755,4.019381523748645,3.8187108282864943,5.501740396570277,4.019381523748645,4.42484663185681,0.6792718340663283,5.117993812416755,0.691153161953081,0.6714286566053024,4.42484663185681,0.691153161953081,3.7316994512968646,0.691153161953081,3.914021008090819,0.691153161953081,5.501740396570277])",0.0
R012,new report technology breakthrough turn question support order street quite himself. civil require social force instead. experts discuss ongoing developments technology breakthrough.,"(10000,[391,585,593,823,1020,1226,1955,2227,2947,3481,3614,3684,3792,3886,4506,4687,6056,6505,8217,8449,9462],[3.7316994512968646,0.6871770135734415,4.607168188650764,4.42484663185681,5.1060889099104365,4.270695952029551,5.117993812416755,2.7200985396183848,4.137164559405029,2.7200985396183848,0.6832166123573445,4.019381523748645,4.830311739964974,3.8187108282864943,0.691153161953081,0.691153161953081,3.8187108282864943,0.6871770135734415,4.42484663185681,4.270695952029551,0.691153161953081])",1.0
R052,new report education similar blood figure home minute still approach. approach three account actually success everybody. dinner history always college. experts discuss ongoing developments education.,"(10000,[585,2240,2359,2806,3095,3357,3365,3614,3712,4110,4506,4687,5047,5530,5925,6434,6447,6505,6543,7046,9011,9187,9462,9578,9828],[0.6871770135734415,4.270695952029551,3.914021008090819,5.523458920524919,4.607168188650764,4.019381523748645,4.137164559405029,0.6832166123573445,4.270695952029551,4.137164559405029,0.691153161953081,0.691153161953081,2.7200985396183848,2.4789364828014966,4.137164559405029,5.117993812416755,4.137164559405029,0.6871770135734415,3.8187108282864943,4.270695952029551,4.019381523748645,4.137164559405029,0.691153161953081,5.117993812416755,4.270695952029551])",1.0
R123,new report climate change plan administration radio best our. pull star heavy drug population. experts discuss ongoing developments climate change.,"(10000,[387,585,763,821,2059,3614,4506,4687,5170,5185,6123,6505,6597,6599,7860,8949,9086,9462,9621],[2.5530444549552183,0.6871770135734415,3.7316994512968646,5.698620542196782,2.60568818844064,0.6832166123573445,0.691153161953081,0.691153161953081,4.019381523748645,4.270695952029551,4.42484663185681,0.6871770135734415,4.607168188650764,5.117993812416755,2.920769235080536,3.5085558999826545,4.137164559405029,0.691153161953081,5.523458920524919])",1.0
F040,government cover-up confirmed sources wall billion source black. serve forward return factor thank. wife information offer. — shocking claims government cover-up surface internet.,"(10000,[258,503,635,798,1725,2259,2611,3021,3331,4988,5850,6404,7281,7721,7936,8190,8338,8411,9023,9561,9813],[4.607168188650764,0.691153161953081,4.019381523748645,5.117993812416755,4.42484663185681,5.501740396570277,5.523458920524919,4.42484663185681,5.117993812416755,0.6792718340663283,0.691153161953081,4.42484663185681,0.6714286566053024,3.914021008090819,0.691153161953081,4.019381523748645,0.691153161953081,3.577548771469606,0.691153161953081,4.42484663185681,5.995460552433328])",0.0
R160,new report climate change performance figure picture war lot source operation. experts discuss ongoing developments climate change.,"(10000,[387,585,821,2059,2481,3614,4110,4506,4687,4943,5887,6505,7721,8719,9351,9462],[2.5530444549552183,0.6871770135734415,5.698620542196782,2.60568818844064,4.42484663185681,0.6832166123573445,4.137164559405029,0.691153161953081,0.691153161953081,4.019381523748645,4.137164559405029,0.6871770135734415,3.914021008090819,4.42484663185681,4.607168188650764,0.691153161953081])",1.0
F067,immortal jellyfish confirmed sources air attention bank employee television. level board full rich. — shocking claims immortal jellyfish surface internet.,"(10000,[88,503,1365,1499,2066,3144,4988,5442,5850,6548,7281,7454,7936,8338,8897,8982,9023,9876],[4.270695952029551,0.691153161953081,5.117993812416755,3.8187108282864943,5.501740396570277,4.270695952029551,0.6792718340663283,5.117993812416755,0.691153161953081,4.137164559405029,0.6714286566053024,4.42484663185681,0.691153161953081,0.691153161953081,4.270695952029551,4.270695952029551,0.691153161953081,5.501740396570277])",0.0
R069,new report research agree guy whether measure deep. answer affect sea. experts discuss ongoing developments research.,"(10000,[94,528,585,1982,3406,3614,3619,4506,4687,5268,6055,6505,6925,7066,9432,9462],[4.607168188650764,4.137164559405029,0.6871770135734415,5.523458920524919,4.830311739964974,0.6832166123573445,4.137164559405029,0.691153161953081,0.691153161953081,5.117993812416755,3.6516567436233283,0.6871770135734415,4.830311739964974,2.920769235080536,2.849310271098391,0.691153161953081])",1.0
F160,mind control confirmed sources song stuff beyond. need husband campaign late drug might. ever wide beyond away. — shocking claims mind control surface internet.,"(10000,[142,503,1208,2836,3079,3184,4988,5594,5850,6537,6675,6729,6830,7208,7281,7350,7722,7860,7936,8338,8900,9023],[4.42484663185681,0.691153161953081,5.7688031818193215,4.019381523748645,3.8187108282864943,5.698620542196782,0.6792718340663283,4.270695952029551,0.691153161953081,4.270695952029551,4.270695952029551,4.607168188650764,4.830311739964974,4.42484663185681,0.6714286566053024,4.270695952029551,4.42484663185681,2.920769235080536,0.691153161953081,0.691153161953081,4.019381523748645,0.691153161953081])",0.0
F053,hoax confirmed sources quite public piece child tv pretty. couple explain cut despite. protect factor computer bit eight. — shocking claims hoax surface internet.,"(10000,[460,503,1206,1770,1989,3133,4330,4377,4547,4988,5341,5850,6056,7235,7244,7281,7702,7936,8151,8338,9023,9324,9561],[5.117993812416755,0.691153161953081,4.607168188650764,2.8844015909096608,4.137164559405029,4.137164559405029,4.830311739964974,5.21137637688128,4.137164559405029,0.6792718340663283,4.270695952029551,0.691153161953081,3.8187108282864943,4.42484663185681,3.6516567436233283,0.6714286566053024,3.7316994512968646,0.691153161953081,4.137164559405029,0.691153161953081,0.691153161953081,5.117993812416755,4.42484663185681])",0.0
R074,new report education consider soldier center perform. yeah pay notice federal. try build fight customer set. experts discuss ongoing developments education.,"(10000,[312,585,1413,1480,1525,2526,2782,3014,3249,3614,4141,4506,4687,4693,4897,5047,5530,5767,6505,9462,9513],[4.607168188650764,0.6871770135734415,4.270695952029551,4.42484663185681,3.383392757028649,4.270695952029551,4.830311739964974,4.607168188650764,3.4440173788450834,0.6832166123573445,4.137164559405029,0.691153161953081,0.691153161953081,4.42484663185681,4.42484663185681,2.7200985396183848,2.4789364828014966,5.117993812416755,0.6871770135734415,0.691153161953081,3.577548771469606])",1.0
R007,new report election value technology respond. figure church forget experience. experts discuss ongoing developments election.,"(10000,[132,585,1020,1273,2072,3556,3614,3916,4110,4506,4687,6505,7146,7403,9462],[2.6330871626287546,0.6871770135734415,2.5530444549552183,3.3262343431887,4.42484663185681,2.7826188965997183,0.6832166123573445,4.830311739964974,4.137164559405029,0.691153161953081,0.691153161953081,0.6871770135734415,3.8187108282864943,4.019381523748645,0.691153161953081])",1.0
R119,new report climate change give garden staff person make. operation ahead grow. defense part opportunity president. experts discuss ongoing developments climate change.,"(10000,[387,585,821,2059,3249,3543,3614,3783,4506,4687,5374,5922,5936,6224,6505,6976,7576,8094,8268,8740,9462],[2.5530444549552183,0.6871770135734415,5.698620542196782,2.60568818844064,3.4440173788450834,4.607168188650764,0.6832166123573445,4.607168188650764,0.691153161953081,0.691153161953081,4.42484663185681,4.270695952029551,4.137164559405029,3.8187108282864943,0.6871770135734415,4.137164559405029,4.830311739964974,4.607168188650764,4.019381523748645,4.42484663185681,0.691153161953081])",1.0
R087,new report budget report simple close new. experts discuss ongoing developments budget report.,"(10000,[585,2913,3497,3614,4506,4687,4991,5432,6280,6505,9462],[0.6871770135734415,3.577548771469606,4.019381523748645,0.6832166123573445,0.691153161953081,0.691153161953081,5.158039882716958,2.7508701982851385,4.607168188650764,1.374354027146883,0.691153161953081])",1.0
F145,miracle drug confirmed sources read position west bed. onto remain fall. — shocking claims miracle drug surface internet.,"(10000,[503,1256,1339,3488,4319,4988,5085,5205,5850,7281,7650,7860,7936,8338,9023,9166],[0.691153161953081,6.251127295453098,3.914021008090819,4.830311739964974,3.7316994512968646,0.6792718340663283,3.6516567436233283,3.914021008090819,0.691153161953081,0.6714286566053024,4.607168188650764,5.841538470161072,0.691153161953081,0.691153161953081,0.691153161953081,5.117993812416755])",0.0
R065,new report budget report study remain film speech owner must seat. next beautiful number fill property amount really. experts discuss ongoing developments budget report.,"(10000,[502,585,1023,1268,1273,2733,3614,4224,4506,4687,4991,5003,5205,5432,6053,6505,6959,7222,8273,8519,9462,9727],[4.607168188650764,0.6871770135734415,4.607168188650764,4.830311739964974,3.3262343431887,4.019381523748645,0.6832166123573445,3.914021008090819,0.691153161953081,0.691153161953081,5.158039882716958,3.914021008090819,3.914021008090819,2.7508701982851385,3.8187108282864943,1.374354027146883,4.830311739964974,4.137164559405029,4.607168188650764,4.607168188650764,0.691153161953081,3.914021008090819])",1.0
R208,new report budget report spend choice along cup card. director hotel always prove memory. experts discuss ongoing developments budget report.,"(10000,[353,585,1853,2092,2663,2840,3059,3614,4506,4687,4991,5214,5432,6053,6079,6505,9011,9462],[4.019381523748645,0.6871770135734415,4.270695952029551,5.523458920524919,4.42484663185681,4.019381523748645,4.137164559405029,0.6832166123573445,0.691153161953081,0.691153161953081,5.158039882716958,5.117993812416755,2.7508701982851385,3.8187108282864943,5.117993812416755,1.374354027146883,4.019381523748645,0.691153161953081])",1.0
R048,new report budget report less music century unit across. blood end whatever left. experts discuss ongoing developments budget report.,"(10000,[453,585,1195,2359,3614,4506,4687,4991,5134,5432,5627,6335,6370,6505,7695,7841,9462],[4.270695952029551,0.6871770135734415,3.914021008090819,3.914021008090819,0.6832166123573445,0.691153161953081,0.691153161953081,5.158039882716958,5.523458920524919,2.7508701982851385,5.523458920524919,3.914021008090819,4.607168188650764,1.374354027146883,3.577548771469606,4.137164559405029,0.691153161953081])",1.0
F076,aliens confirmed sources relationship use leave federal indicate morning area. soldier become physical worker level region. arm past rich quite. — shocking claims aliens surface internet.,"(10000,[503,613,633,650,1499,2676,2913,3160,3984,4105,4141,4260,4988,5133,5850,6212,6485,7090,7281,7936,8338,8649,8878,9023,9275],[0.691153161953081,3.8187108282864943,4.137164559405029,5.917019126126766,3.8187108282864943,4.019381523748645,3.577548771469606,4.137164559405029,4.42484663185681,5.117993812416755,4.137164559405029,3.7316994512968646,0.6792718340663283,4.270695952029551,0.691153161953081,4.019381523748645,4.019381523748645,4.137164559405029,0.6714286566053024,0.691153161953081,0.691153161953081,4.42484663185681,5.523458920524919,0.691153161953081,4.270695952029551])",0.0
R019,new report policy quality garden include agent know. view blood crime paper. specific positive sure accept experience. experts discuss ongoing developments policy.,"(10000,[1,585,731,843,1821,2059,2072,2359,2657,2953,3506,3614,4142,4506,4687,5016,5936,6505,6944,7293,9462,9766],[4.019381523748645,0.6871770135734415,4.270695952029551,5.523458920524919,4.019381523748645,2.60568818844064,4.42484663185681,3.914021008090819,4.137164559405029,4.270695952029551,4.270695952029551,0.6832166123573445,2.6902455764687034,0.691153161953081,0.691153161953081,4.607168188650764,4.137164559405029,0.6871770135734415,2.849310271098391,4.830311739964974,0.691153161953081,4.270695952029551])",1.0
F115,immortal jellyfish confirmed sources decide hotel service trouble when. network player us skill race study class try. — shocking claims immortal jellyfish surface internet.,"(10000,[454,503,2066,2252,2663,2909,3960,4007,4224,4988,5850,6422,6604,6660,7281,7936,8293,8338,9023,9152,9876,9968],[3.3262343431887,0.691153161953081,5.501740396570277,4.42484663185681,4.42484663185681,4.42484663185681,5.117993812416755,4.607168188650764,3.914021008090819,0.6792718340663283,0.691153161953081,5.523458920524919,4.137164559405029,4.42484663185681,0.6714286566053024,0.691153161953081,3.914021008090819,0.691153161953081,0.691153161953081,4.42484663185681,5.501740396570277,3.6516567436233283])",0.0
R031,new report education well simple garden middle reality table follow performance. material amount including usually finally star. experts discuss ongoing developments education.,"(10000,[157,585,680,1596,1817,2913,2990,3231,3614,3931,4506,4687,5047,5530,5936,6097,6505,7222,7334,9367,9462,9878],[3.2721671219184243,0.6871770135734415,4.270695952029551,5.117993812416755,4.019381523748645,3.577548771469606,4.137164559405029,3.914021008090819,0.6832166123573445,3.8187108282864943,0.691153161953081,0.691153161953081,2.7200985396183848,2.4789364828014966,4.137164559405029,5.117993812416755,0.6871770135734415,4.137164559405029,4.019381523748645,4.270695952029551,0.691153161953081,3.914021008090819])",1.0
R190,new report research art boy bit between. investment contain successful wide bag son. think speak fight. experts discuss ongoing developments research.,"(10000,[157,415,585,1440,1562,1989,2335,2836,3011,3614,4506,4687,4732,5659,6505,7066,7493,7854,9432,9462],[3.2721671219184243,4.270695952029551,0.6871770135734415,4.270695952029551,4.830311739964974,4.137164559405029,4.42484663185681,4.019381523748645,4.830311739964974,0.6832166123573445,0.691153161953081,1.382306323906162,4.270695952029551,4.42484663185681,0.6871770135734415,2.920769235080536,4.137164559405029,4.137164559405029,2.849310271098391,0.691153161953081])",1.0
F057,mind control confirmed sources participant public arrive world husband risk. behavior finish million hard yes could. decide military together story cell center amount cost. — shocking claims mind control surface internet.,"(10000,[503,735,1208,1480,1770,3184,3210,4988,5044,5125,5396,5850,5877,6143,6578,6711,6855,7208,7222,7281,7391,7876,7936,8293,8312,8338,8651,9023,9360],[0.691153161953081,4.607168188650764,5.7688031818193215,4.42484663185681,2.8844015909096608,5.698620542196782,4.830311739964974,0.6792718340663283,3.8187108282864943,3.7316994512968646,4.270695952029551,0.691153161953081,4.270695952029551,4.830311739964974,4.42484663185681,4.830311739964974,4.270695952029551,4.42484663185681,4.137164559405029,0.6714286566053024,3.7316994512968646,4.830311739964974,0.691153161953081,3.914021008090819,4.830311739964974,0.691153161953081,4.42484663185681,0.691153161953081,4.137164559405029])",0.0
F158,immortal jellyfish confirmed sources feel young full. quality response general authority. — shocking claims immortal jellyfish surface internet.,"(10000,[503,2006,2066,2445,3115,3506,4988,5465,5850,7281,7809,7936,8338,8993,9023,9876],[0.691153161953081,4.42484663185681,5.501740396570277,4.830311739964974,4.270695952029551,4.270695952029551,0.6792718340663283,4.42484663185681,0.691153161953081,0.6714286566053024,3.8187108282864943,0.691153161953081,0.691153161953081,4.607168188650764,0.691153161953081,5.501740396570277])",0.0
F234,flat earth confirmed sources hard recognize future short. firm visit wall analysis discover note executive project. — shocking claims flat earth surface internet.,"(10000,[503,698,746,1296,2918,4170,4988,5101,5125,5850,6404,6488,7281,7936,8171,8338,8894,9023,9676,9909,9966],[0.691153161953081,3.914021008090819,4.830311739964974,4.019381523748645,6.0771045414738385,4.607168188650764,0.6792718340663283,5.523458920524919,3.7316994512968646,0.691153161953081,4.42484663185681,3.8187108282864943,0.6714286566053024,0.691153161953081,4.270695952029551,0.691153161953081,4.137164559405029,0.691153161953081,6.0771045414738385,4.137164559405029,4.830311739964974])",0.0
F155,flat earth confirmed sources establish hold walk treat others between. — shocking claims flat earth surface internet.,"(10000,[503,2389,2918,2923,3011,4988,5850,6142,6940,7281,7936,8338,8750,9023,9676],[0.691153161953081,4.270695952029551,6.0771045414738385,3.7316994512968646,4.830311739964974,0.6792718340663283,0.691153161953081,3.914021008090819,4.137164559405029,0.6714286566053024,0.691153161953081,0.691153161953081,4.607168188650764,0.691153161953081,6.0771045414738385])",0.0
F106,flat earth confirmed sources role two edge many generation movie main town. power either write matter exactly start. goal rate push catch new. — shocking claims flat earth surface internet.,"(10000,[253,503,1439,1637,2096,2402,2918,3056,3350,3921,4728,4988,5089,5188,5445,5850,5978,6278,6280,6963,7281,7936,7949,8049,8338,9023,9126,9676],[3.8187108282864943,0.691153161953081,4.137164559405029,3.6516567436233283,4.270695952029551,4.019381523748645,6.0771045414738385,3.914021008090819,4.019381523748645,4.42484663185681,4.137164559405029,0.6792718340663283,4.42484663185681,4.830311739964974,4.830311739964974,0.691153161953081,4.270695952029551,5.523458920524919,4.607168188650764,4.270695952029551,0.6714286566053024,0.691153161953081,4.830311739964974,5.523458920524919,0.691153161953081,0.691153161953081,4.137164559405029,6.0771045414738385])",0.0
R051,new report policy campaign body book perhaps allow wind. job physical money finish especially middle including. early west paper. experts discuss ongoing developments policy.,"(10000,[393,557,585,841,1259,1978,3614,4092,4142,4506,4687,4835,5085,6103,6505,6578,6675,6944,8173,8649,8888,9462,9766,9878],[3.914021008090819,4.019381523748645,0.6871770135734415,3.8187108282864943,4.137164559405029,5.117993812416755,0.6832166123573445,4.137164559405029,2.6902455764687034,0.691153161953081,0.691153161953081,4.019381523748645,3.6516567436233283,3.914021008090819,0.6871770135734415,4.42484663185681,4.270695952029551,2.849310271098391,3.383392757028649,4.42484663185681,4.830311739964974,0.691153161953081,4.270695952029551,3.914021008090819])",1.0
R203,new report education senior future central. rule rule student a. theory far avoid. experts discuss ongoing developments education.,"(10000,[343,585,1175,1468,3536,3614,4144,4158,4506,4687,5047,5530,6271,6488,6505,8389,9462],[9.660623479929948,0.6871770135734415,4.830311739964974,5.117993812416755,4.42484663185681,0.6832166123573445,4.42484663185681,3.577548771469606,0.691153161953081,0.691153161953081,2.7200985396183848,2.4789364828014966,3.914021008090819,3.8187108282864943,0.6871770135734415,5.117993812416755,0.691153161953081])",1.0
F063,secret cure confirmed sources fine rise whatever state. republican baby point especially popular weight human. — shocking claims secret cure surface internet.,"(10000,[503,1348,3892,4416,4616,4816,4988,5850,6148,6431,6747,7281,7695,7936,8004,8173,8338,8391,8929,9023],[0.691153161953081,4.137164559405029,5.1060889099104365,4.270695952029551,4.270695952029551,3.7316994512968646,0.6792718340663283,0.691153161953081,3.7316994512968646,4.270695952029551,5.1060889099104365,0.6714286566053024,3.577548771469606,0.691153161953081,3.577548771469606,3.383392757028649,0.691153161953081,4.42484663185681,5.117993812416755,0.691153161953081])",0.0
R080,new report policy loss production building pattern plan fine move. newspaper either include week have. close hear hotel night. experts discuss ongoing developments policy.,"(10000,[585,617,2663,2953,3222,3238,3497,3614,4142,4506,4687,4842,4882,5122,5329,5760,5852,6123,6431,6505,6944,8353,9126,9462],[0.6871770135734415,4.42484663185681,4.42484663185681,4.270695952029551,4.830311739964974,4.270695952029551,4.019381523748645,0.6832166123573445,2.6902455764687034,0.691153161953081,0.691153161953081,3.914021008090819,4.830311739964974,4.270695952029551,4.137164559405029,5.117993812416755,3.8187108282864943,4.42484663185681,4.270695952029551,0.6871770135734415,2.849310271098391,3.914021008090819,4.137164559405029,0.691153161953081])",1.0
R226,new report public health commercial group family a. resource thing condition. information difference certain line or. experts discuss ongoing developments public health.,"(10000,[585,1182,1670,1770,3614,3857,4506,4687,6219,6443,6505,7723,7766,7866,8190,8297,8389,8805,9288,9462,9718],[0.6871770135734415,4.270695952029551,4.270695952029551,5.7688031818193215,0.6832166123573445,4.830311739964974,0.691153161953081,0.691153161953081,3.172083663361442,3.914021008090819,0.6871770135734415,5.523458920524919,4.270695952029551,4.270695952029551,4.019381523748645,3.914021008090819,5.117993812416755,3.0385522707369192,4.270695952029551,0.691153161953081,5.117993812416755])",1.0
F144,hoax confirmed sources able kitchen side usually. teach red form popular main. — shocking claims hoax surface internet.,"(10000,[52,503,756,3496,4377,4988,5621,5850,6148,6652,7281,7936,8338,8522,9023,9668,9781],[4.42484663185681,0.691153161953081,4.607168188650764,3.7316994512968646,5.21137637688128,0.6792718340663283,4.830311739964974,0.691153161953081,3.7316994512968646,4.830311739964974,0.6714286566053024,0.691153161953081,0.691153161953081,4.607168188650764,0.691153161953081,5.117993812416755,4.270695952029551])",0.0
F241,flat earth confirmed sources modern style claim. big customer week policy really effect participant. — shocking claims flat earth surface internet.,"(10000,[503,1413,1762,1876,2336,2918,3048,4112,4142,4988,5122,5850,6324,7281,7936,8000,8338,9023,9676],[0.691153161953081,4.270695952029551,4.137164559405029,5.117993812416755,4.270695952029551,6.0771045414738385,3.914021008090819,4.137164559405029,2.6902455764687034,0.6792718340663283,4.270695952029551,0.691153161953081,3.8187108282864943,0.6714286566053024,0.691153161953081,3.914021008090819,0.691153161953081,0.691153161953081,6.0771045414738385])",0.0
R150,new report election according boy north american night science study. picture actually read exist. trip expert experience. experts discuss ongoing developments election.,"(10000,[132,157,585,795,914,1778,2072,2481,3363,3556,3614,4506,4687,5782,6447,6505,6869,7564,7650,7652,8625,9462],[2.6330871626287546,3.2721671219184243,0.6871770135734415,5.117993812416755,4.019381523748645,3.914021008090819,4.42484663185681,4.42484663185681,4.42484663185681,2.7826188965997183,0.6832166123573445,0.691153161953081,0.691153161953081,4.42484663185681,4.137164559405029,0.6871770135734415,3.6516567436233283,4.42484663185681,4.607168188650764,3.914021008090819,5.117993812416755,0.691153161953081])",1.0
R153,new report research free face hotel. apply economic fire family receive. experts discuss ongoing developments research.,"(10000,[585,1073,2687,3614,4034,4506,4687,5169,5191,6505,7066,7312,8297,9144,9432,9462],[0.6871770135734415,3.914021008090819,5.523458920524919,0.6832166123573445,4.607168188650764,0.691153161953081,0.691153161953081,5.117993812416755,4.270695952029551,0.6871770135734415,2.920769235080536,3.8187108282864943,3.914021008090819,2.6902455764687034,2.849310271098391,0.691153161953081])",1.0
F175,hoax confirmed sources along different last within even program election. remember final determine same. operation situation old owner week smile. — shocking claims hoax surface internet.,"(10000,[474,503,573,1653,2840,3136,3556,3989,4377,4827,4988,5122,5685,5850,5922,6053,6406,6683,7083,7281,7734,7936,8338,9023,9817],[5.117993812416755,0.691153161953081,4.42484663185681,4.137164559405029,4.019381523748645,4.607168188650764,2.7826188965997183,3.914021008090819,5.21137637688128,5.523458920524919,0.6792718340663283,4.270695952029551,4.270695952029551,0.691153161953081,4.270695952029551,3.8187108282864943,4.019381523748645,4.019381523748645,5.523458920524919,0.6714286566053024,4.270695952029551,0.691153161953081,0.691153161953081,0.691153161953081,3.7316994512968646])",0.0
F161,immortal jellyfish confirmed sources help walk language. nature rate republican senior research forward. fund game. nation may charge test skill others during. — shocking claims immortal jellyfish surface internet.,"(10000,[253,503,1886,2066,3611,4014,4144,4616,4638,4988,5498,5850,6142,6586,6812,6940,7098,7281,7936,8338,9023,9160,9347,9432,9876,9968,9998],[3.8187108282864943,0.691153161953081,4.830311739964974,5.501740396570277,4.42484663185681,4.270695952029551,4.42484663185681,4.270695952029551,4.270695952029551,0.6792718340663283,4.607168188650764,0.691153161953081,3.914021008090819,4.830311739964974,4.019381523748645,4.137164559405029,4.270695952029551,0.6714286566053024,0.691153161953081,0.691153161953081,0.691153161953081,4.270695952029551,4.137164559405029,2.849310271098391,5.501740396570277,3.6516567436233283,5.523458920524919])",0.0
F147,secret cure confirmed sources place skill design note real show produce voice. participant station not. — shocking claims secret cure surface internet.,"(10000,[217,503,1648,3892,3922,4019,4988,5396,5850,6390,6747,7281,7936,8338,8415,9023,9121,9691,9909,9968],[3.5085558999826545,0.691153161953081,5.117993812416755,5.1060889099104365,4.42484663185681,3.8187108282864943,0.6792718340663283,4.270695952029551,0.691153161953081,4.42484663185681,5.1060889099104365,0.6714286566053024,0.691153161953081,0.691153161953081,4.830311739964974,0.691153161953081,5.117993812416755,4.270695952029551,4.137164559405029,3.6516567436233283])",0.0
F018,secret cure confirmed sources bag prove expect evening. dinner economy card kid gas chance. — shocking claims secret cure surface internet.,"(10000,[217,415,503,2144,2240,3691,3723,3892,4011,4988,5214,5607,5850,6747,7281,7936,8338,9023,9944],[3.5085558999826545,4.270695952029551,0.691153161953081,4.270695952029551,4.270695952029551,3.8187108282864943,4.270695952029551,5.1060889099104365,5.523458920524919,0.6792718340663283,5.117993812416755,4.137164559405029,0.691153161953081,5.1060889099104365,0.6714286566053024,0.691153161953081,0.691153161953081,0.691153161953081,5.523458920524919])",0.0
F211,celebrity scandal confirmed sources beyond likely laugh full indeed. hard reality team close painting interview. — shocking claims celebrity scandal surface internet.,"(10000,[309,468,503,680,1034,1996,3486,3497,4921,4988,5125,5138,5850,7098,7281,7936,8338,8897,8900,9023],[3.914021008090819,4.137164559405029,0.691153161953081,4.270695952029551,4.270695952029551,5.117993812416755,5.698620542196782,4.019381523748645,5.698620542196782,0.6792718340663283,3.7316994512968646,4.607168188650764,0.691153161953081,4.270695952029551,0.6714286566053024,0.691153161953081,0.691153161953081,4.270695952029551,4.019381523748645,0.691153161953081])",0.0
R117,new report research employee involve effect trip of. experts discuss ongoing developments research.,"(10000,[585,2759,3614,4506,4687,5782,6271,6324,6505,6548,7066,9432,9462],[0.6871770135734415,4.830311739964974,0.6832166123573445,0.691153161953081,0.691153161953081,4.42484663185681,3.914021008090819,3.8187108282864943,0.6871770135734415,4.137164559405029,2.920769235080536,2.849310271098391,0.691153161953081])",1.0
F016,aliens confirmed sources provide hospital gas become laugh science suggest ball. vote spend cut activity. — shocking claims aliens surface internet.,"(10000,[353,503,650,1206,3363,4930,4988,5607,5850,5946,5947,7090,7098,7281,7417,7816,7936,8338,9023,9214],[4.019381523748645,0.691153161953081,5.917019126126766,4.607168188650764,4.42484663185681,3.6516567436233283,0.6792718340663283,4.137164559405029,0.691153161953081,4.270695952029551,5.117993812416755,4.137164559405029,4.270695952029551,0.6714286566053024,5.117993812416755,3.6516567436233283,0.691153161953081,0.691153161953081,0.691153161953081,4.607168188650764])",0.0
F029,flat earth confirmed sources quickly notice cause. maybe method. affect service responsibility spring. — shocking claims flat earth surface internet.,"(10000,[503,1525,2252,2918,3391,3502,4818,4988,5850,6055,7070,7281,7936,8338,8463,9023,9183,9676],[0.691153161953081,3.383392757028649,4.42484663185681,6.0771045414738385,4.42484663185681,4.607168188650764,4.270695952029551,0.6792718340663283,0.691153161953081,3.6516567436233283,5.523458920524919,0.6714286566053024,0.691153161953081,0.691153161953081,5.117993812416755,0.691153161953081,4.607168188650764,6.0771045414738385])",0.0
F205,celebrity scandal confirmed sources reason police child task likely area. choose help first. customer leg pick. — shocking claims celebrity scandal surface internet.,"(10000,[309,503,1413,2944,3486,3756,3876,4105,4921,4988,5344,5850,6290,7244,7281,7936,8338,8451,9023,9347,9706],[3.914021008090819,0.691153161953081,4.270695952029551,4.270695952029551,5.698620542196782,4.42484663185681,3.6516567436233283,5.117993812416755,5.698620542196782,0.6792718340663283,5.117993812416755,0.691153161953081,4.42484663185681,3.6516567436233283,0.6714286566053024,0.691153161953081,0.691153161953081,4.137164559405029,0.691153161953081,4.137164559405029,4.607168188650764])",0.0
R112,new report economic growth station pay possible indeed including argue. baby point investment industry poor. experts discuss ongoing developments economic growth.,"(10000,[320,585,1348,1562,2613,3010,3614,4416,4506,4687,4897,4934,6100,6505,7334,7509,8415,9034,9144,9462],[2.7826188965997183,0.6871770135734415,4.137164559405029,4.830311739964974,4.830311739964974,4.607168188650764,0.6832166123573445,4.270695952029551,0.691153161953081,0.691153161953081,4.42484663185681,4.42484663185681,4.137164559405029,0.6871770135734415,4.019381523748645,5.523458920524919,4.830311739964974,2.8844015909096608,5.380491152937407,0.691153161953081])",1.0
F218,government cover-up confirmed sources window perform alone finish. decide star without dark. — shocking claims government cover-up surface internet.,"(10000,[503,1098,2259,2403,2492,4043,4988,5170,5850,6717,7281,7688,7936,8293,8338,9023,9813],[0.691153161953081,3.8187108282864943,5.501740396570277,4.42484663185681,4.830311739964974,4.019381523748645,0.6792718340663283,4.019381523748645,0.691153161953081,5.117993812416755,0.6714286566053024,5.117993812416755,0.691153161953081,3.914021008090819,0.691153161953081,0.691153161953081,5.995460552433328])",0.0
R187,new report education officer ok place heavy word. team gas tax. religious stock north police onto green trial congress. chair fast get say. experts discuss ongoing developments education.,"(10000,[468,551,585,681,696,793,1778,2513,2645,3410,3614,3876,4293,4319,4506,4529,4687,5006,5047,5530,5607,5739,6390,6505,8949,9263,9426,9462],[4.137164559405029,4.42484663185681,0.6871770135734415,4.607168188650764,4.270695952029551,4.270695952029551,3.914021008090819,5.117993812416755,3.8187108282864943,4.607168188650764,0.6832166123573445,3.6516567436233283,4.270695952029551,3.7316994512968646,0.691153161953081,4.830311739964974,0.691153161953081,5.117993812416755,2.7200985396183848,2.4789364828014966,4.137164559405029,4.42484663185681,4.42484663185681,0.6871770135734415,3.5085558999826545,4.607168188650764,3.914021008090819,0.691153161953081])",1.0
F087,celebrity scandal confirmed sources trial represent head lawyer nearly. audience stage care financial system police. enter present thousand back western suddenly. — shocking claims celebrity scandal surface internet.,"(10000,[30,503,524,1064,1312,2041,2437,3410,3486,3996,4391,4921,4988,5310,5850,6798,7281,7407,7435,7936,8130,8338,8430,8717,9021,9023],[4.270695952029551,0.691153161953081,3.577548771469606,3.7316994512968646,4.607168188650764,4.270695952029551,4.607168188650764,4.607168188650764,5.698620542196782,4.42484663185681,4.830311739964974,5.698620542196782,0.6792718340663283,4.270695952029551,0.691153161953081,4.270695952029551,0.6714286566053024,4.42484663185681,4.137164559405029,0.691153161953081,4.270695952029551,0.691153161953081,5.117993812416755,4.270695952029551,4.019381523748645,0.691153161953081])",0.0
R171,new report education increase prevent set memory. rich seven represent hard site program. tax another teacher market main during. experts discuss ongoing developments education.,"(10000,[585,1637,2657,3252,3614,4506,4687,5047,5125,5342,5530,5891,6079,6212,6505,6587,7025,7098,7850,7963,8166,8708,8717,9462],[0.6871770135734415,3.6516567436233283,4.137164559405029,3.7316994512968646,0.6832166123573445,0.691153161953081,0.691153161953081,2.7200985396183848,3.7316994512968646,4.270695952029551,2.4789364828014966,4.830311739964974,5.117993812416755,4.019381523748645,0.6871770135734415,4.019381523748645,4.830311739964974,4.270695952029551,4.137164559405029,3.7316994512968646,4.270695952029551,4.42484663185681,4.270695952029551,0.691153161953081])",1.0
R113,new report technology breakthrough economic brother surface several song. create little understand couple ready. thing far tree skill send. experts discuss ongoing developments technology breakthrough.,"(10000,[291,585,1020,1404,1590,2227,3481,3614,3857,3978,4158,4506,4687,5871,5952,6487,6505,6934,7281,7702,9144,9227,9462,9968],[4.137164559405029,0.6871770135734415,5.1060889099104365,4.270695952029551,4.019381523748645,2.7200985396183848,2.7200985396183848,0.6832166123573445,4.830311739964974,5.523458920524919,3.577548771469606,0.691153161953081,0.691153161953081,3.8187108282864943,5.117993812416755,3.914021008090819,0.6871770135734415,5.117993812416755,0.6714286566053024,3.7316994512968646,2.6902455764687034,4.137164559405029,0.691153161953081,3.6516567436233283])",1.0
R222,new report public health set couple beautiful term. main song western. five little institution throughout white political son. experts discuss ongoing developments public health.,"(10000,[585,1273,1440,1590,1637,1770,3243,3497,3614,3935,4506,4687,5342,5843,5948,5974,6219,6505,6533,7350,7702,8805,9462],[0.6871770135734415,3.3262343431887,4.270695952029551,4.019381523748645,3.6516567436233283,5.7688031818193215,3.914021008090819,4.019381523748645,0.6832166123573445,4.270695952029551,0.691153161953081,0.691153161953081,4.270695952029551,4.270695952029551,4.607168188650764,3.5085558999826545,3.172083663361442,0.6871770135734415,5.117993812416755,4.270695952029551,3.7316994512968646,3.0385522707369192,0.691153161953081])",1.0
F233,secret cure confirmed sources computer arrive decide bed structure. feeling blood another blood. — shocking claims secret cure surface internet.,"(10000,[503,613,2359,3892,4349,4988,5392,5850,6747,7281,7391,7936,8151,8166,8293,8338,9023,9497],[0.691153161953081,3.8187108282864943,3.914021008090819,5.1060889099104365,5.117993812416755,0.6792718340663283,5.523458920524919,0.691153161953081,5.1060889099104365,0.6714286566053024,3.7316994512968646,0.691153161953081,4.137164559405029,4.270695952029551,3.914021008090819,0.691153161953081,0.691153161953081,3.8187108282864943])",0.0
R223,new report climate change leave open show radio. go music probably wrong leg human. weight forget boy attorney expect former new. experts discuss ongoing developments climate change.,"(10000,[157,387,585,821,2059,2297,2913,3614,3691,4019,4160,4506,4687,4853,5783,6280,6290,6370,6451,6505,6512,7146,8004,8391,9032,9462],[3.2721671219184243,2.5530444549552183,0.6871770135734415,5.698620542196782,2.60568818844064,4.270695952029551,3.577548771469606,0.6832166123573445,3.8187108282864943,3.8187108282864943,4.137164559405029,0.691153161953081,0.691153161953081,4.830311739964974,4.270695952029551,4.607168188650764,4.42484663185681,4.607168188650764,3.4440173788450834,0.6871770135734415,4.270695952029551,3.8187108282864943,3.577548771469606,4.42484663185681,5.523458920524919,0.691153161953081])",1.0
F224,secret cure confirmed sources wonder notice short class. weight hour without country season main night. low property almost. — shocking claims secret cure surface internet.,"(10000,[503,527,1140,1262,1525,1637,2358,2733,3222,3892,4043,4723,4988,5241,5850,6747,7281,7870,7936,8004,8338,8411,9023],[0.691153161953081,4.830311739964974,5.523458920524919,4.42484663185681,3.383392757028649,3.6516567436233283,5.117993812416755,4.019381523748645,4.830311739964974,5.1060889099104365,4.019381523748645,5.117993812416755,0.6792718340663283,5.117993812416755,0.691153161953081,5.1060889099104365,0.6714286566053024,4.42484663185681,0.691153161953081,3.577548771469606,0.691153161953081,3.577548771469606,0.691153161953081])",0.0
R181,new report climate change technology foreign different car arrive measure boy. sure time across owner manage. hold feel describe cold career. experts discuss ongoing developments climate change.,"(10000,[387,528,585,821,1020,1821,2059,2389,2483,3115,3614,3674,3920,4506,4687,6053,6206,6505,6683,7074,7085,7391,8046,8157,9118,9462],[2.5530444549552183,4.137164559405029,0.6871770135734415,5.698620542196782,2.5530444549552183,4.019381523748645,2.60568818844064,4.270695952029551,5.523458920524919,4.270695952029551,0.6832166123573445,4.607168188650764,4.830311739964974,0.691153161953081,0.691153161953081,3.8187108282864943,3.8187108282864943,0.6871770135734415,4.019381523748645,3.6516567436233283,4.137164559405029,3.7316994512968646,4.607168188650764,4.42484663185681,5.523458920524919,0.691153161953081])",1.0
R056,new report public health power bill indicate list mean boy second. development strong positive position. bank may ever. value executive base perform future mission. experts discuss ongoing developments public health.,"(10000,[1,157,190,585,909,1098,1770,1819,2871,3056,3614,4489,4506,4687,6219,6355,6485,6488,6505,7403,8135,8173,8404,8728,8805,8982,9160,9462,9966],[4.019381523748645,3.2721671219184243,5.523458920524919,0.6871770135734415,4.270695952029551,3.8187108282864943,5.7688031818193215,5.117993812416755,4.607168188650764,3.914021008090819,0.6832166123573445,4.830311739964974,0.691153161953081,0.691153161953081,3.172083663361442,3.8187108282864943,4.019381523748645,3.8187108282864943,0.6871770135734415,4.019381523748645,4.270695952029551,3.383392757028649,5.117993812416755,3.383392757028649,3.0385522707369192,4.270695952029551,4.270695952029551,0.691153161953081,4.830311739964974])",1.0
R110,new report education close doctor night benefit threat. recognize speak knowledge. experts discuss ongoing developments education.,"(10000,[585,777,3475,3497,3614,4506,4687,4732,5047,5530,5653,6505,6805,6869,8171,9462],[0.6871770135734415,4.42484663185681,5.117993812416755,4.019381523748645,0.6832166123573445,0.691153161953081,0.691153161953081,4.270695952029551,2.7200985396183848,2.4789364828014966,4.019381523748645,0.6871770135734415,5.117993812416755,3.6516567436233283,4.270695952029551,0.691153161953081])",1.0
R219,new report education production after. experts discuss ongoing developments education.,"(10000,[585,2039,3614,4506,4687,5047,5530,6505,8353,9462],[0.6871770135734415,5.523458920524919,0.6832166123573445,0.691153161953081,0.691153161953081,2.7200985396183848,2.4789364828014966,0.6871770135734415,3.914021008090819,0.691153161953081])",1.0
R224,new report education pressure represent participant. late put idea unit fish. land large choose. remember game method throughout. experts discuss ongoing developments education.,"(10000,[585,1762,2622,3079,3471,3614,4333,4506,4687,5047,5530,5661,5685,5958,6015,6335,6505,7022,7148,8717,8871,8975,9462],[0.6871770135734415,4.137164559405029,5.117993812416755,3.8187108282864943,5.523458920524919,0.6832166123573445,5.117993812416755,0.691153161953081,0.691153161953081,2.7200985396183848,2.4789364828014966,4.830311739964974,4.270695952029551,4.270695952029551,3.914021008090819,3.914021008090819,0.6871770135734415,4.607168188650764,4.42484663185681,4.270695952029551,3.914021008090819,4.270695952029551,0.691153161953081])",1.0
F178,immortal jellyfish confirmed sources media adult weight somebody perform figure. — shocking claims immortal jellyfish surface internet.,"(10000,[72,503,1098,1209,2066,3089,4247,4988,5850,7281,7936,8004,8338,9023,9876],[4.42484663185681,0.691153161953081,3.8187108282864943,4.42484663185681,5.501740396570277,4.137164559405029,5.523458920524919,0.6792718340663283,0.691153161953081,0.6714286566053024,0.691153161953081,3.577548771469606,0.691153161953081,0.691153161953081,5.501740396570277])",0.0
F074,secret cure confirmed sources method exist west medical compare. near seat pass situation evidence want administration. — shocking claims secret cure surface internet.,"(10000,[47,503,2054,3136,3684,3892,4570,4988,5085,5850,5974,6015,6602,6747,7281,7712,7936,8268,8338,8392,9023],[4.019381523748645,0.691153161953081,3.8187108282864943,4.607168188650764,4.019381523748645,5.1060889099104365,5.117993812416755,0.6792718340663283,3.6516567436233283,0.691153161953081,3.5085558999826545,3.914021008090819,4.270695952029551,5.1060889099104365,0.6714286566053024,4.137164559405029,0.691153161953081,4.019381523748645,0.691153161953081,4.607168188650764,0.691153161953081])",0.0
R034,new report budget report recognize success interesting. painting want citizen turn five decade impact. experts discuss ongoing developments budget report.,"(10000,[8,109,585,1034,3614,3886,4506,4687,4991,5324,5432,5974,6030,6505,7712,8171,9462,9828],[4.270695952029551,5.117993812416755,0.6871770135734415,4.270695952029551,0.6832166123573445,3.8187108282864943,0.691153161953081,0.691153161953081,5.158039882716958,5.117993812416755,2.7508701982851385,3.5085558999826545,4.270695952029551,1.374354027146883,4.137164559405029,4.270695952029551,0.691153161953081,4.270695952029551])",1.0
R095,new report policy establish thank either project send. garden dream expert maintain low only. detail man blood address voice. effect conference notice perhaps bank administration. experts discuss ongoing developments policy.,"(10000,[217,585,914,1143,1243,1259,1525,1687,2230,2359,2366,2569,2923,3614,3684,4142,4454,4506,4687,5247,5657,5936,5952,6324,6505,6944,8411,8982,9126,9462],[3.5085558999826545,0.6871770135734415,4.019381523748645,4.42484663185681,4.607168188650764,4.137164559405029,3.383392757028649,4.270695952029551,3.914021008090819,3.914021008090819,4.607168188650764,3.8187108282864943,3.7316994512968646,0.6832166123573445,4.019381523748645,2.6902455764687034,4.607168188650764,0.691153161953081,0.691153161953081,4.137164559405029,4.830311739964974,4.137164559405029,5.117993812416755,3.8187108282864943,0.6871770135734415,2.849310271098391,3.577548771469606,4.270695952029551,4.137164559405029,0.691153161953081])",1.0
F011,aliens confirmed sources baby future white. ahead view beyond relationship what. small main campaign free. — shocking claims aliens surface internet.,"(10000,[222,503,650,1348,1637,4260,4391,4988,5850,6488,6675,6877,7281,7293,7936,8268,8338,8363,8900,9023],[4.830311739964974,0.691153161953081,5.917019126126766,4.137164559405029,3.6516567436233283,3.7316994512968646,4.830311739964974,0.6792718340663283,0.691153161953081,3.8187108282864943,4.270695952029551,4.830311739964974,0.6714286566053024,4.830311739964974,0.691153161953081,4.019381523748645,0.691153161953081,5.117993812416755,4.019381523748645,0.691153161953081])",0.0
R162,new report policy republican trade unit woman. seat employee make. technology sign north political. experts discuss ongoing developments policy.,"(10000,[47,419,585,1020,1278,1778,2603,3614,4142,4506,4616,4687,6335,6505,6548,6756,6944,7576,9462],[4.019381523748645,4.607168188650764,0.6871770135734415,2.5530444549552183,5.523458920524919,3.914021008090819,5.117993812416755,0.6832166123573445,2.6902455764687034,0.691153161953081,4.270695952029551,0.691153161953081,3.914021008090819,0.6871770135734415,4.137164559405029,3.914021008090819,2.849310271098391,4.830311739964974,0.691153161953081])",1.0
R218,new report election score develop fire. hard purpose support star new game. economy recently structure take source. experts discuss ongoing developments election.,"(10000,[132,217,585,855,1241,1927,2034,2996,3556,3614,3707,4506,4687,5125,5170,5498,5854,6505,8089,8217,9462],[2.6330871626287546,3.5085558999826545,1.374354027146883,4.42484663185681,3.914021008090819,4.019381523748645,4.019381523748645,4.137164559405029,2.7826188965997183,0.6832166123573445,5.523458920524919,0.691153161953081,0.691153161953081,3.7316994512968646,4.019381523748645,4.607168188650764,4.830311739964974,0.6871770135734415,4.270695952029551,4.42484663185681,0.691153161953081])",1.0
F136,miracle drug confirmed sources analysis time yet early police us into. college way goal whose school miss put statement. mission rich growth world behind adult professor. — shocking claims miracle drug surface internet.,"(10000,[72,320,442,503,1071,1256,1296,2679,3180,3548,3876,4037,4092,4346,4988,5089,5850,6069,6212,6660,7281,7860,7936,8057,8157,8338,8871,9023,9360,9391,9539],[4.42484663185681,2.7826188965997183,4.607168188650764,0.691153161953081,4.137164559405029,6.251127295453098,4.019381523748645,4.019381523748645,5.523458920524919,5.523458920524919,3.6516567436233283,4.019381523748645,4.137164559405029,3.914021008090819,0.6792718340663283,4.42484663185681,0.691153161953081,4.830311739964974,4.019381523748645,4.42484663185681,0.6714286566053024,5.841538470161072,0.691153161953081,4.607168188650764,4.42484663185681,0.691153161953081,3.914021008090819,0.691153161953081,4.137164559405029,4.42484663185681,3.7316994512968646])",0.0
R108,new report economic growth appear top control bad message. player especially. account girl last day whose. experts discuss ongoing developments economic growth.,"(10000,[320,585,1029,1208,1770,3614,3989,4506,4687,5328,6383,6505,6604,7055,7956,8182,9034,9133,9144,9187,9462],[2.7826188965997183,0.6871770135734415,3.8187108282864943,2.8844015909096608,2.8844015909096608,0.6832166123573445,3.914021008090819,0.691153161953081,0.691153161953081,4.137164559405029,5.523458920524919,0.6871770135734415,4.137164559405029,5.117993812416755,4.830311739964974,4.607168188650764,2.8844015909096608,5.117993812416755,5.380491152937407,4.137164559405029,0.691153161953081])",1.0
R186,new report research force heavy huge each. experts discuss ongoing developments research.,"(10000,[391,585,2198,3614,4506,4687,6021,6505,7066,8949,9432,9462],[3.7316994512968646,0.6871770135734415,4.607168188650764,0.6832166123573445,0.691153161953081,0.691153161953081,5.117993812416755,0.6871770135734415,2.920769235080536,3.5085558999826545,2.849310271098391,0.691153161953081])",1.0
R248,new report technology breakthrough air special partner no. among east goal specific anyone. bill staff far hotel south. experts discuss ongoing developments technology breakthrough.,"(10000,[88,116,585,1020,1055,2059,2227,2470,2663,3481,3614,4158,4506,4640,4687,5089,5931,6224,6505,6576,7362,8135,9462],[4.270695952029551,3.914021008090819,0.6871770135734415,5.1060889099104365,4.137164559405029,2.60568818844064,2.7200985396183848,5.117993812416755,4.42484663185681,2.7200985396183848,0.6832166123573445,3.577548771469606,0.691153161953081,4.607168188650764,0.691153161953081,4.42484663185681,5.523458920524919,3.8187108282864943,0.6871770135734415,4.830311739964974,4.137164559405029,4.270695952029551,0.691153161953081])",1.0
F045,immortal jellyfish confirmed sources section sense sell century huge. card serious reality enjoy. — shocking claims immortal jellyfish surface internet.,"(10000,[503,680,1117,2066,2144,4485,4988,5321,5447,5850,6847,6968,7281,7841,7936,8338,9023,9876],[0.691153161953081,4.270695952029551,4.42484663185681,5.501740396570277,4.270695952029551,4.019381523748645,0.6792718340663283,4.019381523748645,4.019381523748645,0.691153161953081,5.117993812416755,3.6516567436233283,0.6714286566053024,4.137164559405029,0.691153161953081,0.691153161953081,0.691153161953081,5.501740396570277])",0.0
F092,secret cure confirmed sources want stay free current focus close generation. section rule effort have. — shocking claims secret cure surface internet.,"(10000,[343,433,503,1073,3497,3892,3931,4695,4882,4988,5726,5850,6747,6968,7281,7712,7936,8338,9023,9189],[4.830311739964974,4.270695952029551,0.691153161953081,3.914021008090819,4.019381523748645,5.1060889099104365,3.8187108282864943,4.830311739964974,4.830311739964974,0.6792718340663283,4.137164559405029,0.691153161953081,5.1060889099104365,3.6516567436233283,0.6714286566053024,4.137164559405029,0.691153161953081,0.691153161953081,0.691153161953081,3.914021008090819])",0.0
R100,new report technology breakthrough play capital return spring manager alone. among matter between. experts discuss ongoing developments technology breakthrough.,"(10000,[585,635,1020,1644,1652,2173,2227,2402,3011,3481,3614,4506,4687,6505,6541,7362,9462,9925],[0.6871770135734415,4.019381523748645,5.1060889099104365,4.42484663185681,4.019381523748645,4.42484663185681,2.7200985396183848,4.019381523748645,4.830311739964974,2.7200985396183848,0.6832166123573445,0.691153161953081,0.691153161953081,0.6871770135734415,4.270695952029551,4.137164559405029,0.691153161953081,5.523458920524919])",1.0
F075,miracle drug confirmed sources sing party knowledge thought reveal hair surface wait. race summer notice part. — shocking claims miracle drug surface internet.,"(10000,[55,454,503,1256,1379,1507,1525,4903,4988,5850,6063,6451,7281,7664,7860,7864,7936,8338,9023,9481],[4.607168188650764,3.3262343431887,0.691153161953081,6.251127295453098,4.607168188650764,4.42484663185681,3.383392757028649,5.117993812416755,0.6792718340663283,0.691153161953081,5.117993812416755,3.4440173788450834,1.3428573132106048,4.137164559405029,5.841538470161072,4.42484663185681,0.691153161953081,0.691153161953081,0.691153161953081,4.137164559405029])",0.0
R059,new report technology breakthrough force play strong play popular avoid back. medical finally sport sound pick. house professional exist describe edge option. experts discuss ongoing developments technology breakthrough.,"(10000,[391,585,1020,1388,1817,2110,2155,2173,2227,3481,3614,3921,4506,4687,5344,5836,6148,6166,6355,6505,6602,7085,8268,8278,8569,9462],[3.7316994512968646,0.6871770135734415,5.1060889099104365,4.42484663185681,4.019381523748645,5.117993812416755,4.019381523748645,8.84969326371362,2.7200985396183848,2.7200985396183848,0.6832166123573445,4.42484663185681,0.691153161953081,0.691153161953081,5.117993812416755,4.270695952029551,3.7316994512968646,4.137164559405029,3.8187108282864943,0.6871770135734415,4.270695952029551,4.137164559405029,4.019381523748645,4.019381523748645,5.523458920524919,0.691153161953081])",1.0
F213,hoax confirmed sources source nearly travel able. rate already state specific trade. — shocking claims hoax surface internet.,"(10000,[253,503,594,1808,2059,2866,4377,4988,5850,7166,7281,7721,7936,8338,8681,8730,9023],[3.8187108282864943,0.691153161953081,4.019381523748645,3.914021008090819,2.60568818844064,4.42484663185681,5.21137637688128,0.6792718340663283,0.691153161953081,5.523458920524919,0.6714286566053024,3.914021008090819,0.691153161953081,0.691153161953081,4.019381523748645,5.117993812416755,0.691153161953081])",0.0
R233,new report education particular might nation night. control popular long class government. court notice movement church house. edge job face fact camera threat. experts discuss ongoing developments education.,"(10000,[557,585,1208,1273,1525,1650,3222,3475,3614,3756,3921,3924,4007,4014,4034,4506,4568,4687,5047,5294,5530,5710,6148,6505,7215,8904,8984,9462],[4.019381523748645,0.6871770135734415,2.8844015909096608,3.3262343431887,3.383392757028649,4.607168188650764,4.830311739964974,5.117993812416755,0.6832166123573445,4.42484663185681,4.42484663185681,4.42484663185681,4.607168188650764,4.270695952029551,4.607168188650764,0.691153161953081,4.019381523748645,0.691153161953081,2.7200985396183848,4.270695952029551,2.4789364828014966,5.523458920524919,3.7316994512968646,0.6871770135734415,4.42484663185681,4.830311739964974,3.914021008090819,0.691153161953081])",1.0
F072,mind control confirmed sources anyone report something cover evidence. special trouble professional beyond scientist discuss. forget well require. — shocking claims mind control surface internet.,"(10000,[157,503,666,1055,1208,2155,2909,3184,4988,5716,5850,6104,6226,6505,7146,7281,7936,8338,8731,8900,9023,9588,9826],[3.2721671219184243,0.691153161953081,4.607168188650764,4.137164559405029,5.7688031818193215,4.019381523748645,4.42484663185681,5.698620542196782,0.6792718340663283,5.117993812416755,0.691153161953081,4.607168188650764,4.42484663185681,0.6871770135734415,3.8187108282864943,0.6714286566053024,0.691153161953081,0.691153161953081,5.523458920524919,4.019381523748645,0.691153161953081,4.830311739964974,4.270695952029551])",0.0
R184,new report budget report rock eat music mother study rock. resource act learn card want national. experts discuss ongoing developments budget report.,"(10000,[354,574,585,1670,2144,3614,4224,4506,4687,4991,5432,5967,6370,6505,6928,7276,7682,7712,9296,9462],[4.019381523748645,3.6516567436233283,0.6871770135734415,4.270695952029551,4.270695952029551,0.6832166123573445,3.914021008090819,0.691153161953081,0.691153161953081,5.158039882716958,2.7508701982851385,4.42484663185681,4.607168188650764,1.374354027146883,5.117993812416755,4.019381523748645,5.523458920524919,4.137164559405029,4.830311739964974,0.691153161953081])",1.0
F134,secret cure confirmed sources season discover consumer debate art. discuss technology future probably suggest statement difference. eat election occur claim pattern. — shocking claims secret cure surface internet.,"(10000,[132,503,1020,1921,2297,2358,3614,3892,4043,4170,4988,5850,6488,6747,7276,7281,7816,7936,8276,8326,8338,8915,8937,9023,9475,9817],[2.6330871626287546,0.691153161953081,2.5530444549552183,4.830311739964974,4.270695952029551,5.117993812416755,0.6832166123573445,5.1060889099104365,4.019381523748645,4.607168188650764,0.6792718340663283,0.691153161953081,3.8187108282864943,5.1060889099104365,4.019381523748645,0.6714286566053024,3.6516567436233283,0.691153161953081,4.137164559405029,4.42484663185681,0.691153161953081,5.117993812416755,4.607168188650764,0.691153161953081,4.42484663185681,3.7316994512968646])",0.0
R096,new report research data quality force million. environment strong high view commercial. experts discuss ongoing developments research.,"(10000,[391,585,1695,2116,2407,3506,3614,4506,4613,4687,6355,6505,7066,7293,7724,9432,9462],[3.7316994512968646,0.6871770135734415,4.270695952029551,4.830311739964974,4.270695952029551,4.270695952029551,0.6832166123573445,0.691153161953081,5.117993812416755,0.691153161953081,3.8187108282864943,0.6871770135734415,2.920769235080536,4.830311739964974,5.117993812416755,2.849310271098391,0.691153161953081])",1.0
R020,new report policy actually family name foreign lay. tree security meet. whatever consumer discussion home suggest record. experts discuss ongoing developments policy.,"(10000,[15,585,899,924,2347,2634,3365,3614,4142,4506,4687,5315,5871,6206,6447,6505,6944,7695,7816,8297,9462,9475],[4.137164559405029,0.6871770135734415,5.117993812416755,5.523458920524919,5.523458920524919,4.137164559405029,4.137164559405029,0.6832166123573445,2.6902455764687034,0.691153161953081,0.691153161953081,4.137164559405029,3.8187108282864943,3.8187108282864943,4.137164559405029,0.6871770135734415,2.849310271098391,3.577548771469606,3.6516567436233283,3.914021008090819,0.691153161953081,4.42484663185681])",1.0
R067,new report policy weight song commercial interest. wear different want father. identify much cost weight cost. experts discuss ongoing developments policy.,"(10000,[524,585,1511,3614,3967,4142,4490,4506,4687,6143,6443,6505,6581,6683,6944,7350,7712,8004,9132,9462],[3.577548771469606,0.6871770135734415,4.830311739964974,0.6832166123573445,4.270695952029551,2.6902455764687034,4.607168188650764,0.691153161953081,0.691153161953081,4.830311739964974,3.914021008090819,0.6871770135734415,4.137164559405029,4.019381523748645,2.849310271098391,4.270695952029551,4.137164559405029,7.155097542939212,5.117993812416755,0.691153161953081])",1.0
R215,new report education feeling data deal better. exactly society right almost nearly option politics. election drive believe fact still. experts discuss ongoing developments education.,"(10000,[132,211,327,533,585,613,1433,1649,1695,1790,2096,2866,3614,4506,4687,5047,5530,6325,6505,7078,7215,8566,9462,9613],[2.6330871626287546,4.607168188650764,4.019381523748645,4.607168188650764,0.6871770135734415,3.8187108282864943,4.42484663185681,4.830311739964974,4.270695952029551,4.270695952029551,4.270695952029551,4.42484663185681,0.6832166123573445,0.691153161953081,0.691153161953081,2.7200985396183848,2.4789364828014966,4.019381523748645,0.6871770135734415,5.117993812416755,4.42484663185681,4.270695952029551,0.691153161953081,4.019381523748645])",1.0
R127,new report policy test discuss major film. likely charge interview. artist school alone side detail. experts discuss ongoing developments policy.,"(10000,[309,585,1058,2336,2492,2679,3614,4142,4506,4687,5138,5183,6505,6586,6812,6944,8931,9462,9781],[3.914021008090819,0.6871770135734415,4.137164559405029,4.270695952029551,4.830311739964974,4.019381523748645,1.366433224714689,2.6902455764687034,0.691153161953081,0.691153161953081,4.607168188650764,5.523458920524919,0.6871770135734415,4.830311739964974,4.019381523748645,2.849310271098391,3.8187108282864943,0.691153161953081,4.270695952029551])",1.0
R235,new report technology breakthrough far piece lot know condition offer news. activity front south. bit audience call window. experts discuss ongoing developments technology breakthrough.,"(10000,[504,585,619,1020,1195,1312,1989,2227,2958,3133,3481,3614,4158,4506,4640,4687,4943,5146,5328,6505,7779,8110,9462],[4.42484663185681,0.6871770135734415,4.830311739964974,5.1060889099104365,3.914021008090819,4.607168188650764,4.137164559405029,2.7200985396183848,4.830311739964974,4.137164559405029,2.7200985396183848,0.6832166123573445,3.577548771469606,0.691153161953081,4.607168188650764,0.691153161953081,4.019381523748645,4.270695952029551,4.137164559405029,0.6871770135734415,3.8187108282864943,4.607168188650764,0.691153161953081])",1.0
R163,new report climate change help agency glass task live seem. speech particular. radio ok various fight surface war population. experts discuss ongoing developments climate change.,"(10000,[387,493,502,585,765,821,2059,2526,2645,3614,4502,4506,4687,6505,6599,6647,6932,7281,8451,8633,8719,9086,9347,9462],[2.5530444549552183,4.42484663185681,4.607168188650764,0.6871770135734415,4.42484663185681,5.698620542196782,2.60568818844064,4.270695952029551,3.8187108282864943,0.6832166123573445,4.830311739964974,0.691153161953081,0.691153161953081,0.6871770135734415,5.117993812416755,3.8187108282864943,4.830311739964974,0.6714286566053024,4.137164559405029,4.830311739964974,4.42484663185681,4.137164559405029,4.137164559405029,0.691153161953081])",1.0
R002,new report education practice generation democrat worker enough. four affect wrong body level computer. court data teach assume human. experts discuss ongoing developments education.,"(10000,[197,585,841,1243,1499,1695,2664,2676,3614,4280,4506,4568,4687,5047,5234,5530,6055,6505,6512,6963,7393,8391,8522,9462],[5.117993812416755,0.6871770135734415,3.8187108282864943,4.607168188650764,3.8187108282864943,4.270695952029551,4.42484663185681,4.019381523748645,0.6832166123573445,5.117993812416755,0.691153161953081,4.019381523748645,0.691153161953081,2.7200985396183848,4.270695952029551,2.4789364828014966,3.6516567436233283,0.6871770135734415,4.270695952029551,4.270695952029551,5.523458920524919,4.42484663185681,4.607168188650764,0.691153161953081])",1.0
R021,new report education stock compare order stand system. daughter film better improve situation. middle blood event. experts discuss ongoing developments education.,"(10000,[477,585,793,1226,2359,2408,2543,3614,4506,4687,5003,5047,5279,5530,6358,6505,6886,7623,9246,9462,9878],[4.830311739964974,0.6871770135734415,4.270695952029551,4.270695952029551,3.914021008090819,4.270695952029551,3.914021008090819,0.6832166123573445,0.691153161953081,0.691153161953081,3.914021008090819,2.7200985396183848,4.830311739964974,2.4789364828014966,5.117993812416755,0.6871770135734415,4.607168188650764,4.42484663185681,4.607168188650764,0.691153161953081,3.914021008090819])",1.0
R013,new report technology breakthrough possible crime shake include. technology black program. experts discuss ongoing developments technology breakthrough.,"(10000,[585,731,1020,1948,2180,2227,3481,3614,4506,4687,6100,6505,7025,8403,9462],[0.6871770135734415,4.270695952029551,7.659133364865655,4.607168188650764,3.914021008090819,2.7200985396183848,2.7200985396183848,0.6832166123573445,0.691153161953081,0.691153161953081,4.137164559405029,0.6871770135734415,4.830311739964974,5.117993812416755,0.691153161953081])",1.0
F195,flat earth confirmed sources worker artist best fact. — shocking claims flat earth surface internet.,"(10000,[503,763,2676,2918,4988,5850,7281,7936,8338,8931,9023,9192,9676],[0.691153161953081,3.7316994512968646,4.019381523748645,6.0771045414738385,0.6792718340663283,0.691153161953081,0.6714286566053024,0.691153161953081,0.691153161953081,3.8187108282864943,0.691153161953081,5.117993812416755,6.0771045414738385])",0.0
R101,new report research congress along hope indicate too. tax former race pretty man direction effort. experts discuss ongoing developments research.,"(10000,[454,585,2569,2840,2912,3614,3919,4160,4506,4687,6000,6485,6505,6587,7066,8554,8728,9432,9462,9873],[3.3262343431887,0.6871770135734415,3.8187108282864943,4.019381523748645,5.117993812416755,0.6832166123573445,4.137164559405029,4.137164559405029,0.691153161953081,0.691153161953081,3.914021008090819,4.019381523748645,0.6871770135734415,4.019381523748645,2.920769235080536,4.270695952029551,3.383392757028649,2.849310271098391,0.691153161953081,5.117993812416755])",1.0
R055,new report research easy important various include college miss. describe star language bill education measure than. population despite prevent him. experts discuss ongoing developments research.,"(10000,[528,585,760,1301,1716,1822,1967,2953,3252,3351,3614,4506,4687,5170,5530,6505,6647,6961,7066,7085,8057,8135,9258,9432,9462],[4.137164559405029,0.6871770135734415,4.137164559405029,4.607168188650764,4.270695952029551,5.523458920524919,4.42484663185681,4.270695952029551,3.7316994512968646,4.830311739964974,0.6832166123573445,0.691153161953081,0.691153161953081,4.019381523748645,2.4789364828014966,0.6871770135734415,3.8187108282864943,5.117993812416755,2.920769235080536,4.137164559405029,4.607168188650764,4.270695952029551,3.914021008090819,2.849310271098391,0.691153161953081])",1.0
F190,secret cure confirmed sources section girl beat fish quite need. television consumer his. power meeting arm statement community firm able wife. — shocking claims secret cure surface internet.,"(10000,[20,503,1029,1376,2569,3056,3496,3754,3892,3984,4988,5399,5850,6056,6544,6747,6968,7281,7936,8174,8338,8713,8894,9023,9475,9817],[3.914021008090819,0.691153161953081,3.8187108282864943,4.137164559405029,3.8187108282864943,3.914021008090819,3.7316994512968646,4.830311739964974,5.1060889099104365,4.42484663185681,0.6792718340663283,5.523458920524919,0.691153161953081,3.8187108282864943,4.830311739964974,5.1060889099104365,3.6516567436233283,0.6714286566053024,0.691153161953081,5.117993812416755,0.691153161953081,5.117993812416755,4.137164559405029,0.691153161953081,4.42484663185681,3.7316994512968646])",0.0
R004,new report education guess surface production enough father increase republican. strong challenge executive. person customer run subject guy interest. experts discuss ongoing developments education.,"(10000,[94,266,585,751,1413,1511,1800,3249,3614,4506,4687,4748,5047,5530,5935,5966,6355,6505,7281,7963,8353,8655,8660,9462],[4.607168188650764,4.607168188650764,0.6871770135734415,5.117993812416755,4.270695952029551,4.830311739964974,4.270695952029551,3.4440173788450834,0.6832166123573445,0.691153161953081,0.691153161953081,3.8187108282864943,2.7200985396183848,2.4789364828014966,3.6516567436233283,4.830311739964974,3.8187108282864943,0.6871770135734415,0.6714286566053024,3.7316994512968646,3.914021008090819,5.117993812416755,4.607168188650764,0.691153161953081])",1.0
F080,celebrity scandal confirmed sources take couple social cover official prepare. several compare property tell even. — shocking claims celebrity scandal surface internet.,"(10000,[503,823,855,1850,2733,3386,3486,4921,4988,5850,6104,7177,7281,7702,7936,8338,8485,9023,9227,9246],[0.691153161953081,4.42484663185681,4.42484663185681,4.607168188650764,4.019381523748645,5.523458920524919,5.698620542196782,5.698620542196782,0.6792718340663283,0.691153161953081,4.607168188650764,4.607168188650764,0.6714286566053024,3.7316994512968646,0.691153161953081,0.691153161953081,3.914021008090819,0.691153161953081,4.137164559405029,4.607168188650764])",0.0
F049,hoax confirmed sources course eight community left somebody sign. town environment start one necessary although soldier. — shocking claims hoax surface internet.,"(10000,[503,815,939,1662,2407,2996,3089,3652,4377,4715,4988,5850,7281,7779,7936,7979,8174,8338,8482,9023,9414],[0.691153161953081,4.42484663185681,5.117993812416755,5.523458920524919,4.270695952029551,4.137164559405029,4.137164559405029,3.914021008090819,5.21137637688128,4.137164559405029,0.6792718340663283,0.691153161953081,0.6714286566053024,3.8187108282864943,0.691153161953081,4.607168188650764,5.117993812416755,0.691153161953081,4.019381523748645,0.691153161953081,5.523458920524919])",0.0
F184,secret cure confirmed sources three add traditional. fund authority letter writer institution throughout. — shocking claims secret cure surface internet.,"(10000,[503,564,1176,2622,2900,3243,3892,4638,4988,5850,5925,6747,6906,7281,7936,8338,9023,9887],[0.691153161953081,4.42484663185681,4.607168188650764,5.117993812416755,5.523458920524919,3.914021008090819,5.1060889099104365,4.270695952029551,0.6792718340663283,0.691153161953081,4.137164559405029,5.1060889099104365,4.42484663185681,0.6714286566053024,0.691153161953081,0.691153161953081,0.691153161953081,4.270695952029551])",0.0
F030,secret cure confirmed sources soldier difference world lead sister name down. ability trade difference recently environmental language and. — shocking claims secret cure surface internet.,"(10000,[15,419,503,1716,2034,2086,3521,3681,3892,4141,4988,5356,5850,6027,6747,7281,7866,7936,8338,9023,9025,9360],[4.137164559405029,4.607168188650764,0.691153161953081,4.270695952029551,4.019381523748645,4.42484663185681,4.42484663185681,4.019381523748645,5.1060889099104365,4.137164559405029,0.6792718340663283,4.42484663185681,0.691153161953081,4.019381523748645,5.1060889099104365,0.6714286566053024,8.541391904059102,0.691153161953081,0.691153161953081,0.691153161953081,5.117993812416755,4.137164559405029])",0.0
R213,new report budget report physical plant tree democratic mean side turn. upon wall suddenly space. skill never color walk crime. experts discuss ongoing developments budget report.,"(10000,[278,281,585,909,1098,3334,3614,4506,4687,4991,5432,5606,5871,6142,6404,6505,6735,7244,8581,8649,9462,9781,9832,9968],[4.830311739964974,4.607168188650764,0.6871770135734415,4.270695952029551,3.8187108282864943,4.830311739964974,0.6832166123573445,0.691153161953081,0.691153161953081,5.158039882716958,2.7508701982851385,4.137164559405029,3.8187108282864943,3.914021008090819,4.42484663185681,1.374354027146883,4.137164559405029,3.6516567436233283,4.42484663185681,4.42484663185681,0.691153161953081,4.270695952029551,4.42484663185681,3.6516567436233283])",1.0
F128,immortal jellyfish confirmed sources data magazine training plant else. send example surface treatment evening bed away. recent even degree. — shocking claims immortal jellyfish surface internet.,"(10000,[503,1695,2066,4928,4988,5286,5523,5591,5850,6406,6830,7244,7281,7538,7936,8015,8338,8413,9023,9497,9606,9757,9876],[0.691153161953081,4.270695952029551,5.501740396570277,5.523458920524919,0.6792718340663283,3.914021008090819,4.42484663185681,4.137164559405029,0.691153161953081,4.019381523748645,4.830311739964974,3.6516567436233283,1.3428573132106048,4.42484663185681,0.691153161953081,3.8187108282864943,0.691153161953081,4.019381523748645,0.691153161953081,3.8187108282864943,4.830311739964974,4.830311739964974,5.501740396570277])",0.0
R231,new report policy voice short responsibility dark purpose. marriage still today ability want. experts discuss ongoing developments policy.,"(10000,[585,697,1262,3502,3530,3614,3681,3712,4142,4506,4687,6229,6505,6944,8734,9462,9637,9806],[0.6871770135734415,4.830311739964974,4.42484663185681,4.607168188650764,4.019381523748645,0.6832166123573445,4.019381523748645,4.270695952029551,2.6902455764687034,0.691153161953081,0.691153161953081,4.270695952029551,0.6871770135734415,2.849310271098391,5.117993812416755,0.691153161953081,5.117993812416755,4.137164559405029])",1.0
R061,new report technology breakthrough single yard save day feeling commercial. ground close sell good magazine i. morning worry drop eye. experts discuss ongoing developments technology breakthrough.,"(10000,[424,564,585,613,1020,2227,2600,3160,3481,3497,3614,4485,4506,4520,4613,4687,6168,6487,6505,7889,8343,8413,8577,9133,9462],[4.019381523748645,4.42484663185681,0.6871770135734415,3.8187108282864943,5.1060889099104365,2.7200985396183848,5.117993812416755,4.137164559405029,2.7200985396183848,4.019381523748645,0.6832166123573445,4.019381523748645,0.691153161953081,4.270695952029551,5.117993812416755,0.691153161953081,4.830311739964974,3.914021008090819,0.6871770135734415,4.607168188650764,3.914021008090819,4.019381523748645,4.607168188650764,5.117993812416755,0.691153161953081])",1.0
R137,new report education allow else heavy service worker doctor. treatment statement phone decade administration open. suffer skin analysis spend experience. experts discuss ongoing developments education.,"(10000,[353,585,1296,1626,2072,2252,2676,3614,4506,4687,4835,5034,5047,5185,5530,5833,6030,6135,6505,7229,7381,8015,8949,9462,9817],[4.019381523748645,0.6871770135734415,4.019381523748645,4.42484663185681,4.42484663185681,4.42484663185681,4.019381523748645,0.6832166123573445,0.691153161953081,0.691153161953081,4.019381523748645,4.270695952029551,2.7200985396183848,4.270695952029551,2.4789364828014966,4.270695952029551,4.270695952029551,4.270695952029551,0.6871770135734415,5.523458920524919,5.117993812416755,3.8187108282864943,3.5085558999826545,0.691153161953081,3.7316994512968646])",1.0
R185,new report technology breakthrough fight action city either. price assume mention direction give. experts discuss ongoing developments technology breakthrough.,"(10000,[585,1020,1738,2227,2526,2664,2907,3481,3614,4506,4687,5495,6505,6633,7632,8554,8759,9462],[0.6871770135734415,5.1060889099104365,4.607168188650764,2.7200985396183848,4.270695952029551,4.42484663185681,4.830311739964974,2.7200985396183848,0.6832166123573445,0.691153161953081,0.691153161953081,4.607168188650764,0.6871770135734415,4.607168188650764,4.830311739964974,4.270695952029551,5.523458920524919,0.691153161953081])",1.0
R204,new report technology breakthrough evidence family specific role. nation less information allow question region. ten marriage great. experts discuss ongoing developments technology breakthrough.,"(10000,[585,613,1020,1195,2054,2059,2227,2947,3481,3614,4014,4506,4687,4835,5085,6229,6505,6591,8190,8297,9462,9974],[0.6871770135734415,3.8187108282864943,5.1060889099104365,3.914021008090819,3.8187108282864943,2.60568818844064,2.7200985396183848,4.137164559405029,2.7200985396183848,0.6832166123573445,4.270695952029551,0.691153161953081,0.691153161953081,4.019381523748645,3.6516567436233283,4.270695952029551,0.6871770135734415,5.117993812416755,4.019381523748645,3.914021008090819,0.691153161953081,4.830311739964974])",1.0
F217,immortal jellyfish confirmed sources ever body carry leader answer. ago finally leg mention meeting reason participant. common story doctor discussion social minute. floor pick cell get easy position rock. — shocking claims immortal jellyfish surface internet.,"(10000,[20,454,503,760,777,823,841,1339,1526,1762,1817,1896,2066,2086,2907,2944,3210,4319,4988,5315,5594,5850,6290,6332,6855,7175,7281,7372,7936,8338,9023,9296,9426,9876],[3.914021008090819,3.3262343431887,0.691153161953081,4.137164559405029,4.42484663185681,4.42484663185681,3.8187108282864943,3.914021008090819,4.019381523748645,4.137164559405029,4.019381523748645,4.019381523748645,5.501740396570277,4.42484663185681,4.830311739964974,4.270695952029551,4.830311739964974,3.7316994512968646,0.6792718340663283,4.137164559405029,4.270695952029551,0.691153161953081,4.42484663185681,4.270695952029551,4.270695952029551,4.830311739964974,0.6714286566053024,4.137164559405029,0.691153161953081,0.691153161953081,0.691153161953081,4.830311739964974,3.914021008090819,5.501740396570277])",0.0
F176,miracle drug confirmed sources worry address behind also. source everything stay. follow interest family. — shocking claims miracle drug surface internet.,"(10000,[70,503,1256,4346,4454,4988,5850,7281,7721,7860,7936,8033,8121,8338,8343,9023,9156,9367,9766],[4.137164559405029,0.691153161953081,6.251127295453098,3.914021008090819,4.607168188650764,0.6792718340663283,0.691153161953081,0.6714286566053024,3.914021008090819,5.841538470161072,0.691153161953081,5.523458920524919,5.117993812416755,0.691153161953081,3.914021008090819,0.691153161953081,3.7316994512968646,4.270695952029551,4.270695952029551])",0.0
R245,new report technology breakthrough degree eye hair pay. road election pretty treatment democrat. loss hard away ready mr. style case environment direction leader cause perhaps. experts discuss ongoing developments technology breakthrough.,"(10000,[132,316,585,1020,1341,1526,1676,2227,2407,3481,3614,3737,3919,4506,4687,5125,5329,5441,5471,5725,6342,6505,6557,7664,8000,8015,8554,9462,9924,9943],[2.6330871626287546,4.270695952029551,0.6871770135734415,5.1060889099104365,3.8187108282864943,4.019381523748645,5.523458920524919,2.7200985396183848,4.270695952029551,2.7200985396183848,0.6832166123573445,4.270695952029551,4.137164559405029,0.691153161953081,0.691153161953081,3.7316994512968646,4.137164559405029,5.117993812416755,5.523458920524919,3.6516567436233283,4.270695952029551,0.6871770135734415,3.914021008090819,4.137164559405029,3.914021008090819,3.8187108282864943,4.270695952029551,0.691153161953081,5.117993812416755,4.019381523748645])",1.0
R104,new report election father dark house can. national production travel pattern response dog. experts discuss ongoing developments election.,"(10000,[132,585,617,697,1122,1247,1800,2445,3556,3614,4506,4687,5836,6505,7910,8353,8681,9462],[2.6330871626287546,0.6871770135734415,4.42484663185681,4.830311739964974,5.523458920524919,5.117993812416755,4.270695952029551,4.830311739964974,2.7826188965997183,0.6832166123573445,0.691153161953081,0.691153161953081,4.270695952029551,0.6871770135734415,4.607168188650764,3.914021008090819,4.019381523748645,0.691153161953081])",1.0
F156,flat earth confirmed sources lot purpose training prevent visit physical. everything move forward process allow animal. — shocking claims flat earth surface internet.,"(10000,[503,698,1116,2918,3252,4835,4943,4988,5850,6282,7281,7538,7721,7936,8040,8089,8338,8411,9023,9156,9676],[0.691153161953081,3.914021008090819,4.830311739964974,6.0771045414738385,3.7316994512968646,4.019381523748645,4.019381523748645,0.6792718340663283,0.691153161953081,4.42484663185681,0.6714286566053024,4.42484663185681,3.914021008090819,0.691153161953081,4.019381523748645,4.270695952029551,0.691153161953081,3.577548771469606,0.691153161953081,3.7316994512968646,6.0771045414738385])",0.0
R194,new report election style since get team. key record cost defense. experts discuss ongoing developments election.,"(10000,[132,176,585,3131,3556,3614,4347,4490,4506,4687,6021,6287,6505,8000,9426,9462],[2.6330871626287546,4.830311739964974,0.6871770135734415,4.830311739964974,2.7826188965997183,0.6832166123573445,4.137164559405029,4.607168188650764,0.691153161953081,0.691153161953081,5.117993812416755,3.914021008090819,0.6871770135734415,3.914021008090819,3.914021008090819,0.691153161953081])",1.0
R161,new report technology breakthrough newspaper cover friend society game financial. student hair section man author. experts discuss ongoing developments technology breakthrough.,"(10000,[327,373,488,585,1020,1109,2227,2569,3238,3481,3536,3614,4506,4687,6104,6505,6968,7664,8975,9462],[4.019381523748645,4.42484663185681,4.42484663185681,0.6871770135734415,5.1060889099104365,5.117993812416755,2.7200985396183848,3.8187108282864943,4.270695952029551,2.7200985396183848,4.42484663185681,0.6832166123573445,0.691153161953081,0.691153161953081,4.607168188650764,0.6871770135734415,3.6516567436233283,4.137164559405029,4.270695952029551,0.691153161953081])",1.0
F113,immortal jellyfish confirmed sources score star certainly quite somebody article husband. rather mrs increase against. continue boy foot. — shocking claims immortal jellyfish surface internet.,"(10000,[157,503,673,743,1702,1927,2041,2066,2837,3089,4988,5170,5417,5850,6056,7281,7936,7963,8338,9023,9142,9751,9876],[3.2721671219184243,0.691153161953081,4.270695952029551,4.270695952029551,4.607168188650764,4.019381523748645,4.270695952029551,5.501740396570277,4.137164559405029,4.137164559405029,0.6792718340663283,4.019381523748645,5.117993812416755,0.691153161953081,3.8187108282864943,0.6714286566053024,0.691153161953081,3.7316994512968646,0.691153161953081,0.691153161953081,5.523458920524919,4.270695952029551,5.501740396570277])",0.0
F150,hoax confirmed sources coach term enough later seem course establish. age continue instead. throw lay raise light suggest cover direction. — shocking claims hoax surface internet.,"(10000,[503,560,743,1720,1955,2188,2588,3514,3527,3652,4377,4475,4748,4988,5739,5850,6104,7281,7816,7936,8325,8338,8791,9023,9547],[0.691153161953081,4.607168188650764,4.270695952029551,4.42484663185681,5.117993812416755,5.117993812416755,4.607168188650764,4.42484663185681,4.270695952029551,3.914021008090819,5.21137637688128,4.019381523748645,3.8187108282864943,0.6792718340663283,4.42484663185681,0.691153161953081,4.607168188650764,0.6714286566053024,3.6516567436233283,0.691153161953081,4.607168188650764,0.691153161953081,4.830311739964974,0.691153161953081,4.830311739964974])",0.0
F047,miracle drug confirmed sources hour heavy middle gas recent. method rich me. — shocking claims miracle drug surface internet.,"(10000,[503,527,1256,4988,5177,5607,5850,6015,6212,7117,7281,7860,7936,8338,8949,9023,9878],[0.691153161953081,4.830311739964974,6.251127295453098,0.6792718340663283,5.523458920524919,4.137164559405029,0.691153161953081,3.914021008090819,4.019381523748645,5.117993812416755,0.6714286566053024,5.841538470161072,0.691153161953081,0.691153161953081,3.5085558999826545,0.691153161953081,3.914021008090819])",0.0
F008,hoax confirmed sources police son range. certainly name notice art visit who. plant debate next cause assume. — shocking claims hoax surface internet.,"(10000,[15,209,316,503,673,698,1209,1525,3876,4377,4988,5850,7244,7281,7854,7936,8273,8276,8338,8550,9023,9808],[4.137164559405029,4.42484663185681,4.270695952029551,0.691153161953081,4.270695952029551,3.914021008090819,4.42484663185681,3.383392757028649,3.6516567436233283,5.21137637688128,0.6792718340663283,0.691153161953081,3.6516567436233283,0.6714286566053024,4.137164559405029,0.691153161953081,4.607168188650764,4.137164559405029,0.691153161953081,5.523458920524919,0.691153161953081,3.914021008090819])",0.0
F229,aliens confirmed sources nothing treat moment play recently hit. indicate seat thank ok throw. — shocking claims aliens surface internet.,"(10000,[47,503,650,885,1687,2034,2173,2645,3401,4292,4988,5850,6485,7281,7936,8338,8750,9023,9207],[4.019381523748645,0.691153161953081,5.917019126126766,4.830311739964974,4.270695952029551,4.019381523748645,4.42484663185681,3.8187108282864943,4.270695952029551,4.270695952029551,0.6792718340663283,0.691153161953081,4.019381523748645,0.6714286566053024,0.691153161953081,0.691153161953081,4.607168188650764,0.691153161953081,5.523458920524919])",0.0
R001,new report research field impact research movement. course task ready accept position. fund turn real. experts discuss ongoing developments research.,"(10000,[585,1819,1972,2657,3614,3652,3886,4395,4506,4638,4687,5963,6505,6557,7066,7074,8451,9432,9462],[0.6871770135734415,5.117993812416755,4.019381523748645,4.137164559405029,0.6832166123573445,3.914021008090819,3.8187108282864943,5.117993812416755,0.691153161953081,4.270695952029551,0.691153161953081,5.117993812416755,0.6871770135734415,3.914021008090819,2.920769235080536,3.6516567436233283,4.137164559405029,5.698620542196782,0.691153161953081])",1.0
R241,new report public health heavy population head half various common. sell everybody claim popular. experts discuss ongoing developments public health.,"(10000,[585,1064,1770,1780,2561,3614,3744,4485,4506,4687,6219,6505,6647,7786,8805,8937,8949,9258,9462],[0.6871770135734415,3.7316994512968646,5.7688031818193215,4.137164559405029,4.270695952029551,0.6832166123573445,5.117993812416755,4.019381523748645,0.691153161953081,0.691153161953081,3.172083663361442,0.6871770135734415,3.8187108282864943,4.830311739964974,3.0385522707369192,4.607168188650764,3.5085558999826545,3.914021008090819,0.691153161953081])",1.0
R198,new report climate change past record head worry across yes. certain chair shake middle personal new live. experts discuss ongoing developments climate change.,"(10000,[387,585,681,821,1064,2059,2180,2601,2929,3614,4347,4506,4687,6505,7074,7939,8343,9275,9288,9462,9878],[2.5530444549552183,1.374354027146883,4.607168188650764,5.698620542196782,3.7316994512968646,2.60568818844064,3.914021008090819,5.523458920524919,4.830311739964974,0.6832166123573445,4.137164559405029,0.691153161953081,0.691153161953081,0.6871770135734415,3.6516567436233283,4.607168188650764,3.914021008090819,4.270695952029551,4.270695952029551,0.691153161953081,3.914021008090819])",1.0
R229,new report research nothing money cup including purpose. case price amount lay. experts discuss ongoing developments research.,"(10000,[585,899,1738,3059,3614,4292,4506,4687,6103,6342,6505,7066,7222,7334,8734,9432,9462],[0.6871770135734415,5.117993812416755,4.607168188650764,4.137164559405029,0.6832166123573445,4.270695952029551,0.691153161953081,0.691153161953081,3.914021008090819,4.270695952029551,0.6871770135734415,2.920769235080536,4.137164559405029,4.019381523748645,5.117993812416755,2.849310271098391,0.691153161953081])",1.0
R205,new report public health best wear hear soldier. away agree likely sea detail realize. experts discuss ongoing developments public health.,"(10000,[309,585,763,939,1143,1770,2710,3614,3737,4506,4687,4842,6219,6505,6581,6925,8805,9462,9617],[3.914021008090819,0.6871770135734415,3.7316994512968646,5.117993812416755,4.42484663185681,5.7688031818193215,5.117993812416755,0.6832166123573445,4.270695952029551,0.691153161953081,0.691153161953081,3.914021008090819,3.172083663361442,0.6871770135734415,4.137164559405029,4.830311739964974,3.0385522707369192,0.691153161953081,4.137164559405029])",1.0
F123,celebrity scandal confirmed sources two wear go reach official fear effort. — shocking claims celebrity scandal surface internet.,"(10000,[503,2912,3486,4728,4921,4988,5850,6451,6581,7281,7936,8338,8386,8485,9023,9513],[0.691153161953081,5.117993812416755,5.698620542196782,4.137164559405029,5.698620542196782,0.6792718340663283,0.691153161953081,3.4440173788450834,4.137164559405029,0.6714286566053024,0.691153161953081,0.691153161953081,4.270695952029551,3.914021008090819,0.691153161953081,3.577548771469606])",0.0
F043,celebrity scandal confirmed sources bad ground meeting room. beautiful even whatever spring huge support hear. — shocking claims celebrity scandal surface internet.,"(10000,[20,286,503,1273,1644,2198,2366,3486,4921,4988,5850,6406,6487,7281,7695,7936,7956,8217,8338,9023],[3.914021008090819,5.117993812416755,0.691153161953081,3.3262343431887,4.42484663185681,4.607168188650764,4.607168188650764,5.698620542196782,5.698620542196782,0.6792718340663283,0.691153161953081,4.019381523748645,3.914021008090819,0.6714286566053024,3.577548771469606,0.691153161953081,4.830311739964974,4.42484663185681,0.691153161953081,0.691153161953081])",0.0
F097,celebrity scandal confirmed sources sell institution building peace need society. — shocking claims celebrity scandal surface internet.,"(10000,[503,3243,3486,4485,4921,4988,5248,5850,5852,6537,6697,7281,7936,8338,9023],[0.691153161953081,3.914021008090819,5.698620542196782,4.019381523748645,5.698620542196782,0.6792718340663283,5.523458920524919,0.691153161953081,3.8187108282864943,4.270695952029551,4.607168188650764,0.6714286566053024,0.691153161953081,0.691153161953081,0.691153161953081])",0.0
R014,new report research become tough change class research majority same. watch rock dog recent go of. explain lead interview clearly might. experts discuss ongoing developments research.,"(10000,[387,474,574,585,2708,2759,3614,4007,4506,4687,5341,5356,5447,5591,6035,6451,6505,6729,7066,7090,8238,9244,9432,9462,9564],[2.5530444549552183,5.117993812416755,3.6516567436233283,0.6871770135734415,4.42484663185681,4.830311739964974,0.6832166123573445,4.607168188650764,0.691153161953081,0.691153161953081,4.270695952029551,4.42484663185681,4.019381523748645,4.137164559405029,3.5085558999826545,3.4440173788450834,0.6871770135734415,4.607168188650764,2.920769235080536,4.137164559405029,4.270695952029551,4.607168188650764,5.698620542196782,0.691153161953081,4.607168188650764])",1.0
F005,flat earth confirmed sources pick way sort production. hear night somebody size. — shocking claims flat earth surface internet.,"(10000,[503,1640,2918,3089,4842,4988,5720,5850,6532,6869,7281,7372,7936,8338,9023,9391,9676],[0.691153161953081,5.523458920524919,6.0771045414738385,4.137164559405029,3.914021008090819,0.6792718340663283,4.830311739964974,0.691153161953081,5.117993812416755,3.6516567436233283,0.6714286566053024,4.137164559405029,0.691153161953081,0.691153161953081,0.691153161953081,4.42484663185681,6.0771045414738385])",0.0
R234,new report research material show improve store white. finish capital night guess. though bed shoulder wide bank. experts discuss ongoing developments research.,"(10000,[585,2408,2836,3231,3385,3614,4019,4506,4687,6505,6541,6578,6756,6869,6877,7066,7184,7255,9432,9462,9497,9615],[0.6871770135734415,4.270695952029551,4.019381523748645,3.914021008090819,4.137164559405029,0.6832166123573445,3.8187108282864943,0.691153161953081,0.691153161953081,0.6871770135734415,4.270695952029551,4.42484663185681,3.914021008090819,3.6516567436233283,4.830311739964974,2.920769235080536,4.607168188650764,5.117993812416755,2.849310271098391,0.691153161953081,3.8187108282864943,5.117993812416755])",1.0
F143,aliens confirmed sources art save fast piece write. nothing tree specific old. worry idea value situation. — shocking claims aliens surface internet.,"(10000,[477,503,650,2059,2812,3133,4292,4520,4988,5850,5871,5958,7281,7403,7854,7936,8338,8343,9023,9263,9593],[4.830311739964974,0.691153161953081,5.917019126126766,2.60568818844064,5.523458920524919,4.137164559405029,4.270695952029551,4.270695952029551,0.6792718340663283,0.691153161953081,3.8187108282864943,4.270695952029551,0.6714286566053024,4.019381523748645,4.137164559405029,0.691153161953081,0.691153161953081,3.914021008090819,0.691153161953081,4.607168188650764,4.830311739964974])",0.0
R073,new report economic growth like team way believe across be. property scientist visit loss scientist. experts discuss ongoing developments economic growth.,"(10000,[320,468,533,585,698,2733,3330,3614,4506,4687,5329,6226,6505,6562,7074,9034,9144,9166,9391,9462],[2.7826188965997183,4.137164559405029,4.607168188650764,0.6871770135734415,3.914021008090819,4.019381523748645,4.270695952029551,0.6832166123573445,0.691153161953081,0.691153161953081,4.137164559405029,4.42484663185681,0.6871770135734415,5.523458920524919,3.6516567436233283,2.8844015909096608,5.380491152937407,5.117993812416755,4.42484663185681,0.691153161953081])",1.0
R239,new report education girl change lose feeling sit part marriage paper. around american case street happen toward accept. experts discuss ongoing developments education.,"(10000,[387,585,613,1029,1352,3194,3614,3684,4422,4506,4687,4704,5047,5530,6197,6229,6342,6505,6946,7652,8740,9462,9766],[2.5530444549552183,0.6871770135734415,3.8187108282864943,3.8187108282864943,4.830311739964974,4.607168188650764,0.6832166123573445,4.019381523748645,5.523458920524919,0.691153161953081,0.691153161953081,4.270695952029551,2.7200985396183848,2.4789364828014966,4.270695952029551,4.270695952029551,4.270695952029551,0.6871770135734415,4.270695952029551,3.914021008090819,4.42484663185681,0.691153161953081,4.270695952029551])",1.0
F181,aliens confirmed sources spring water ball place accept commercial so. — shocking claims aliens surface internet.,"(10000,[503,650,1644,1783,2589,2657,4988,5850,6390,6443,7281,7492,7936,8338,9023],[0.691153161953081,5.917019126126766,4.42484663185681,5.117993812416755,4.137164559405029,4.137164559405029,0.6792718340663283,0.691153161953081,4.42484663185681,3.914021008090819,0.6714286566053024,5.117993812416755,0.691153161953081,0.691153161953081,0.691153161953081])",0.0
R138,new report election establish age travel go name difficult. walk product real. thousand particular environment land artist indeed analysis. experts discuss ongoing developments election.,"(10000,[15,132,447,585,2407,2923,3556,3614,4506,4687,4934,5963,6142,6421,6451,6505,6798,7148,7337,8681,8791,8931,8984,9462],[4.137164559405029,2.6330871626287546,4.607168188650764,0.6871770135734415,4.270695952029551,3.7316994512968646,2.7826188965997183,0.6832166123573445,0.691153161953081,0.691153161953081,4.42484663185681,5.117993812416755,3.914021008090819,5.117993812416755,3.4440173788450834,0.6871770135734415,4.270695952029551,4.42484663185681,5.117993812416755,4.019381523748645,4.830311739964974,3.8187108282864943,3.914021008090819,0.691153161953081])",1.0
R172,new report economic growth position use yet significant apply arrive nice. behind plant anyone street. court establish six. experts discuss ongoing developments economic growth.,"(10000,[320,585,666,1339,2923,3004,3614,4037,4346,4506,4568,4687,5133,6505,7244,7312,7391,8552,8780,9034,9144,9372,9462],[2.7826188965997183,0.6871770135734415,4.607168188650764,3.914021008090819,3.7316994512968646,5.523458920524919,0.6832166123573445,4.019381523748645,3.914021008090819,0.691153161953081,4.019381523748645,0.691153161953081,4.270695952029551,0.6871770135734415,3.6516567436233283,3.8187108282864943,3.7316994512968646,4.270695952029551,5.523458920524919,2.8844015909096608,5.380491152937407,4.830311739964974,0.691153161953081])",1.0
R143,new report policy especially summer. crime hot boy woman watch. require full light focus. whole dinner teach head energy forget. experts discuss ongoing developments policy.,"(10000,[157,497,585,627,731,1064,1720,2191,2240,2519,3614,4142,4506,4563,4687,6505,6944,8016,8173,8307,8449,8522,8897,9462,9693],[3.2721671219184243,5.523458920524919,0.6871770135734415,4.607168188650764,4.270695952029551,3.7316994512968646,4.42484663185681,5.523458920524919,4.270695952029551,5.523458920524919,0.6832166123573445,2.6902455764687034,0.691153161953081,4.270695952029551,0.691153161953081,0.6871770135734415,2.849310271098391,5.117993812416755,3.383392757028649,4.830311739964974,4.270695952029551,4.607168188650764,4.270695952029551,0.691153161953081,4.830311739964974])",1.0
F166,mind control confirmed sources note heavy type best body dinner perhaps. quite drive arm food. week budget memory so. — shocking claims mind control surface internet.,"(10000,[503,763,841,1208,1783,2240,3184,3526,3984,4085,4988,4991,5122,5441,5850,6056,6325,6941,7281,7936,8338,8949,9023,9909],[0.691153161953081,3.7316994512968646,3.8187108282864943,5.7688031818193215,5.117993812416755,4.270695952029551,5.698620542196782,3.8187108282864943,4.42484663185681,4.830311739964974,0.6792718340663283,2.579019941358479,4.270695952029551,5.117993812416755,0.691153161953081,3.8187108282864943,4.019381523748645,4.607168188650764,0.6714286566053024,0.691153161953081,0.691153161953081,3.5085558999826545,0.691153161953081,4.137164559405029])",0.0
R003,new report budget report baby stuff another increase middle include history course. marriage senior skill tend accept. politics increase avoid daughter. experts discuss ongoing developments budget report.,"(10000,[585,1348,1352,1388,1810,2953,3614,4144,4499,4506,4687,4991,5432,5887,6229,6505,6543,6836,7722,7963,8166,9462,9878,9968],[0.6871770135734415,4.137164559405029,4.830311739964974,4.42484663185681,4.42484663185681,4.270695952029551,0.6832166123573445,4.42484663185681,4.830311739964974,0.691153161953081,0.691153161953081,5.158039882716958,2.7508701982851385,4.137164559405029,4.270695952029551,1.374354027146883,3.8187108282864943,5.117993812416755,4.42484663185681,7.463398902593729,4.270695952029551,0.691153161953081,3.914021008090819,3.6516567436233283])",1.0
R167,new report climate change rate set tend check speech. enter however already expect attack far nearly. test suffer former sit receive phone. experts discuss ongoing developments climate change.,"(10000,[253,387,585,594,821,911,1180,1810,2059,2437,3614,3691,3901,4158,4160,4506,4617,4687,5342,5693,6135,6505,6586,6946,7435,9109,9462],[3.8187108282864943,2.5530444549552183,0.6871770135734415,4.019381523748645,5.698620542196782,4.019381523748645,5.523458920524919,4.42484663185681,2.60568818844064,4.607168188650764,0.6832166123573445,3.8187108282864943,5.117993812416755,3.577548771469606,4.137164559405029,0.691153161953081,4.830311739964974,0.691153161953081,4.270695952029551,4.270695952029551,4.270695952029551,0.6871770135734415,4.830311739964974,4.270695952029551,4.137164559405029,4.830311739964974,0.691153161953081])",1.0
R183,new report climate change current everybody try deep meet prevent. step decide hair probably ability. stuff spend remain happy sense. experts discuss ongoing developments climate change.,"(10000,[226,353,387,585,821,1558,1762,2059,2297,2338,2561,3614,4506,4687,4693,5205,5347,6505,7664,7722,8293,9189,9462,9940],[5.523458920524919,8.03876304749729,2.5530444549552183,0.6871770135734415,5.698620542196782,4.42484663185681,4.137164559405029,2.60568818844064,4.270695952029551,5.523458920524919,4.270695952029551,0.6832166123573445,0.691153161953081,0.691153161953081,4.42484663185681,3.914021008090819,4.019381523748645,0.6871770135734415,4.137164559405029,4.42484663185681,3.914021008090819,3.914021008090819,0.691153161953081,4.019381523748645])",1.0
R238,new report technology breakthrough strong official teacher seek. air moment region tonight. main number field month type stay. experts discuss ongoing developments technology breakthrough.,"(10000,[88,585,1020,1637,2227,2922,3401,3481,3526,3614,4506,4687,5741,6355,6505,7074,8159,8485,8519,8708,9184,9462,9766],[4.270695952029551,0.6871770135734415,5.1060889099104365,3.6516567436233283,2.7200985396183848,5.523458920524919,4.270695952029551,2.7200985396183848,3.8187108282864943,0.6832166123573445,0.691153161953081,0.691153161953081,4.270695952029551,3.8187108282864943,0.6871770135734415,3.6516567436233283,3.914021008090819,3.914021008090819,4.607168188650764,4.42484663185681,5.117993812416755,0.691153161953081,4.270695952029551])",1.0
R041,new report election impact art account follow head agree. level continue machine. experts discuss ongoing developments election.,"(10000,[132,585,743,1064,1499,1902,1972,3556,3614,4506,4687,6505,6521,7854,9187,9367,9462],[2.6330871626287546,0.6871770135734415,4.270695952029551,3.7316994512968646,3.8187108282864943,5.523458920524919,4.019381523748645,2.7826188965997183,0.6832166123573445,0.691153161953081,0.691153161953081,0.6871770135734415,5.117993812416755,4.137164559405029,4.137164559405029,4.270695952029551,0.691153161953081])",1.0
F237,government cover-up confirmed sources star answer nice field usually. quite note institution participant show sea. — shocking claims government cover-up surface internet.,"(10000,[503,2259,3243,3370,3619,4019,4988,5170,5268,5396,5850,6056,6652,7074,7281,7936,8338,9023,9813,9909],[0.691153161953081,5.501740396570277,3.914021008090819,4.019381523748645,4.137164559405029,3.8187108282864943,0.6792718340663283,4.019381523748645,5.117993812416755,4.270695952029551,0.691153161953081,3.8187108282864943,4.830311739964974,3.6516567436233283,0.6714286566053024,0.691153161953081,0.691153161953081,0.691153161953081,5.995460552433328,4.137164559405029])",0.0
R086,new report research world near step find anything job find. certain contain begin much standard figure body. experts discuss ongoing developments research.,"(10000,[524,557,585,1513,1558,2114,2967,3614,4110,4506,4687,5726,5974,6505,7066,7359,7493,7510,9288,9360,9432,9462],[3.577548771469606,4.019381523748645,0.6871770135734415,4.607168188650764,4.42484663185681,4.270695952029551,4.270695952029551,0.6832166123573445,4.137164559405029,0.691153161953081,0.691153161953081,4.137164559405029,3.5085558999826545,0.6871770135734415,2.920769235080536,5.523458920524919,4.137164559405029,4.607168188650764,4.270695952029551,4.137164559405029,2.849310271098391,0.691153161953081])",1.0
R240,new report policy single country director without likely improve outside. turn kind main happy number. experts discuss ongoing developments policy.,"(10000,[309,585,1637,1853,2408,3614,3886,4043,4142,4506,4687,4702,5347,6044,6505,6944,7870,7889,7954,9462],[3.914021008090819,0.6871770135734415,3.6516567436233283,4.270695952029551,4.270695952029551,0.6832166123573445,3.8187108282864943,4.019381523748645,2.6902455764687034,0.691153161953081,0.691153161953081,5.523458920524919,4.019381523748645,4.607168188650764,0.6871770135734415,2.849310271098391,4.42484663185681,4.607168188650764,5.117993812416755,0.691153161953081])",1.0
R133,new report public health project election economy task. parent picture head environmental partner. experts discuss ongoing developments public health.,"(10000,[132,217,585,1064,1770,2230,2481,3614,4506,4590,4687,6027,6219,6505,7034,8805,9462,9932],[2.6330871626287546,3.5085558999826545,0.6871770135734415,3.7316994512968646,5.7688031818193215,3.914021008090819,4.42484663185681,0.6832166123573445,0.691153161953081,4.607168188650764,0.691153161953081,4.019381523748645,3.172083663361442,0.6871770135734415,5.117993812416755,3.0385522707369192,0.691153161953081,4.42484663185681])",1.0
F044,hoax confirmed sources something matter nation note everything young among. short one man. — shocking claims hoax surface internet.,"(10000,[503,815,1262,2071,2402,4014,4046,4377,4988,5850,7281,7809,7936,8338,9023,9156,9826,9909],[0.691153161953081,4.42484663185681,4.42484663185681,4.830311739964974,4.019381523748645,4.270695952029551,4.830311739964974,5.21137637688128,0.6792718340663283,0.691153161953081,0.6714286566053024,3.8187108282864943,0.691153161953081,0.691153161953081,0.691153161953081,3.7316994512968646,4.270695952029551,4.137164559405029])",0.0
F125,government cover-up confirmed sources health challenge former effort marriage candidate enough. change lead particular father institution. home skill certainly candidate decision. — shocking claims government cover-up surface internet.,"(10000,[197,387,503,673,1800,2259,3365,4160,4358,4988,5356,5377,5726,5850,5935,6229,7180,7281,7936,8338,8805,8984,9023,9813,9968],[5.117993812416755,2.5530444549552183,0.691153161953081,4.270695952029551,4.270695952029551,5.501740396570277,4.137164559405029,4.137164559405029,8.274329118810059,0.6792718340663283,4.42484663185681,5.117993812416755,4.137164559405029,0.691153161953081,3.6516567436233283,4.270695952029551,5.117993812416755,0.6714286566053024,0.691153161953081,0.691153161953081,3.0385522707369192,3.914021008090819,0.691153161953081,5.995460552433328,3.6516567436233283])",0.0
F165,secret cure confirmed sources sport general item positive hand discussion happy finish. sport success book face. — shocking claims secret cure surface internet.,"(10000,[1,393,503,1916,3423,3892,4988,5315,5347,5465,5850,6747,7281,7688,7936,8278,8338,9023,9297,9828],[4.019381523748645,3.914021008090819,0.691153161953081,4.42484663185681,4.42484663185681,5.1060889099104365,0.6792718340663283,4.137164559405029,4.019381523748645,4.42484663185681,0.691153161953081,5.1060889099104365,0.6714286566053024,5.117993812416755,0.691153161953081,8.03876304749729,0.691153161953081,0.691153161953081,5.117993812416755,4.270695952029551])",0.0
F137,flat earth confirmed sources sound police though care sea clear beat. film crime fine thought forward. — shocking claims flat earth surface internet.,"(10000,[55,503,731,1611,1886,2918,3385,3876,4988,5003,5310,5850,6166,6431,7281,7936,8338,9023,9612,9617,9676],[4.607168188650764,0.691153161953081,4.270695952029551,4.607168188650764,4.830311739964974,6.0771045414738385,4.137164559405029,3.6516567436233283,0.6792718340663283,3.914021008090819,4.270695952029551,0.691153161953081,4.137164559405029,4.270695952029551,0.6714286566053024,0.691153161953081,0.691153161953081,0.691153161953081,5.117993812416755,4.137164559405029,6.0771045414738385])",0.0
R088,new report research parent question draw either. experts discuss ongoing developments research.,"(10000,[585,2947,3614,4506,4687,6505,7066,7632,8167,9432,9462,9932],[0.6871770135734415,4.137164559405029,0.6832166123573445,0.691153161953081,0.691153161953081,0.6871770135734415,2.920769235080536,4.830311739964974,4.607168188650764,2.849310271098391,0.691153161953081,4.42484663185681])",1.0
R169,new report technology breakthrough ground scene discuss throughout far. current think modern marriage. experts discuss ongoing developments technology breakthrough.,"(10000,[585,1020,1344,2227,2335,2336,2571,3481,3614,4506,4687,5844,5948,6487,6505,9189,9462],[0.6871770135734415,5.1060889099104365,5.523458920524919,2.7200985396183848,4.42484663185681,4.270695952029551,5.117993812416755,2.7200985396183848,1.366433224714689,0.691153161953081,0.691153161953081,4.019381523748645,4.607168188650764,3.914021008090819,0.6871770135734415,3.914021008090819,0.691153161953081])",1.0
R193,new report technology breakthrough total international air. market great plant court red three out. record base drive off. experts discuss ongoing developments technology breakthrough.,"(10000,[52,188,585,750,1020,1918,2227,2657,3481,3614,4347,4506,4568,4687,5778,5925,6279,6325,6505,7244,8173,9078,9462],[4.42484663185681,4.607168188650764,0.6871770135734415,4.830311739964974,5.1060889099104365,5.523458920524919,2.7200985396183848,4.137164559405029,2.7200985396183848,0.6832166123573445,4.137164559405029,0.691153161953081,4.019381523748645,0.691153161953081,4.830311739964974,4.137164559405029,4.270695952029551,4.019381523748645,0.6871770135734415,3.6516567436233283,3.383392757028649,5.523458920524919,0.691153161953081])",1.0
F247,mind control confirmed sources social toward value treatment. east sport set change direction morning billion. — shocking claims mind control surface internet.,"(10000,[387,503,629,823,1208,3143,3160,3184,3194,4988,5342,5850,6576,7281,7403,7936,8278,8338,8554,9023],[2.5530444549552183,0.691153161953081,5.117993812416755,4.42484663185681,5.7688031818193215,5.523458920524919,4.137164559405029,5.698620542196782,4.607168188650764,0.6792718340663283,4.270695952029551,0.691153161953081,4.830311739964974,0.6714286566053024,4.019381523748645,0.691153161953081,4.019381523748645,0.691153161953081,4.270695952029551,0.691153161953081])",0.0
R179,new report technology breakthrough respond type question. enter style whose baby. experts discuss ongoing developments technology breakthrough.,"(10000,[585,1020,2227,2500,3479,3481,3526,3614,4506,4687,6505,7435,8000,9367,9462,9539],[0.6871770135734415,5.1060889099104365,2.7200985396183848,4.830311739964974,5.523458920524919,2.7200985396183848,3.8187108282864943,0.6832166123573445,0.691153161953081,0.691153161953081,0.6871770135734415,4.137164559405029,3.914021008090819,4.270695952029551,0.691153161953081,3.7316994512968646])",1.0
F138,immortal jellyfish confirmed sources box treatment final significant power. whatever congress officer expert institution. — shocking claims immortal jellyfish surface internet.,"(10000,[503,696,914,1029,1653,2066,4988,5850,7180,7281,7695,7922,7936,8015,8338,8552,8728,9023,9876],[0.691153161953081,4.270695952029551,4.019381523748645,3.8187108282864943,4.137164559405029,5.501740396570277,0.6792718340663283,0.691153161953081,5.117993812416755,0.6714286566053024,3.577548771469606,4.607168188650764,0.691153161953081,3.8187108282864943,0.691153161953081,4.270695952029551,3.383392757028649,0.691153161953081,5.501740396570277])",0.0
R017,new report policy attention series around food development yeah. experts discuss ongoing developments policy.,"(10000,[585,2871,3144,3614,4142,4463,4506,4687,6197,6505,6944,8134,8653,9462],[0.6871770135734415,4.607168188650764,4.270695952029551,0.6832166123573445,2.6902455764687034,4.270695952029551,0.691153161953081,0.691153161953081,4.270695952029551,0.6871770135734415,2.849310271098391,5.117993812416755,4.830311739964974,0.691153161953081])",1.0
F090,mind control confirmed sources land court kitchen best. election evening manager first generation explain own. return early behind central contain debate agreement green. — shocking claims mind control surface internet.,"(10000,[132,503,635,756,1208,1652,3184,4092,4346,4568,4988,5286,5341,5850,6043,6403,6963,7016,7148,7281,7493,7813,7936,8276,8338,8413,8928,9023],[2.6330871626287546,0.691153161953081,4.019381523748645,4.607168188650764,5.7688031818193215,4.019381523748645,5.698620542196782,4.137164559405029,3.914021008090819,4.019381523748645,0.6792718340663283,3.914021008090819,4.270695952029551,0.691153161953081,4.607168188650764,4.42484663185681,4.270695952029551,5.117993812416755,4.42484663185681,0.6714286566053024,4.137164559405029,5.523458920524919,0.691153161953081,4.137164559405029,0.691153161953081,4.019381523748645,4.270695952029551,0.691153161953081])",0.0
F222,mind control confirmed sources person wide gun. administration sure control reality quite popular. weight newspaper late beyond candidate with. democrat difficult religious author movie high. — shocking claims mind control surface internet.,"(10000,[503,680,1208,1439,1712,1821,2836,3079,3184,3238,3249,4293,4358,4988,5185,5234,5850,6056,7281,7586,7640,7786,7936,8004,8094,8338,8900,9023,9350],[0.691153161953081,4.270695952029551,8.653204772728982,4.137164559405029,4.607168188650764,4.019381523748645,4.019381523748645,3.8187108282864943,5.698620542196782,4.270695952029551,3.4440173788450834,4.270695952029551,4.137164559405029,0.6792718340663283,4.270695952029551,4.270695952029551,0.691153161953081,3.8187108282864943,0.6714286566053024,5.523458920524919,4.830311739964974,4.830311739964974,0.691153161953081,3.577548771469606,4.607168188650764,0.691153161953081,4.019381523748645,0.691153161953081,4.607168188650764])",0.0
R114,new report climate change really record hope management eye admit bring. team local say well choose. many simple two morning. half rather report true including. experts discuss ongoing developments climate change.,"(10000,[157,228,387,468,585,821,1241,1341,1766,1780,2059,2837,2913,3614,4112,4115,4333,4347,4506,4687,4728,5188,5862,6000,6505,7188,8714,8888,9462],[3.2721671219184243,4.830311739964974,2.5530444549552183,4.137164559405029,0.6871770135734415,5.698620542196782,3.914021008090819,3.8187108282864943,5.523458920524919,4.137164559405029,2.60568818844064,4.137164559405029,3.577548771469606,0.6832166123573445,4.137164559405029,5.117993812416755,5.117993812416755,4.137164559405029,0.691153161953081,0.691153161953081,4.137164559405029,4.830311739964974,4.019381523748645,3.914021008090819,1.374354027146883,5.117993812416755,4.42484663185681,4.830311739964974,0.691153161953081])",1.0
F235,celebrity scandal confirmed sources hear machine summer color. mean ten weight book entire go course simple. start piece mouth final. — shocking claims celebrity scandal surface internet.,"(10000,[393,503,909,2101,2494,2996,3133,3486,3652,4805,4842,4921,4988,5085,5850,6451,7281,7497,7936,8004,8040,8338,8824,9023,9481],[3.914021008090819,0.691153161953081,4.270695952029551,5.523458920524919,5.117993812416755,4.137164559405029,4.137164559405029,5.698620542196782,3.914021008090819,5.523458920524919,3.914021008090819,5.698620542196782,0.6792718340663283,3.6516567436233283,0.691153161953081,3.4440173788450834,0.6714286566053024,4.830311739964974,0.691153161953081,3.577548771469606,4.019381523748645,0.691153161953081,4.137164559405029,0.691153161953081,4.137164559405029])",0.0
F185,hoax confirmed sources dog discover manager minute must. list camera add. last cause attack hit skin late what. — shocking claims hoax surface internet.,"(10000,[316,503,1650,1652,3079,3357,3739,3989,4170,4377,4988,5693,5833,5850,7281,7936,8252,8338,8344,8363,8728,9023,9564],[4.270695952029551,0.691153161953081,4.607168188650764,4.019381523748645,3.8187108282864943,4.019381523748645,4.607168188650764,3.914021008090819,4.607168188650764,5.21137637688128,0.6792718340663283,4.270695952029551,4.270695952029551,0.691153161953081,0.6714286566053024,0.691153161953081,4.42484663185681,0.691153161953081,3.5085558999826545,5.117993812416755,3.383392757028649,0.691153161953081,4.607168188650764])",0.0
F221,flat earth confirmed sources low change north dinner significant lawyer skill. organization figure himself. — shocking claims flat earth surface internet.,"(10000,[387,503,1364,1778,2240,2918,3792,4110,4988,5850,6241,7281,7936,8338,8411,8552,9021,9023,9676],[2.5530444549552183,0.691153161953081,4.270695952029551,3.914021008090819,4.270695952029551,6.0771045414738385,4.830311739964974,4.137164559405029,0.6792718340663283,0.691153161953081,5.523458920524919,0.6714286566053024,0.691153161953081,0.691153161953081,3.577548771469606,4.270695952029551,4.019381523748645,0.691153161953081,6.0771045414738385])",0.0
F054,secret cure confirmed sources current him. coach expert rate student. situation ground run turn name. — shocking claims secret cure surface internet.,"(10000,[253,266,503,914,1099,3136,3351,3514,3886,3892,4988,5850,6487,6747,7281,7936,8338,8919,9023,9189],[3.8187108282864943,4.607168188650764,0.691153161953081,4.019381523748645,5.117993812416755,4.607168188650764,4.830311739964974,4.42484663185681,3.8187108282864943,5.1060889099104365,0.6792718340663283,0.691153161953081,3.914021008090819,5.1060889099104365,0.6714286566053024,0.691153161953081,0.691153161953081,5.117993812416755,0.691153161953081,3.914021008090819])",0.0
R000,new report public health soldier yet life else son. experts discuss ongoing developments public health.,"(10000,[585,1440,1770,3477,3614,4037,4141,4506,4687,5034,6219,6505,8805,9462],[0.6871770135734415,4.270695952029551,5.7688031818193215,4.42484663185681,0.6832166123573445,4.019381523748645,4.137164559405029,0.691153161953081,0.691153161953081,4.270695952029551,3.172083663361442,0.6871770135734415,3.0385522707369192,0.691153161953081])",1.0
R178,new report budget report benefit contain region program. experts discuss ongoing developments budget report.,"(10000,[585,3614,4506,4687,4991,5432,5653,6505,7025,7493,8159,9462],[0.6871770135734415,0.6832166123573445,0.691153161953081,0.691153161953081,5.158039882716958,2.7508701982851385,4.019381523748645,1.374354027146883,4.830311739964974,4.137164559405029,3.914021008090819,0.691153161953081])",1.0
F006,hoax confirmed sources theory include can. campaign raise someone staff class. nature learn reflect happen analysis local. — shocking claims hoax surface internet.,"(10000,[503,1247,1296,1468,2953,3527,3611,3671,4377,4704,4988,5241,5321,5850,5967,6224,6675,7281,7936,8338,9023,9325],[0.691153161953081,5.117993812416755,4.019381523748645,5.117993812416755,4.270695952029551,4.270695952029551,4.42484663185681,4.607168188650764,5.21137637688128,4.270695952029551,0.6792718340663283,5.117993812416755,4.019381523748645,0.691153161953081,4.42484663185681,3.8187108282864943,4.270695952029551,0.6714286566053024,0.691153161953081,0.691153161953081,0.691153161953081,5.523458920524919])",0.0
F174,secret cure confirmed sources difference per else. line sit consumer speak operation special. social light address phone. — shocking claims secret cure surface internet.,"(10000,[298,503,823,1182,1720,3892,4454,4732,4988,5118,5850,5922,6747,6946,7281,7866,7936,8338,9023,9109,9475,9757],[4.137164559405029,0.691153161953081,4.42484663185681,4.270695952029551,4.42484663185681,5.1060889099104365,4.607168188650764,4.270695952029551,0.6792718340663283,5.117993812416755,0.691153161953081,4.270695952029551,5.1060889099104365,4.270695952029551,0.6714286566053024,4.270695952029551,0.691153161953081,0.691153161953081,0.691153161953081,4.830311739964974,4.42484663185681,4.830311739964974])",0.0
R009,new report election easy health kid idea. drop option save stand staff yes beautiful age. experts discuss ongoing developments election.,"(10000,[132,585,760,1273,1375,3556,3614,3723,4262,4506,4520,4687,5044,6224,6505,6886,8577,8805,9462,9613],[2.6330871626287546,0.6871770135734415,4.137164559405029,3.3262343431887,5.117993812416755,2.7826188965997183,0.6832166123573445,4.270695952029551,5.523458920524919,0.691153161953081,4.270695952029551,0.691153161953081,3.8187108282864943,3.8187108282864943,0.6871770135734415,4.607168188650764,4.607168188650764,3.0385522707369192,0.691153161953081,4.019381523748645])",1.0
R122,new report economic growth box defense fill mind. participant range tonight. experts discuss ongoing developments economic growth.,"(10000,[165,320,585,3543,3614,4506,4687,5396,6505,6764,7922,9034,9144,9184,9462,9727],[4.830311739964974,2.7826188965997183,0.6871770135734415,4.607168188650764,0.6832166123573445,0.691153161953081,0.691153161953081,4.270695952029551,0.6871770135734415,5.523458920524919,4.607168188650764,2.8844015909096608,5.380491152937407,5.117993812416755,0.691153161953081,3.914021008090819])",1.0
F189,immortal jellyfish confirmed sources nice method power standard turn organization. seven begin operation understand call write sit. — shocking claims immortal jellyfish surface internet.,"(10000,[503,1513,2066,2778,2967,3056,3370,3886,4988,5146,5445,5850,5922,6015,6487,7281,7850,7936,8270,8338,9023,9876],[0.691153161953081,4.607168188650764,5.501740396570277,4.830311739964974,4.270695952029551,3.914021008090819,4.019381523748645,3.8187108282864943,0.6792718340663283,4.270695952029551,4.830311739964974,0.691153161953081,4.270695952029551,3.914021008090819,3.914021008090819,0.6714286566053024,4.137164559405029,0.691153161953081,5.117993812416755,0.691153161953081,0.691153161953081,5.501740396570277])",0.0
R146,new report technology breakthrough listen hotel eight war result. lawyer sell dog add economy well member. experts discuss ongoing developments technology breakthrough.,"(10000,[157,217,429,585,1020,2227,2403,2663,3481,3614,4485,4506,4687,6505,7670,8482,8719,9021,9462,9564,9887],[3.2721671219184243,3.5085558999826545,4.270695952029551,0.6871770135734415,5.1060889099104365,2.7200985396183848,4.42484663185681,4.42484663185681,2.7200985396183848,0.6832166123573445,4.019381523748645,0.691153161953081,0.691153161953081,0.6871770135734415,5.117993812416755,4.019381523748645,4.42484663185681,4.019381523748645,0.691153161953081,4.607168188650764,4.270695952029551])",1.0
R022,new report climate change interest common answer high. series region family politics. experts discuss ongoing developments climate change.,"(10000,[70,211,387,585,821,2059,3614,3619,4463,4506,4687,6332,6505,8094,8159,8297,9462],[4.137164559405029,4.607168188650764,2.5530444549552183,0.6871770135734415,5.698620542196782,2.60568818844064,0.6832166123573445,4.137164559405029,4.270695952029551,0.691153161953081,0.691153161953081,4.270695952029551,0.6871770135734415,4.607168188650764,3.914021008090819,3.914021008090819,0.691153161953081])",1.0
F177,aliens confirmed sources difference eat several decade yard sing attention. knowledge evening number concern. light property character look trip must. — shocking claims aliens surface internet.,"(10000,[424,503,650,1720,2733,3739,4867,4988,5286,5782,5850,6030,6451,7276,7281,7864,7866,7936,8203,8338,8519,9023,9227,9719,9939],[4.019381523748645,0.691153161953081,5.917019126126766,4.42484663185681,4.019381523748645,4.607168188650764,4.42484663185681,0.6792718340663283,3.914021008090819,4.42484663185681,0.691153161953081,4.270695952029551,3.4440173788450834,4.019381523748645,0.6714286566053024,4.42484663185681,4.270695952029551,0.691153161953081,5.523458920524919,0.691153161953081,4.607168188650764,0.691153161953081,4.137164559405029,4.830311739964974,4.42484663185681])",0.0
F021,secret cure confirmed sources compare near reach along away. president indicate shake big. time watch mission. — shocking claims secret cure surface internet.,"(10000,[503,1306,1890,2180,2708,2840,3892,4489,4988,5850,5974,6485,6747,6830,7281,7936,8157,8338,8386,9023,9246],[0.691153161953081,4.270695952029551,4.830311739964974,3.914021008090819,4.42484663185681,4.019381523748645,5.1060889099104365,4.830311739964974,0.6792718340663283,0.691153161953081,3.5085558999826545,4.019381523748645,5.1060889099104365,4.830311739964974,0.6714286566053024,0.691153161953081,4.42484663185681,0.691153161953081,4.270695952029551,0.691153161953081,4.607168188650764])",0.0
R039,new report economic growth night state role budget rule. political enter personal arrive. even affect gun really civil necessary media. experts discuss ongoing developments economic growth.,"(10000,[320,585,593,1808,3248,3350,3614,3935,4112,4506,4687,4991,5842,6055,6406,6505,6869,7435,7711,7939,7979,8313,9034,9144,9462],[2.7826188965997183,0.6871770135734415,4.607168188650764,3.914021008090819,5.523458920524919,4.019381523748645,0.6832166123573445,4.270695952029551,4.137164559405029,0.691153161953081,0.691153161953081,2.579019941358479,5.117993812416755,3.6516567436233283,4.019381523748645,0.6871770135734415,3.6516567436233283,4.137164559405029,5.117993812416755,4.607168188650764,4.607168188650764,4.830311739964974,2.8844015909096608,5.380491152937407,0.691153161953081])",1.0
F061,miracle drug confirmed sources firm american around often spring. — shocking claims miracle drug surface internet.,"(10000,[7,503,1256,4988,5850,6197,7281,7652,7860,7936,8338,8894,9023,9183],[4.270695952029551,0.691153161953081,6.251127295453098,0.6792718340663283,0.691153161953081,4.270695952029551,0.6714286566053024,3.914021008090819,5.841538470161072,0.691153161953081,0.691153161953081,4.137164559405029,0.691153161953081,4.607168188650764])",0.0
R057,new report technology breakthrough head mother night see. activity treatment until. finally staff tv into. experts discuss ongoing developments technology breakthrough.,"(10000,[354,442,585,1020,1064,1817,2227,3481,3614,4430,4506,4547,4687,6224,6505,6869,6975,8015,8110,9462],[4.019381523748645,4.607168188650764,0.6871770135734415,5.1060889099104365,3.7316994512968646,4.019381523748645,2.7200985396183848,2.7200985396183848,0.6832166123573445,5.523458920524919,0.691153161953081,4.137164559405029,0.691153161953081,3.8187108282864943,0.6871770135734415,3.6516567436233283,4.830311739964974,3.8187108282864943,4.607168188650764,0.691153161953081])",1.0
F154,immortal jellyfish confirmed sources though hold market customer drive town young. professor question but. color effect enough training coach help hold. — shocking claims immortal jellyfish surface internet.,"(10000,[23,503,1413,2066,2389,2543,2657,2947,3385,3514,4715,4748,4988,5252,5850,6324,6325,7281,7538,7936,8338,8927,9023,9347,9832,9876],[4.830311739964974,0.691153161953081,4.270695952029551,5.501740396570277,4.270695952029551,3.914021008090819,4.137164559405029,4.137164559405029,4.137164559405029,4.42484663185681,4.137164559405029,3.8187108282864943,0.6792718340663283,4.830311739964974,0.691153161953081,3.8187108282864943,4.019381523748645,0.6714286566053024,4.42484663185681,0.691153161953081,0.691153161953081,4.830311739964974,0.691153161953081,4.137164559405029,4.42484663185681,5.501740396570277])",0.0
F052,mind control confirmed sources college however black building lot magazine. even vote present position three office opportunity some. — shocking claims mind control surface internet.,"(10000,[503,911,1208,1339,1948,2419,3184,4943,4988,5850,5852,5925,6406,6976,7183,7281,7936,8057,8130,8338,8344,9023,9214],[0.691153161953081,4.019381523748645,5.7688031818193215,3.914021008090819,4.607168188650764,5.523458920524919,5.698620542196782,4.019381523748645,0.6792718340663283,0.691153161953081,3.8187108282864943,4.137164559405029,4.019381523748645,4.137164559405029,5.117993812416755,0.6714286566053024,0.691153161953081,4.607168188650764,4.270695952029551,0.691153161953081,3.5085558999826545,0.691153161953081,4.607168188650764])",0.0
F124,flat earth confirmed sources wrong politics bit. — shocking claims flat earth surface internet.,"(10000,[503,1595,2918,4988,5850,5887,6512,7281,7936,8338,9023,9676],[0.691153161953081,5.523458920524919,6.0771045414738385,0.6792718340663283,0.691153161953081,4.137164559405029,4.270695952029551,0.6714286566053024,0.691153161953081,0.691153161953081,0.691153161953081,6.0771045414738385])",0.0
R071,new report budget report degree go say better let wonder. majority capital represent situation more. american foreign entire successful sound. experts discuss ongoing developments budget report.,"(10000,[416,585,2543,3136,3614,4506,4687,4991,5401,5432,5659,5862,6206,6451,6505,6541,7652,8267,8509,8717,8824,9244,9462,9943],[5.523458920524919,0.6871770135734415,3.914021008090819,4.607168188650764,0.6832166123573445,0.691153161953081,0.691153161953081,5.158039882716958,4.607168188650764,2.7508701982851385,4.42484663185681,4.019381523748645,3.8187108282864943,3.4440173788450834,1.374354027146883,4.270695952029551,3.914021008090819,4.270695952029551,5.523458920524919,4.270695952029551,4.137164559405029,4.607168188650764,0.691153161953081,4.019381523748645])",1.0
R152,new report budget report decision say carry rock account. nice movie apply bad everything. daughter foreign increase really. experts discuss ongoing developments budget report.,"(10000,[454,574,585,1439,2193,3370,3614,4442,4506,4687,4991,5432,5862,6206,6505,6959,7312,7623,7956,7963,9211,9462],[3.3262343431887,3.6516567436233283,0.6871770135734415,4.137164559405029,5.117993812416755,4.019381523748645,0.6832166123573445,5.523458920524919,0.691153161953081,0.691153161953081,5.158039882716958,2.7508701982851385,4.019381523748645,3.8187108282864943,1.374354027146883,4.830311739964974,3.8187108282864943,4.42484663185681,4.830311739964974,3.7316994512968646,4.830311739964974,0.691153161953081])",1.0
F038,mind control confirmed sources small challenge prepare almost city and. — shocking claims mind control surface internet.,"(10000,[222,503,1208,2086,2286,3184,4988,5495,5850,5935,7281,7936,8338,8566,9023],[4.830311739964974,0.691153161953081,5.7688031818193215,4.42484663185681,4.607168188650764,5.698620542196782,0.6792718340663283,4.607168188650764,0.691153161953081,3.6516567436233283,0.6714286566053024,0.691153161953081,0.691153161953081,4.270695952029551,0.691153161953081])",0.0
F101,immortal jellyfish confirmed sources stuff discussion operation all. away difference decade cause course visit open young. — shocking claims immortal jellyfish surface internet.,"(10000,[316,503,698,1535,2066,3652,3737,4988,5252,5315,5783,5850,5922,6030,7281,7722,7866,7936,8338,9023,9876],[4.270695952029551,0.691153161953081,3.914021008090819,4.830311739964974,5.501740396570277,3.914021008090819,4.270695952029551,0.6792718340663283,4.830311739964974,4.137164559405029,4.270695952029551,0.691153161953081,4.270695952029551,4.270695952029551,0.6714286566053024,4.42484663185681,4.270695952029551,0.691153161953081,0.691153161953081,0.691153161953081,5.501740396570277])",0.0
F203,celebrity scandal confirmed sources however young use store. federal allow type yard role eye either. — shocking claims celebrity scandal surface internet.,"(10000,[424,503,633,911,1341,3350,3486,3526,4835,4921,4988,5133,5850,7281,7443,7632,7809,7936,8338,9023],[4.019381523748645,0.691153161953081,4.137164559405029,4.019381523748645,3.8187108282864943,4.019381523748645,5.698620542196782,3.8187108282864943,4.019381523748645,5.698620542196782,0.6792718340663283,4.270695952029551,0.691153161953081,0.6714286566053024,5.117993812416755,4.830311739964974,3.8187108282864943,0.691153161953081,0.691153161953081,0.691153161953081])",0.0
F192,government cover-up confirmed sources mean apply remain collection light. bit course present medical much must. top national east. — shocking claims government cover-up surface internet.,"(10000,[503,524,909,1167,1989,2259,3652,3739,4390,4988,5205,5328,5850,7281,7312,7910,7936,8130,8209,8268,8338,9023,9813],[0.691153161953081,3.577548771469606,4.270695952029551,5.523458920524919,4.137164559405029,5.501740396570277,3.914021008090819,4.607168188650764,5.523458920524919,0.6792718340663283,3.914021008090819,4.137164559405029,0.691153161953081,0.6714286566053024,3.8187108282864943,4.607168188650764,0.691153161953081,4.270695952029551,4.270695952029551,4.019381523748645,0.691153161953081,0.691153161953081,5.995460552433328])",0.0
R189,new report climate change identify bill really drug. enough whose reason account investment. air approach reveal approach. experts discuss ongoing developments climate change.,"(10000,[88,387,585,821,1507,1734,2059,2944,3095,3614,3967,3980,4112,4506,4687,4748,6434,6505,8135,9187,9462,9539],[4.270695952029551,2.5530444549552183,0.6871770135734415,5.698620542196782,4.42484663185681,5.523458920524919,2.60568818844064,4.270695952029551,4.607168188650764,0.6832166123573445,4.270695952029551,5.117993812416755,4.137164559405029,0.691153161953081,0.691153161953081,3.8187108282864943,5.117993812416755,0.6871770135734415,4.270695952029551,4.137164559405029,0.691153161953081,3.7316994512968646])",1.0
R098,new report election figure instead friend policy nice land nation. tell movement news. special western yet huge. experts discuss ongoing developments election.,"(10000,[132,488,524,585,1055,1195,1850,3370,3556,3614,4037,4110,4142,4506,4527,4687,5294,5321,6505,7148,7725,9462],[2.6330871626287546,4.42484663185681,3.577548771469606,0.6871770135734415,4.137164559405029,3.914021008090819,4.607168188650764,4.019381523748645,2.7826188965997183,0.6832166123573445,4.019381523748645,4.137164559405029,2.6902455764687034,0.691153161953081,4.137164559405029,0.691153161953081,4.270695952029551,4.019381523748645,0.6871770135734415,4.42484663185681,5.117993812416755,0.691153161953081])",1.0
R149,new report economic growth economy thank understand likely foreign strong teacher. experts discuss ongoing developments economic growth.,"(10000,[217,309,320,585,1687,3614,4506,4687,5500,6206,6355,6487,6505,9034,9144,9462],[3.5085558999826545,3.914021008090819,2.7826188965997183,0.6871770135734415,4.270695952029551,0.6832166123573445,0.691153161953081,0.691153161953081,5.117993812416755,3.8187108282864943,3.8187108282864943,3.914021008090819,0.6871770135734415,2.8844015909096608,5.380491152937407,0.691153161953081])",1.0
R046,new report education teacher arrive political money several economic. ask since begin order situation. experts discuss ongoing developments education.,"(10000,[477,585,1226,1513,2007,3507,3614,3935,4506,4687,5047,5530,6103,6287,6505,7391,8708,9227,9462],[4.830311739964974,0.6871770135734415,4.270695952029551,4.607168188650764,5.523458920524919,4.137164559405029,0.6832166123573445,4.270695952029551,0.691153161953081,0.691153161953081,2.7200985396183848,2.4789364828014966,3.914021008090819,3.914021008090819,0.6871770135734415,3.7316994512968646,4.42484663185681,4.137164559405029,0.691153161953081])",1.0
F055,hoax confirmed sources account right movement all. month including drop. tax federal direction. — shocking claims hoax surface internet.,"(10000,[503,633,1535,1790,4377,4988,5294,5741,5850,6587,7281,7334,7936,8338,8852,9023,9187,9547],[0.691153161953081,4.137164559405029,4.830311739964974,4.270695952029551,5.21137637688128,0.6792718340663283,4.270695952029551,4.270695952029551,0.691153161953081,4.019381523748645,0.6714286566053024,4.019381523748645,0.691153161953081,0.691153161953081,5.117993812416755,0.691153161953081,4.137164559405029,4.830311739964974])",0.0
F159,flat earth confirmed sources age ago television. — shocking claims flat earth surface internet.,"(10000,[503,1365,1896,2918,4988,5850,7281,7936,8338,8791,9023,9676],[0.691153161953081,5.117993812416755,4.019381523748645,6.0771045414738385,0.6792718340663283,0.691153161953081,0.6714286566053024,0.691153161953081,0.691153161953081,4.830311739964974,0.691153161953081,6.0771045414738385])",0.0
F083,secret cure confirmed sources card whatever home animal big popular natural. yes window. — shocking claims secret cure surface internet.,"(10000,[503,619,2144,3048,3365,3892,4237,4988,5044,5850,6148,6747,7281,7360,7695,7936,8338,9023],[0.691153161953081,4.830311739964974,4.270695952029551,3.914021008090819,4.137164559405029,5.1060889099104365,5.523458920524919,0.6792718340663283,3.8187108282864943,0.691153161953081,3.7316994512968646,5.1060889099104365,0.6714286566053024,4.42484663185681,3.577548771469606,0.691153161953081,0.691153161953081,0.691153161953081])",0.0
R109,new report education several expert sister door. project enough financial sister pull. experts discuss ongoing developments education.,"(10000,[585,914,1612,2230,3521,3614,4506,4687,4748,5047,5530,6505,6609,7407,9227,9462],[0.6871770135734415,4.019381523748645,5.523458920524919,3.914021008090819,8.84969326371362,0.6832166123573445,0.691153161953081,0.691153161953081,3.8187108282864943,2.7200985396183848,2.4789364828014966,0.6871770135734415,5.523458920524919,4.42484663185681,4.137164559405029,0.691153161953081])",1.0
R102,new report climate change set quite reflect little. arrive know onto level all. kind war difficult order federal. experts discuss ongoing developments climate change.,"(10000,[387,585,821,1226,1499,1535,1712,2059,2782,3614,4319,4506,4687,5321,5342,6044,6056,6505,7391,7709,7779,8719,9462],[2.5530444549552183,0.6871770135734415,5.698620542196782,4.270695952029551,3.8187108282864943,4.830311739964974,4.607168188650764,2.60568818844064,4.830311739964974,0.6832166123573445,3.7316994512968646,0.691153161953081,0.691153161953081,4.019381523748645,4.270695952029551,4.607168188650764,3.8187108282864943,0.6871770135734415,3.7316994512968646,5.523458920524919,3.8187108282864943,4.42484663185681,0.691153161953081])",1.0
R060,new report election scene blood society fact teacher kitchen idea. turn enter able entire their. machine hundred science throughout activity fear. experts discuss ongoing developments election.,"(10000,[132,327,585,756,1375,2359,3363,3496,3556,3614,3886,4108,4506,4687,5175,5844,5948,6505,7215,7435,7615,8040,8110,8708,8824,9462],[2.6330871626287546,4.019381523748645,0.6871770135734415,4.607168188650764,5.117993812416755,3.914021008090819,4.42484663185681,3.7316994512968646,2.7826188965997183,0.6832166123573445,3.8187108282864943,5.523458920524919,0.691153161953081,0.691153161953081,4.830311739964974,4.019381523748645,4.607168188650764,0.6871770135734415,4.42484663185681,4.137164559405029,4.830311739964974,4.019381523748645,4.607168188650764,4.42484663185681,4.137164559405029,0.691153161953081])",1.0
F085,secret cure confirmed sources organization performance find travel. type specific two structure hair. congress statement feeling work station student. — shocking claims secret cure surface internet.,"(10000,[503,613,1099,1364,2059,2959,2996,3526,3892,4728,4988,5212,5850,6747,7281,7510,7936,8338,8415,8728,9023,9351,9527,9817],[0.691153161953081,3.8187108282864943,5.117993812416755,4.270695952029551,2.60568818844064,4.830311739964974,4.137164559405029,3.8187108282864943,5.1060889099104365,4.137164559405029,0.6792718340663283,5.523458920524919,0.691153161953081,5.1060889099104365,0.6714286566053024,4.607168188650764,0.691153161953081,0.691153161953081,4.830311739964974,3.383392757028649,0.691153161953081,4.607168188650764,4.137164559405029,3.7316994512968646])",0.0
F188,hoax confirmed sources happen later add world. author smile beat easy upon. — shocking claims hoax surface internet.,"(10000,[503,560,760,2569,2713,4377,4704,4988,5087,5850,6287,7281,7936,8338,9023,9350,9887],[0.691153161953081,4.607168188650764,4.137164559405029,3.8187108282864943,4.830311739964974,5.21137637688128,4.270695952029551,0.6792718340663283,5.523458920524919,0.691153161953081,3.914021008090819,0.6714286566053024,0.691153161953081,0.691153161953081,0.691153161953081,4.607168188650764,4.270695952029551])",0.0
F131,hoax confirmed sources quite threat congress usually campaign. chair budget century matter sell. allow white religious foot. — shocking claims hoax surface internet.,"(10000,[503,681,1310,2041,2402,2990,4293,4377,4835,4988,4991,5843,5850,5856,6056,7281,7841,7936,8070,8338,8728,9023],[0.691153161953081,4.607168188650764,5.117993812416755,4.270695952029551,4.019381523748645,4.137164559405029,4.270695952029551,5.21137637688128,4.019381523748645,0.6792718340663283,2.579019941358479,4.270695952029551,0.691153161953081,5.117993812416755,3.8187108282864943,0.6714286566053024,4.137164559405029,0.691153161953081,4.270695952029551,0.691153161953081,3.383392757028649,0.691153161953081])",0.0
R202,new report public health officer collection plant agency really. establish create interest still. experts discuss ongoing developments public health.,"(10000,[70,585,696,765,1404,1649,1770,2923,3614,4506,4687,6219,6505,6959,7244,8209,8805,9462],[4.137164559405029,0.6871770135734415,4.270695952029551,4.42484663185681,4.270695952029551,4.830311739964974,5.7688031818193215,3.7316994512968646,0.6832166123573445,0.691153161953081,0.691153161953081,3.172083663361442,0.6871770135734415,4.830311739964974,3.6516567436233283,4.270695952029551,3.0385522707369192,0.691153161953081])",1.0
F111,celebrity scandal confirmed sources space mr eight wind where. public even get provide something. conference professional institution walk. reality southern learn serve yourself. — shocking claims celebrity scandal surface internet.,"(10000,[503,680,1725,1770,2155,2558,2647,3243,3486,3743,4240,4522,4921,4988,5657,5850,5946,5967,6406,7281,7321,7936,8338,8423,8482,9023,9188,9426],[0.691153161953081,4.270695952029551,4.42484663185681,2.8844015909096608,4.019381523748645,4.137164559405029,4.270695952029551,3.914021008090819,5.698620542196782,4.42484663185681,4.830311739964974,4.830311739964974,5.698620542196782,0.6792718340663283,4.830311739964974,0.691153161953081,4.270695952029551,4.42484663185681,4.019381523748645,0.6714286566053024,5.523458920524919,0.691153161953081,0.691153161953081,5.117993812416755,4.019381523748645,0.691153161953081,4.830311739964974,3.914021008090819])",0.0
R151,new report policy reflect camera return clearly attorney. thousand available especially house minute security body. experts discuss ongoing developments policy.,"(10000,[585,635,1650,2475,2634,3357,3614,4102,4142,4506,4687,5321,5726,5836,6505,6798,6944,8173,8238,9462],[0.6871770135734415,4.019381523748645,4.607168188650764,5.117993812416755,4.137164559405029,4.019381523748645,0.6832166123573445,5.117993812416755,2.6902455764687034,0.691153161953081,0.691153161953081,4.019381523748645,4.137164559405029,4.270695952029551,0.6871770135734415,4.270695952029551,2.849310271098391,3.383392757028649,4.270695952029551,0.691153161953081])",1.0
F058,government cover-up confirmed sources although sing story. — shocking claims government cover-up surface internet.,"(10000,[503,2259,4988,5850,6451,6624,7281,7779,7936,8338,9023,9813],[0.691153161953081,5.501740396570277,0.6792718340663283,0.691153161953081,3.4440173788450834,5.523458920524919,0.6714286566053024,3.8187108282864943,0.691153161953081,0.691153161953081,0.691153161953081,5.995460552433328])",0.0
R164,new report education ready end amount everyone day. experts discuss ongoing developments education.,"(10000,[453,585,1842,3614,4506,4687,5047,5530,6505,6557,7222,8893,9462],[4.270695952029551,0.6871770135734415,5.117993812416755,0.6832166123573445,0.691153161953081,0.691153161953081,2.7200985396183848,2.4789364828014966,0.6871770135734415,3.914021008090819,4.137164559405029,4.019381523748645,0.691153161953081])",1.0
F242,celebrity scandal confirmed sources institution run practice take continue democratic son. happen history condition cost. — shocking claims celebrity scandal surface internet.,"(10000,[266,503,743,855,1440,3243,3486,4280,4704,4921,4988,5328,5606,5850,6143,6543,7281,7936,8338,9023],[4.607168188650764,0.691153161953081,4.270695952029551,4.42484663185681,4.270695952029551,3.914021008090819,5.698620542196782,5.117993812416755,4.270695952029551,5.698620542196782,0.6792718340663283,4.137164559405029,4.137164559405029,0.691153161953081,4.830311739964974,3.8187108282864943,0.6714286566053024,0.691153161953081,0.691153161953081,0.691153161953081])",0.0
F064,mind control confirmed sources contain police quality upon mean. — shocking claims mind control surface internet.,"(10000,[503,1208,3184,3506,3876,4988,5850,6735,7281,7493,7936,8338,8457,9023],[0.691153161953081,5.7688031818193215,5.698620542196782,4.270695952029551,3.6516567436233283,0.6792718340663283,0.691153161953081,4.137164559405029,0.6714286566053024,4.137164559405029,0.691153161953081,0.691153161953081,5.523458920524919,0.691153161953081])",0.0
R228,new report education line weight position operation. develop back decide. experts discuss ongoing developments education.,"(10000,[585,1182,1241,1339,3614,4310,4506,4687,5047,5530,5887,6505,8004,8430,9462],[0.6871770135734415,4.270695952029551,3.914021008090819,3.914021008090819,0.6832166123573445,5.523458920524919,0.691153161953081,0.691153161953081,2.7200985396183848,2.4789364828014966,4.137164559405029,0.6871770135734415,3.577548771469606,5.117993812416755,0.691153161953081])",1.0
R210,new report economic growth brother speech establish course perhaps parent already according. work admit push might tend some. yeah instead mrs quickly imagine. experts discuss ongoing developments economic growth.,"(10000,[291,320,502,585,594,1259,1810,2923,3249,3391,3614,3652,3924,4506,4527,4687,5978,6505,7183,8714,9026,9034,9144,9462,9527,9751,9907,9932],[4.137164559405029,2.7826188965997183,4.607168188650764,0.6871770135734415,4.019381523748645,4.137164559405029,4.42484663185681,3.7316994512968646,3.4440173788450834,4.42484663185681,0.6832166123573445,3.914021008090819,4.42484663185681,0.691153161953081,4.137164559405029,0.691153161953081,4.270695952029551,0.6871770135734415,5.117993812416755,4.42484663185681,5.523458920524919,2.8844015909096608,5.380491152937407,0.691153161953081,4.137164559405029,4.270695952029551,5.117993812416755,4.42484663185681])",1.0
R156,new report policy inside foot. nice raise ability improve or. experts discuss ongoing developments policy.,"(10000,[585,2041,2408,3370,3527,3614,3681,4142,4506,4687,6505,6944,9066,9462,9718],[0.6871770135734415,4.270695952029551,4.270695952029551,4.019381523748645,4.270695952029551,0.6832166123573445,4.019381523748645,2.6902455764687034,0.691153161953081,0.691153161953081,0.6871770135734415,2.849310271098391,4.607168188650764,0.691153161953081,5.117993812416755])",1.0
R192,new report climate change happy expect animal high mrs peace. debate three another state staff. experts discuss ongoing developments climate change.,"(10000,[387,585,821,1808,2059,2116,3614,3691,4506,4687,4944,5347,5925,6505,7360,8166,8276,9073,9462,9751],[2.5530444549552183,0.6871770135734415,5.698620542196782,3.914021008090819,2.60568818844064,4.830311739964974,0.6832166123573445,3.8187108282864943,0.691153161953081,0.691153161953081,5.523458920524919,4.019381523748645,4.137164559405029,0.6871770135734415,4.42484663185681,4.270695952029551,4.137164559405029,5.523458920524919,0.691153161953081,4.270695952029551])",1.0
F102,government cover-up confirmed sources water sure describe democratic someone professor total cell. nation debate analysis sea hold item. teach always hear building whatever. — shocking claims government cover-up surface internet.,"(10000,[503,1296,1553,1821,2259,2389,2543,2589,3671,4014,4842,4988,5606,5850,5852,6279,7085,7281,7299,7936,8276,8338,8522,8549,9011,9023,9617,9813],[0.691153161953081,4.019381523748645,5.523458920524919,4.019381523748645,5.501740396570277,4.270695952029551,3.914021008090819,4.137164559405029,4.607168188650764,4.270695952029551,3.914021008090819,0.6792718340663283,4.137164559405029,0.691153161953081,3.8187108282864943,4.270695952029551,4.137164559405029,0.6714286566053024,5.523458920524919,0.691153161953081,4.137164559405029,0.691153161953081,4.607168188650764,5.117993812416755,4.019381523748645,0.691153161953081,4.137164559405029,5.995460552433328])",0.0
R237,new report election help stay say allow deal pm able. bag lay power almost maintain though. experts discuss ongoing developments election.,"(10000,[132,415,433,585,1433,3056,3556,3614,4475,4506,4687,4835,5247,5862,6505,7026,8566,8730,9012,9347,9462],[2.6330871626287546,4.270695952029551,4.270695952029551,0.6871770135734415,4.42484663185681,3.914021008090819,2.7826188965997183,0.6832166123573445,4.019381523748645,0.691153161953081,0.691153161953081,4.019381523748645,4.137164559405029,4.019381523748645,0.6871770135734415,4.830311739964974,4.270695952029551,5.117993812416755,5.523458920524919,4.137164559405029,0.691153161953081])",1.0
F015,immortal jellyfish confirmed sources really away stop big rock bad. fire power per avoid. month southern environment. — shocking claims immortal jellyfish surface internet.,"(10000,[298,503,574,796,1175,2066,3048,3056,3737,3743,3935,4112,4988,5089,5191,5741,5850,7281,7936,8338,9023,9876],[4.137164559405029,0.691153161953081,3.6516567436233283,4.270695952029551,4.830311739964974,5.501740396570277,3.914021008090819,3.914021008090819,4.270695952029551,4.42484663185681,4.270695952029551,4.137164559405029,0.6792718340663283,4.42484663185681,4.270695952029551,4.270695952029551,0.691153161953081,0.6714286566053024,0.691153161953081,0.691153161953081,0.691153161953081,5.501740396570277])",0.0
F020,celebrity scandal confirmed sources imagine study person forget reason without head feeling. determine machine morning government moment reflect without. — shocking claims celebrity scandal surface internet.,"(10000,[503,1064,2259,2944,3160,3249,3401,3486,3804,4043,4224,4921,4988,5301,5321,5643,5850,7146,7281,7734,7936,8040,8338,9023],[0.691153161953081,3.7316994512968646,2.7508701982851385,4.270695952029551,4.137164559405029,3.4440173788450834,4.270695952029551,5.698620542196782,5.117993812416755,4.019381523748645,3.914021008090819,5.698620542196782,0.6792718340663283,4.019381523748645,4.019381523748645,5.523458920524919,0.691153161953081,3.8187108282864943,0.6714286566053024,4.270695952029551,0.691153161953081,4.019381523748645,0.691153161953081,0.691153161953081])",0.0
R083,new report election turn level hear land. provide game catch walk no. especially travel walk better court. experts discuss ongoing developments election.,"(10000,[132,481,585,1499,2470,2543,3556,3614,3886,4506,4687,4842,5946,6142,6505,7949,8173,8681,8975,9123,9462],[2.6330871626287546,5.523458920524919,0.6871770135734415,3.8187108282864943,5.117993812416755,3.914021008090819,2.7826188965997183,0.6832166123573445,3.8187108282864943,0.691153161953081,0.691153161953081,3.914021008090819,4.270695952029551,7.828042016181638,0.6871770135734415,4.830311739964974,3.383392757028649,4.019381523748645,4.270695952029551,5.117993812416755,0.691153161953081])",1.0
F035,hoax confirmed sources past either matter. point heart ability make understand. — shocking claims hoax surface internet.,"(10000,[503,3525,3681,4377,4416,4988,5850,7281,7936,7968,8338,8413,9023,9126,9275,9808],[0.691153161953081,5.117993812416755,4.019381523748645,5.21137637688128,4.270695952029551,0.6792718340663283,0.691153161953081,0.6714286566053024,0.691153161953081,4.830311739964974,0.691153161953081,4.019381523748645,0.691153161953081,4.137164559405029,4.270695952029551,3.914021008090819])",0.0
R082,new report budget report experience standard attention economic night behind adult. week show tough yard least send term. girl black decide matter low. experts discuss ongoing developments budget report.,"(10000,[424,585,1029,1634,1948,2402,2967,3144,3614,3635,4019,4346,4506,4687,4991,5122,5432,5447,5523,6505,6533,6869,7904,8293,8546,9144,9462],[4.019381523748645,0.6871770135734415,3.8187108282864943,4.270695952029551,4.607168188650764,4.019381523748645,4.270695952029551,4.270695952029551,0.6832166123573445,4.607168188650764,3.8187108282864943,3.914021008090819,0.691153161953081,0.691153161953081,5.158039882716958,4.270695952029551,2.7508701982851385,4.019381523748645,4.42484663185681,1.374354027146883,5.117993812416755,3.6516567436233283,5.523458920524919,3.914021008090819,5.117993812416755,2.6902455764687034,0.691153161953081])",1.0
F114,mind control confirmed sources system else bring country house. fish information hot state. spend contain animal energy economy phone make. four product hard friend. — shocking claims mind control surface internet.,"(10000,[217,353,447,503,1208,1243,1376,1626,3057,3184,3228,3756,3996,4988,5034,5125,5850,7281,7360,7493,7576,7870,7936,8190,8307,8338,8929,9023,9693],[3.5085558999826545,4.019381523748645,4.607168188650764,0.691153161953081,5.7688031818193215,4.607168188650764,4.137164559405029,4.42484663185681,5.117993812416755,5.698620542196782,5.523458920524919,4.42484663185681,4.42484663185681,0.6792718340663283,4.270695952029551,3.7316994512968646,0.691153161953081,0.6714286566053024,4.42484663185681,4.137164559405029,4.830311739964974,4.42484663185681,0.691153161953081,4.019381523748645,4.830311739964974,0.691153161953081,5.117993812416755,0.691153161953081,4.830311739964974])",0.0
F179,secret cure confirmed sources staff take camera. economy charge outside develop bar. mother nearly indicate free read. — shocking claims secret cure surface internet.,"(10000,[217,354,503,855,1073,1241,1811,2866,3192,3892,4988,5850,6224,6485,6747,6812,7281,7936,8338,8568,9023,9459],[3.5085558999826545,4.019381523748645,0.691153161953081,4.42484663185681,3.914021008090819,3.914021008090819,4.830311739964974,4.42484663185681,4.607168188650764,5.1060889099104365,0.6792718340663283,0.691153161953081,3.8187108282864943,4.019381523748645,5.1060889099104365,4.019381523748645,0.6714286566053024,0.691153161953081,0.691153161953081,4.42484663185681,0.691153161953081,5.117993812416755])",0.0
F026,celebrity scandal confirmed sources bed technology night condition event. condition everything everyone. — shocking claims celebrity scandal surface internet.,"(10000,[503,1020,3486,4921,4988,5279,5328,5563,5850,6869,7281,7936,8338,9023,9156,9497],[0.691153161953081,2.5530444549552183,5.698620542196782,5.698620542196782,0.6792718340663283,4.830311739964974,8.274329118810059,5.117993812416755,0.691153161953081,3.6516567436233283,0.6714286566053024,0.691153161953081,0.691153161953081,0.691153161953081,3.7316994512968646,3.8187108282864943])",0.0
R217,new report election center big reason. institution common perhaps yes peace collection service also. experts discuss ongoing developments election.,"(10000,[132,585,1259,1480,2252,3048,3243,3556,3614,4506,4687,5044,5375,6332,6505,6697,8121,8209,9462],[2.6330871626287546,0.6871770135734415,4.137164559405029,4.42484663185681,4.42484663185681,3.914021008090819,3.914021008090819,2.7826188965997183,0.6832166123573445,0.691153161953081,0.691153161953081,3.8187108282864943,5.523458920524919,4.270695952029551,0.6871770135734415,4.607168188650764,5.117993812416755,4.270695952029551,0.691153161953081])",1.0
F009,celebrity scandal confirmed sources often foot rise plan range do. century work growth discover. — shocking claims celebrity scandal surface internet.,"(10000,[7,165,320,503,1848,1862,3486,4816,4921,4988,5850,6123,7281,7841,7890,7936,8338,9023,9527],[4.270695952029551,4.830311739964974,2.7826188965997183,0.691153161953081,5.117993812416755,5.117993812416755,5.698620542196782,3.7316994512968646,5.698620542196782,0.6792718340663283,0.691153161953081,4.42484663185681,0.6714286566053024,4.137164559405029,4.607168188650764,0.691153161953081,0.691153161953081,0.691153161953081,4.137164559405029])",0.0
F240,aliens confirmed sources leg particular fire present military growth. together live mind need hand police who. — shocking claims aliens surface internet.,"(10000,[493,503,650,3184,3423,3876,4988,5191,5850,5877,6290,6537,7281,7936,8130,8312,8338,8984,9023,9034,9808],[4.42484663185681,0.691153161953081,5.917019126126766,2.849310271098391,4.42484663185681,3.6516567436233283,0.6792718340663283,4.270695952029551,0.691153161953081,4.270695952029551,4.42484663185681,4.270695952029551,0.6714286566053024,0.691153161953081,4.270695952029551,4.830311739964974,0.691153161953081,3.914021008090819,0.691153161953081,2.8844015909096608,3.914021008090819])",0.0
R216,new report research store career third purpose interesting news. worker process future administration daughter. experts discuss ongoing developments research.,"(10000,[585,1195,2676,3614,3634,4506,4687,4930,5185,6488,6505,6836,7066,7184,8040,8089,8771,9432,9462],[0.6871770135734415,3.914021008090819,4.019381523748645,0.6832166123573445,4.42484663185681,0.691153161953081,0.691153161953081,3.6516567436233283,4.270695952029551,3.8187108282864943,0.6871770135734415,5.117993812416755,2.920769235080536,4.607168188650764,4.019381523748645,4.270695952029551,4.830311739964974,2.849310271098391,0.691153161953081])",1.0
F129,flat earth confirmed sources price fish several three call remain pass. television break. shake organization writer deal program already hard. know travel thank compare. — shocking claims flat earth surface internet.,"(10000,[503,573,594,1364,1376,1433,1687,1738,2117,2180,2918,4570,4988,5146,5205,5850,5925,6906,7281,7779,7936,8171,8338,8681,8713,9023,9227,9640,9676],[0.691153161953081,4.42484663185681,4.019381523748645,4.270695952029551,4.137164559405029,4.42484663185681,4.270695952029551,4.607168188650764,5.117993812416755,3.914021008090819,6.0771045414738385,5.117993812416755,0.6792718340663283,4.270695952029551,3.914021008090819,0.691153161953081,4.137164559405029,4.42484663185681,0.6714286566053024,3.8187108282864943,0.691153161953081,4.270695952029551,0.691153161953081,4.019381523748645,5.117993812416755,0.691153161953081,4.137164559405029,5.523458920524919,6.0771045414738385])",0.0
R197,new report education ready miss pass despite staff say. adult present building star. experts discuss ongoing developments education.,"(10000,[72,585,1071,1301,3614,4506,4687,5047,5530,5739,5852,6097,6224,6505,6557,8130,8392,9462],[4.42484663185681,0.6871770135734415,4.137164559405029,4.607168188650764,0.6832166123573445,0.691153161953081,0.691153161953081,2.7200985396183848,2.4789364828014966,4.42484663185681,3.8187108282864943,5.117993812416755,3.8187108282864943,0.6871770135734415,3.914021008090819,4.270695952029551,4.607168188650764,0.691153161953081])",1.0
F142,government cover-up confirmed sources picture process wear late. behind customer provide serve tell especially defense. — shocking claims government cover-up surface internet.,"(10000,[176,503,1413,1725,1850,2259,2481,4346,4988,5850,5946,6151,6581,7281,7936,8040,8173,8338,9023,9813],[4.830311739964974,0.691153161953081,4.270695952029551,4.42484663185681,4.607168188650764,5.501740396570277,4.42484663185681,3.914021008090819,0.6792718340663283,0.691153161953081,4.270695952029551,4.830311739964974,4.137164559405029,0.6714286566053024,0.691153161953081,4.019381523748645,3.383392757028649,0.691153161953081,0.691153161953081,5.995460552433328])",0.0
R140,new report climate change method thing though shake. ask close ever attack. significant while. experts discuss ongoing developments climate change.,"(10000,[387,585,821,2059,3385,3497,3507,3614,3643,3857,4506,4687,5594,6015,6176,6505,8391,8552,9462],[2.5530444549552183,0.6871770135734415,5.698620542196782,2.60568818844064,4.137164559405029,4.019381523748645,4.137164559405029,0.6832166123573445,5.117993812416755,4.830311739964974,0.691153161953081,0.691153161953081,4.270695952029551,3.914021008090819,5.117993812416755,0.6871770135734415,4.42484663185681,4.270695952029551,0.691153161953081])",1.0
R165,new report budget report trouble couple factor. course state central population control boy. bank fill bag personal according. experts discuss ongoing developments budget report.,"(10000,[415,585,1208,1808,2909,3614,3652,4506,4687,4991,5416,5432,6505,7702,7939,8046,8928,8982,9258,9462,9727,9907],[4.270695952029551,0.6871770135734415,2.8844015909096608,3.914021008090819,4.42484663185681,0.6832166123573445,3.914021008090819,0.691153161953081,0.691153161953081,5.158039882716958,5.523458920524919,2.7508701982851385,1.374354027146883,3.7316994512968646,4.607168188650764,4.607168188650764,4.270695952029551,4.270695952029551,3.914021008090819,0.691153161953081,3.914021008090819,5.117993812416755])",1.0
R139,new report education lay garden player pass boy right. usually congress everyone clearly republican whatever town central. water raise yeah leader despite. drug arrive perform moment fight fill. experts discuss ongoing developments education.,"(10000,[157,453,585,1098,1526,2526,2589,2660,2990,3249,3401,3527,3614,4330,4475,4506,4616,4687,4715,5047,5530,5936,6271,6505,6604,7391,7695,7860,8238,8392,8728,8893,9462],[3.2721671219184243,4.270695952029551,0.6871770135734415,3.8187108282864943,4.019381523748645,4.270695952029551,4.137164559405029,4.830311739964974,4.137164559405029,3.4440173788450834,4.270695952029551,4.270695952029551,0.6832166123573445,4.830311739964974,4.019381523748645,0.691153161953081,4.270695952029551,0.691153161953081,4.137164559405029,2.7200985396183848,2.4789364828014966,4.137164559405029,3.914021008090819,0.6871770135734415,4.137164559405029,3.7316994512968646,3.577548771469606,2.920769235080536,4.270695952029551,4.607168188650764,3.383392757028649,4.019381523748645,0.691153161953081])",1.0
F232,hoax confirmed sources put win affect voice business. popular partner generation. — shocking claims hoax surface internet.,"(10000,[116,503,2398,3530,4377,4546,4695,4988,5850,6055,6148,7281,7936,8338,8871,9023],[3.914021008090819,0.691153161953081,4.137164559405029,4.019381523748645,5.21137637688128,5.117993812416755,4.830311739964974,0.6792718340663283,0.691153161953081,3.6516567436233283,3.7316994512968646,0.6714286566053024,0.691153161953081,0.691153161953081,3.914021008090819,0.691153161953081])",0.0
F108,celebrity scandal confirmed sources fill section house. approach improve mean score. tree poor fire total common. — shocking claims celebrity scandal surface internet.,"(10000,[503,909,2408,3095,3486,3744,3756,4921,4988,5191,5850,5871,6279,6968,7195,7281,7936,8103,8338,9023,9727],[0.691153161953081,4.270695952029551,4.270695952029551,4.607168188650764,5.698620542196782,5.117993812416755,4.42484663185681,5.698620542196782,0.6792718340663283,4.270695952029551,0.691153161953081,3.8187108282864943,4.270695952029551,3.6516567436233283,5.117993812416755,0.6714286566053024,0.691153161953081,5.117993812416755,0.691153161953081,0.691153161953081,3.914021008090819])",0.0
F167,celebrity scandal confirmed sources decide smile however writer among rise around. free issue various push husband including this. — shocking claims celebrity scandal surface internet.,"(10000,[503,911,1073,2713,3486,4816,4921,4963,4988,5850,5978,6257,6616,6647,6906,7208,7281,7334,7362,7936,8293,8338,9023],[0.691153161953081,4.019381523748645,3.914021008090819,4.830311739964974,5.698620542196782,3.7316994512968646,5.698620542196782,4.830311739964974,0.6792718340663283,0.691153161953081,4.270695952029551,5.117993812416755,4.607168188650764,3.8187108282864943,4.42484663185681,4.42484663185681,0.6714286566053024,4.019381523748645,4.137164559405029,0.691153161953081,3.914021008090819,0.691153161953081,0.691153161953081])",0.0
R242,new report research determine contain describe debate challenge tend. realize road meet cut even week. compare choice spend table teach. stage author road rock ago. experts discuss ongoing developments research.,"(10000,[30,353,574,585,1206,1582,2302,3614,3931,4506,4687,5459,5725,5797,5935,6053,6406,6505,7066,7085,7493,7734,7939,8276,9246,9350,9432,9462,9940],[4.270695952029551,4.019381523748645,3.6516567436233283,0.6871770135734415,4.607168188650764,4.830311739964974,4.830311739964974,0.6832166123573445,3.8187108282864943,0.691153161953081,0.691153161953081,5.117993812416755,7.3033134872466565,5.117993812416755,3.6516567436233283,3.8187108282864943,4.019381523748645,0.6871770135734415,2.920769235080536,4.137164559405029,4.137164559405029,4.270695952029551,4.607168188650764,4.137164559405029,4.607168188650764,4.607168188650764,2.849310271098391,0.691153161953081,4.019381523748645])",1.0
F133,immortal jellyfish confirmed sources sea american north key keep industry. brother wait lead key. — shocking claims immortal jellyfish surface internet.,"(10000,[291,503,662,1778,2066,3131,4657,4988,5356,5477,5850,7281,7652,7936,8338,9023,9594,9617,9876],[4.137164559405029,0.691153161953081,5.523458920524919,3.914021008090819,5.501740396570277,4.830311739964974,4.607168188650764,0.6792718340663283,4.42484663185681,4.830311739964974,0.691153161953081,0.6714286566053024,3.914021008090819,0.691153161953081,0.691153161953081,0.691153161953081,4.607168188650764,4.137164559405029,5.501740396570277])",0.0
F025,flat earth confirmed sources deep congress owner indeed together pattern gas. role box officer deal evening nearly. — shocking claims flat earth surface internet.,"(10000,[503,617,696,1433,1762,2437,2918,3350,4934,4988,5286,5850,6053,7281,7922,7936,8312,8338,8728,9023,9544,9676],[0.691153161953081,4.42484663185681,4.270695952029551,4.42484663185681,4.137164559405029,4.607168188650764,6.0771045414738385,4.019381523748645,4.42484663185681,0.6792718340663283,3.914021008090819,0.691153161953081,3.8187108282864943,0.6714286566053024,4.607168188650764,0.691153161953081,4.830311739964974,0.691153161953081,3.383392757028649,0.691153161953081,4.830311739964974,6.0771045414738385])",0.0
F093,immortal jellyfish confirmed sources everyone eat fear fall. special best bill option threat entire. laugh able include role center. — shocking claims immortal jellyfish surface internet.,"(10000,[503,656,763,1055,2066,2953,3350,3488,3496,4988,5850,6575,7098,7276,7281,7936,8070,8135,8338,8893,9023,9513,9613,9876],[0.691153161953081,4.830311739964974,3.7316994512968646,4.137164559405029,5.501740396570277,4.270695952029551,4.019381523748645,4.830311739964974,3.7316994512968646,0.6792718340663283,0.691153161953081,5.523458920524919,4.270695952029551,4.019381523748645,0.6714286566053024,0.691153161953081,4.270695952029551,4.270695952029551,0.691153161953081,4.019381523748645,0.691153161953081,3.577548771469606,4.019381523748645,5.501740396570277])",0.0
F236,government cover-up confirmed sources expert yet believe develop. easy rate open state relate. natural degree pressure knowledge image democratic every response. — shocking claims government cover-up surface internet.,"(10000,[253,503,533,760,914,1808,1868,2259,4037,4988,5063,5303,5606,5661,5783,5850,7281,7848,7864,7936,8338,9023,9681,9813,9943],[3.8187108282864943,0.691153161953081,4.607168188650764,4.137164559405029,4.019381523748645,3.914021008090819,5.117993812416755,5.501740396570277,4.019381523748645,1.3585436681326566,5.523458920524919,4.270695952029551,4.137164559405029,4.830311739964974,4.270695952029551,0.691153161953081,0.6714286566053024,5.523458920524919,4.42484663185681,0.691153161953081,0.691153161953081,0.691153161953081,4.270695952029551,5.995460552433328,4.019381523748645])",0.0
F069,flat earth confirmed sources read design six relate thank happen statement live. hope heavy interview food white education fire. open design move military project type size. hospital believe site simple total fund. — shocking claims flat earth surface internet.,"(10000,[503,533,988,1687,2230,2913,2918,2929,3526,3922,4704,4930,4988,5401,5530,5783,5843,5850,5854,5877,5891,6000,6035,6279,6282,6532,6623,7281,7650,7936,8338,8653,8949,9023,9676,9817],[0.691153161953081,4.607168188650764,5.117993812416755,4.270695952029551,3.914021008090819,3.577548771469606,6.0771045414738385,4.830311739964974,3.8187108282864943,8.84969326371362,4.270695952029551,3.6516567436233283,0.6792718340663283,4.607168188650764,2.4789364828014966,4.270695952029551,4.270695952029551,0.691153161953081,4.830311739964974,4.270695952029551,4.830311739964974,3.914021008090819,3.5085558999826545,4.270695952029551,4.42484663185681,5.117993812416755,5.117993812416755,0.6714286566053024,4.607168188650764,0.691153161953081,0.691153161953081,4.830311739964974,3.5085558999826545,0.691153161953081,6.0771045414738385,3.7316994512968646])",0.0
F219,flat earth confirmed sources money today hard choice popular throw inside. next final owner lot. paper state sort look. — shocking claims flat earth surface internet.,"(10000,[503,1653,1808,2918,4988,5125,5465,5720,5850,6053,6103,6148,7281,7936,8273,8325,8338,8411,8544,8690,9023,9676,9806],[0.691153161953081,4.137164559405029,3.914021008090819,6.0771045414738385,0.6792718340663283,3.7316994512968646,4.42484663185681,4.830311739964974,0.691153161953081,7.637421656572989,3.914021008090819,3.7316994512968646,0.6714286566053024,0.691153161953081,4.607168188650764,4.607168188650764,0.691153161953081,3.577548771469606,5.523458920524919,4.830311739964974,0.691153161953081,6.0771045414738385,4.137164559405029])",0.0
R079,new report election charge kitchen marriage service thank. natural town name. realize hit full degree outside together. experts discuss ongoing developments election.,"(10000,[132,585,756,798,1582,2252,3225,3556,3614,4506,4687,4715,4988,6229,6505,6812,8252,8568,8897,8919,9462,9943],[2.6330871626287546,0.6871770135734415,4.607168188650764,5.117993812416755,4.830311739964974,4.42484663185681,5.523458920524919,2.7826188965997183,0.6832166123573445,0.691153161953081,0.691153161953081,4.137164559405029,0.6792718340663283,4.270695952029551,0.6871770135734415,4.019381523748645,4.42484663185681,4.42484663185681,4.270695952029551,5.117993812416755,0.691153161953081,4.019381523748645])",1.0
F042,hoax confirmed sources often home far begin. industry reflect stand onto. — shocking claims hoax surface internet.,"(10000,[7,503,3010,3365,4158,4377,4988,5321,5683,5850,6886,7274,7281,7936,8338,9023],[4.270695952029551,0.691153161953081,4.607168188650764,4.137164559405029,3.577548771469606,5.21137637688128,0.6792718340663283,4.019381523748645,5.117993812416755,0.691153161953081,4.607168188650764,5.523458920524919,0.6714286566053024,0.691153161953081,0.691153161953081,0.691153161953081])",0.0
R154,new report budget report either focus. foot professional already analysis. experts discuss ongoing developments budget report.,"(10000,[585,594,2155,3614,4506,4687,4991,5432,6421,6505,7890,8016,9126,9462],[0.6871770135734415,4.019381523748645,4.019381523748645,0.6832166123573445,0.691153161953081,0.691153161953081,5.158039882716958,2.7508701982851385,5.117993812416755,1.374354027146883,4.607168188650764,5.117993812416755,4.137164559405029,0.691153161953081])",1.0
R089,new report public health western field mention value wind score. since second seven scene meeting. force current company former. experts discuss ongoing developments public health.,"(10000,[391,524,585,942,1770,2558,2907,3614,4506,4687,5844,6219,6287,6505,7032,7074,7195,7403,7850,8805,9189,9256,9401,9462],[3.7316994512968646,3.577548771469606,0.6871770135734415,5.117993812416755,5.7688031818193215,4.137164559405029,4.830311739964974,0.6832166123573445,0.691153161953081,0.691153161953081,4.019381523748645,3.172083663361442,3.914021008090819,0.6871770135734415,5.117993812416755,3.6516567436233283,5.117993812416755,4.019381523748645,4.137164559405029,3.0385522707369192,3.914021008090819,4.42484663185681,5.117993812416755,0.691153161953081])",1.0
R038,new report public health lay artist information film likely. brother best reality matter raise account. student increase least speak. experts discuss ongoing developments public health.,"(10000,[291,585,680,763,1634,1770,2402,3527,3536,3614,4475,4506,4687,5003,5750,6219,6505,7963,8113,8190,8805,8931,9211,9462],[4.137164559405029,0.6871770135734415,4.270695952029551,3.7316994512968646,4.270695952029551,5.7688031818193215,4.019381523748645,4.270695952029551,4.42484663185681,0.6832166123573445,4.019381523748645,0.691153161953081,0.691153161953081,3.914021008090819,5.523458920524919,3.172083663361442,0.6871770135734415,3.7316994512968646,5.523458920524919,4.019381523748645,3.0385522707369192,3.8187108282864943,4.830311739964974,0.691153161953081])",1.0
R053,new report economic growth truth piece right week. best tonight unit voice nation. effect program religious charge. experts discuss ongoing developments economic growth.,"(10000,[320,573,585,763,1790,2069,2302,3133,3389,3530,3614,4293,4506,4687,4722,6324,6335,6505,7725,9034,9144,9462],[2.7826188965997183,4.42484663185681,0.6871770135734415,3.7316994512968646,4.270695952029551,4.830311739964974,4.830311739964974,4.137164559405029,4.830311739964974,4.019381523748645,0.6832166123573445,4.270695952029551,0.691153161953081,0.691153161953081,5.523458920524919,3.8187108282864943,3.914021008090819,0.6871770135734415,5.117993812416755,2.8844015909096608,5.380491152937407,0.691153161953081])",1.0
F201,hoax confirmed sources reach game almost network. father ask natural myself. — shocking claims hoax surface internet.,"(10000,[503,1800,2895,3507,4377,4988,5850,7281,7515,7936,8338,8386,8566,8975,9023],[0.691153161953081,4.270695952029551,5.117993812416755,4.137164559405029,5.21137637688128,1.3585436681326566,0.691153161953081,0.6714286566053024,5.117993812416755,0.691153161953081,0.691153161953081,4.270695952029551,4.270695952029551,4.270695952029551,0.691153161953081])",0.0
F013,secret cure confirmed sources push risk item bed hit. wife campaign reach. — shocking claims secret cure surface internet.,"(10000,[503,885,1916,3021,3892,4988,5850,5978,6675,6747,7281,7936,8338,8794,9023,9472,9497],[0.691153161953081,4.830311739964974,4.42484663185681,4.42484663185681,5.1060889099104365,0.6792718340663283,0.691153161953081,4.270695952029551,4.270695952029551,5.1060889099104365,0.6714286566053024,0.691153161953081,0.691153161953081,5.523458920524919,0.691153161953081,5.117993812416755,3.8187108282864943])",0.0
R023,new report policy green rule stay special statement increase later. unit shoulder put investment generation certainly thus red. stop summer rule heavy ready turn sure. experts discuss ongoing developments policy.,"(10000,[343,433,551,585,673,796,1055,1173,1562,3059,3614,3886,4142,4506,4687,5684,6335,6505,6557,6756,6944,6963,7963,8871,8949,9462,9481,9817,9948],[9.660623479929948,4.270695952029551,4.42484663185681,0.6871770135734415,4.270695952029551,4.270695952029551,4.137164559405029,5.523458920524919,4.830311739964974,4.137164559405029,0.6832166123573445,3.8187108282864943,2.6902455764687034,0.691153161953081,0.691153161953081,4.607168188650764,3.914021008090819,0.6871770135734415,3.914021008090819,3.914021008090819,2.849310271098391,4.270695952029551,3.7316994512968646,3.914021008090819,3.5085558999826545,0.691153161953081,4.137164559405029,3.7316994512968646,5.523458920524919])",1.0
R068,new report technology breakthrough bring use different. world hope finish fact. experts discuss ongoing developments technology breakthrough.,"(10000,[585,1020,2227,3057,3409,3481,3614,4506,4687,5133,6000,6505,6578,9192,9360,9462],[0.6871770135734415,5.1060889099104365,2.7200985396183848,5.117993812416755,5.117993812416755,2.7200985396183848,0.6832166123573445,0.691153161953081,0.691153161953081,4.270695952029551,3.914021008090819,0.6871770135734415,4.42484663185681,5.117993812416755,4.137164559405029,0.691153161953081])",1.0
F065,hoax confirmed sources serve probably others police. return office hope series three arrive. indeed rich environmental across grow. — shocking claims hoax surface internet.,"(10000,[503,635,1725,2297,4377,4391,4463,4934,4988,5842,5850,5925,6000,6027,6212,6940,7074,7281,7936,8094,8338,8344,9023],[0.691153161953081,4.019381523748645,4.42484663185681,4.270695952029551,5.21137637688128,4.830311739964974,4.270695952029551,4.42484663185681,0.6792718340663283,5.117993812416755,0.691153161953081,4.137164559405029,3.914021008090819,4.019381523748645,4.019381523748645,4.137164559405029,3.6516567436233283,0.6714286566053024,0.691153161953081,4.607168188650764,0.691153161953081,3.5085558999826545,0.691153161953081])",0.0
F239,celebrity scandal confirmed sources line really get road teacher. husband page. — shocking claims celebrity scandal surface internet.,"(10000,[503,1182,3486,3813,4112,4921,4988,5500,5725,5850,7208,7281,7936,8338,9023,9426],[0.691153161953081,4.270695952029551,5.698620542196782,5.117993812416755,4.137164559405029,5.698620542196782,0.6792718340663283,5.117993812416755,3.6516567436233283,0.691153161953081,4.42484663185681,0.6714286566053024,0.691153161953081,0.691153161953081,0.691153161953081,3.914021008090819])",0.0
F084,miracle drug confirmed sources material public road set board wear. — shocking claims miracle drug surface internet.,"(10000,[503,1256,1770,3231,3529,4988,5342,5725,5850,7281,7454,7860,7936,8338,9023],[0.691153161953081,6.251127295453098,2.8844015909096608,3.914021008090819,5.523458920524919,0.6792718340663283,4.270695952029551,3.6516567436233283,0.691153161953081,0.6714286566053024,4.42484663185681,5.841538470161072,0.691153161953081,0.691153161953081,0.691153161953081])",0.0
R120,new report election production dog recently budget never may. government feel somebody new. exactly yet task agent sign to. experts discuss ongoing developments election.,"(10000,[132,281,585,2034,2096,2259,3089,3115,3556,3614,4037,4506,4687,4991,5016,6280,6505,6572,6756,8353,8451,9413,9462,9564],[2.6330871626287546,4.607168188650764,0.6871770135734415,4.019381523748645,4.270695952029551,2.7508701982851385,4.137164559405029,4.270695952029551,2.7826188965997183,0.6832166123573445,4.019381523748645,0.691153161953081,0.691153161953081,2.579019941358479,4.607168188650764,4.607168188650764,0.6871770135734415,5.523458920524919,3.914021008090819,3.914021008090819,4.137164559405029,5.523458920524919,0.691153161953081,4.607168188650764])",1.0
F207,government cover-up confirmed sources ago pick performance skin appear. family drug method show different even. job forget wide onto. — shocking claims government cover-up surface internet.,"(10000,[503,557,1896,1952,2259,2836,4019,4988,5683,5833,5850,6015,6683,7146,7177,7281,7372,7860,7936,8297,8338,9023,9351,9813],[0.691153161953081,4.019381523748645,4.019381523748645,5.523458920524919,5.501740396570277,4.019381523748645,3.8187108282864943,0.6792718340663283,5.117993812416755,4.270695952029551,0.691153161953081,3.914021008090819,4.019381523748645,3.8187108282864943,4.607168188650764,0.6714286566053024,4.137164559405029,2.920769235080536,0.691153161953081,3.914021008090819,0.691153161953081,0.691153161953081,4.607168188650764,5.995460552433328])",0.0
R158,new report economic growth must hot lot resource eye save south. get interest wonder special everyone my. tonight meet she. experts discuss ongoing developments economic growth.,"(10000,[70,320,585,1023,1055,1341,1670,1733,3389,3614,4506,4520,4596,4640,4687,4723,4943,6505,8893,9034,9144,9426,9462,9693,9940],[4.137164559405029,2.7826188965997183,0.6871770135734415,4.607168188650764,4.137164559405029,3.8187108282864943,4.270695952029551,5.117993812416755,4.830311739964974,0.6832166123573445,0.691153161953081,4.270695952029551,5.523458920524919,4.607168188650764,0.691153161953081,5.117993812416755,4.019381523748645,0.6871770135734415,4.019381523748645,2.8844015909096608,5.380491152937407,3.914021008090819,0.691153161953081,4.830311739964974,4.019381523748645])",1.0
R097,new report technology breakthrough forget thousand almost skin physical perform. meeting visit office important. figure successful force morning shake maybe gas. though perhaps billion affect party. experts discuss ongoing developments technology breakthrough.,"(10000,[20,258,391,585,698,1020,1259,2180,2227,3065,3160,3385,3481,3614,4110,4201,4506,4687,4818,5659,5833,6055,6505,6798,7146,8344,8566,8649,9462,9513,9544],[3.914021008090819,4.607168188650764,3.7316994512968646,0.6871770135734415,3.914021008090819,5.1060889099104365,4.137164559405029,3.914021008090819,2.7200985396183848,5.117993812416755,4.137164559405029,4.137164559405029,2.7200985396183848,0.6832166123573445,4.137164559405029,5.523458920524919,0.691153161953081,0.691153161953081,4.270695952029551,4.42484663185681,4.270695952029551,3.6516567436233283,0.6871770135734415,4.270695952029551,3.8187108282864943,3.5085558999826545,4.270695952029551,4.42484663185681,0.691153161953081,3.577548771469606,4.830311739964974])",1.0
R092,new report technology breakthrough despite treat race major pretty sense despite. experts discuss ongoing developments technology breakthrough.,"(10000,[454,585,1020,1058,1301,2227,3481,3614,3919,4330,4506,4687,5447,6505,8750,9462],[3.3262343431887,0.6871770135734415,5.1060889099104365,4.137164559405029,4.607168188650764,2.7200985396183848,2.7200985396183848,0.6832166123573445,4.137164559405029,4.830311739964974,0.691153161953081,0.691153161953081,4.019381523748645,0.6871770135734415,4.607168188650764,0.691153161953081])",1.0
F172,hoax confirmed sources event morning pattern. major professional safe. participant worry well meet shoulder. eat woman right. — shocking claims hoax surface internet.,"(10000,[157,503,1058,2091,2155,2660,3160,3740,4377,4563,4988,5396,5850,7276,7281,7728,7936,8326,8338,8343,9023,9940],[3.2721671219184243,0.691153161953081,4.137164559405029,5.117993812416755,4.019381523748645,4.830311739964974,4.137164559405029,5.117993812416755,5.21137637688128,4.270695952029551,0.6792718340663283,4.270695952029551,0.691153161953081,4.019381523748645,0.6714286566053024,4.830311739964974,0.691153161953081,4.42484663185681,0.691153161953081,3.914021008090819,0.691153161953081,4.019381523748645])",0.0
R182,new report economic growth hear thus threat real difficult tv work. pm style area professor perform. mother another wide player clearly hard. police behind whatever however why. experts discuss ongoing developments economic growth.,"(10000,[320,354,360,585,911,1712,2117,2543,2836,3614,3876,4346,4506,4547,4687,4842,5649,5684,6505,6604,6740,7026,7695,8000,8070,8166,8238,9034,9144,9462,9513,9691],[2.7826188965997183,4.019381523748645,5.117993812416755,0.6871770135734415,4.019381523748645,4.607168188650764,5.117993812416755,3.914021008090819,4.019381523748645,0.6832166123573445,3.6516567436233283,3.914021008090819,0.691153161953081,4.137164559405029,0.691153161953081,3.914021008090819,4.42484663185681,4.607168188650764,0.6871770135734415,4.137164559405029,5.523458920524919,4.830311739964974,3.577548771469606,3.914021008090819,4.270695952029551,4.270695952029551,4.270695952029551,2.8844015909096608,5.380491152937407,0.691153161953081,3.577548771469606,4.270695952029551])",1.0
F014,secret cure confirmed sources candidate enough affect. usually hospital unit speech next. — shocking claims secret cure surface internet.,"(10000,[502,503,2990,3892,4358,4748,4930,4988,5692,5844,5850,6335,6747,7281,7936,8338,9023],[4.607168188650764,0.691153161953081,4.137164559405029,5.1060889099104365,4.137164559405029,3.8187108282864943,3.6516567436233283,0.6792718340663283,5.523458920524919,4.019381523748645,0.691153161953081,3.914021008090819,5.1060889099104365,0.6714286566053024,0.691153161953081,0.691153161953081,0.691153161953081])",0.0
R230,new report election involve remain heavy effort certainly. democrat international mr government visit. experts discuss ongoing developments election.,"(10000,[132,188,371,585,2259,2647,3556,3614,4506,4687,5205,5234,5726,6271,6505,7019,8949,9462],[2.6330871626287546,4.607168188650764,5.523458920524919,0.6871770135734415,2.7508701982851385,4.270695952029551,2.7826188965997183,0.6832166123573445,0.691153161953081,0.691153161953081,3.914021008090819,4.270695952029551,4.137164559405029,3.914021008090819,0.6871770135734415,5.117993812416755,3.5085558999826545,0.691153161953081])",1.0
F223,government cover-up confirmed sources yeah style customer. involve bed argue effect least structure part. — shocking claims government cover-up surface internet.,"(10000,[503,1634,2259,2996,3249,3730,4903,4988,5850,6271,6324,6714,7281,7936,8000,8338,9023,9497,9813],[0.691153161953081,4.270695952029551,5.501740396570277,4.137164559405029,3.4440173788450834,4.270695952029551,5.117993812416755,0.6792718340663283,0.691153161953081,3.914021008090819,3.8187108282864943,5.523458920524919,0.6714286566053024,0.691153161953081,3.914021008090819,0.691153161953081,0.691153161953081,3.8187108282864943,5.995460552433328])",0.0
R221,new report policy good story way window great. industry coach race quickly usually. experts discuss ongoing developments policy.,"(10000,[454,585,2403,3010,3391,3514,3614,4142,4506,4687,6168,6505,6591,6652,6855,6944,9391,9462],[3.3262343431887,0.6871770135734415,4.42484663185681,4.607168188650764,4.42484663185681,4.42484663185681,0.6832166123573445,2.6902455764687034,0.691153161953081,0.691153161953081,4.830311739964974,0.6871770135734415,5.117993812416755,4.830311739964974,4.270695952029551,2.849310271098391,4.42484663185681,0.691153161953081])",1.0
R173,new report climate change none production authority upon garden. new hold tax answer agree. admit woman game. experts discuss ongoing developments climate change.,"(10000,[387,585,821,1176,2059,2389,3614,3619,4506,4563,4687,5498,6505,6521,6587,6735,7432,8353,8714,9462,9831],[2.5530444549552183,1.374354027146883,5.698620542196782,4.607168188650764,2.60568818844064,4.270695952029551,0.6832166123573445,4.137164559405029,0.691153161953081,4.270695952029551,0.691153161953081,4.607168188650764,0.6871770135734415,5.117993812416755,4.019381523748645,4.137164559405029,5.117993812416755,3.914021008090819,4.42484663185681,0.691153161953081,4.830311739964974])",1.0
F249,immortal jellyfish confirmed sources option mr study whose work. — shocking claims immortal jellyfish surface internet.,"(10000,[360,503,2066,2647,4224,4988,5850,7281,7936,8338,9023,9539,9613,9876],[5.117993812416755,0.691153161953081,5.501740396570277,4.270695952029551,3.914021008090819,0.6792718340663283,0.691153161953081,0.6714286566053024,0.691153161953081,0.691153161953081,0.691153161953081,3.7316994512968646,4.019381523748645,5.501740396570277])",0.0
F112,government cover-up confirmed sources according quality voice. foreign establish information political. — shocking claims government cover-up surface internet.,"(10000,[217,503,2259,2603,2923,3506,4988,5850,6206,7281,7564,7936,8190,8338,9023,9813],[3.5085558999826545,0.691153161953081,5.501740396570277,5.117993812416755,3.7316994512968646,4.270695952029551,0.6792718340663283,0.691153161953081,3.8187108282864943,0.6714286566053024,4.42484663185681,0.691153161953081,4.019381523748645,0.691153161953081,0.691153161953081,5.995460552433328])",0.0
R058,new report budget report note work entire body while. meeting letter friend project attorney member. party though government american interesting. experts discuss ongoing developments budget report.,"(10000,[20,109,488,564,585,841,1379,2230,2259,2403,3385,3614,4506,4687,4853,4991,5432,6505,7652,8391,8824,9462,9527,9909],[3.914021008090819,5.117993812416755,4.42484663185681,4.42484663185681,0.6871770135734415,3.8187108282864943,4.607168188650764,3.914021008090819,2.7508701982851385,4.42484663185681,4.137164559405029,0.6832166123573445,0.691153161953081,0.691153161953081,4.830311739964974,5.158039882716958,2.7508701982851385,1.374354027146883,3.914021008090819,4.42484663185681,4.137164559405029,0.691153161953081,4.137164559405029,4.137164559405029])",1.0
R159,new report economic growth agreement parent less occur common certainly evidence parent. always meeting staff beyond public father. study hand wife decide knowledge move. experts discuss ongoing developments economic growth.,"(10000,[20,320,585,673,1195,1770,1921,2054,3021,3423,3614,4224,4506,4687,5760,6224,6332,6505,7864,7958,8293,8413,8900,9011,9034,9132,9144,9462,9932],[3.914021008090819,2.7826188965997183,0.6871770135734415,4.270695952029551,3.914021008090819,2.8844015909096608,4.830311739964974,3.8187108282864943,4.42484663185681,4.42484663185681,0.6832166123573445,3.914021008090819,0.691153161953081,0.691153161953081,5.117993812416755,3.8187108282864943,4.270695952029551,0.6871770135734415,4.42484663185681,5.117993812416755,3.914021008090819,4.019381523748645,4.019381523748645,4.019381523748645,2.8844015909096608,5.117993812416755,5.380491152937407,0.691153161953081,4.42484663185681])",1.0
R029,new report economic growth section physical idea series. choose help former. experts discuss ongoing developments economic growth.,"(10000,[320,585,3614,4506,4687,5958,6505,6968,8649,8667,9034,9144,9347,9401,9462,9706],[2.7826188965997183,0.6871770135734415,0.6832166123573445,0.691153161953081,0.691153161953081,4.270695952029551,0.6871770135734415,3.6516567436233283,4.42484663185681,5.523458920524919,2.8844015909096608,5.380491152937407,4.137164559405029,5.117993812416755,0.691153161953081,4.607168188650764])",1.0
R126,new report research newspaper keep response big pattern. event game fast pretty fire. experts discuss ongoing developments research.,"(10000,[585,2445,3048,3238,3614,3919,4506,4687,5854,6505,7066,7728,8326,8975,9263,9432,9462,9594],[0.6871770135734415,4.830311739964974,3.914021008090819,4.270695952029551,0.6832166123573445,4.137164559405029,0.691153161953081,0.691153161953081,4.830311739964974,0.6871770135734415,2.920769235080536,4.830311739964974,4.42484663185681,4.270695952029551,4.607168188650764,2.849310271098391,0.691153161953081,4.607168188650764])",1.0
R132,new report education unit suggest small. born indicate challenge drop become. development call church affect require. experts discuss ongoing developments education.,"(10000,[585,1273,2871,3445,3614,4506,4687,5047,5146,5530,5716,5935,6055,6335,6485,6505,7816,8577,9462,9545,9714],[0.6871770135734415,3.3262343431887,4.607168188650764,5.523458920524919,0.6832166123573445,0.691153161953081,0.691153161953081,2.7200985396183848,4.270695952029551,2.4789364828014966,5.117993812416755,3.6516567436233283,3.6516567436233283,3.914021008090819,4.019381523748645,0.6871770135734415,3.6516567436233283,4.607168188650764,0.691153161953081,4.830311739964974,5.117993812416755])",1.0
R025,new report election impact various summer something. education reveal kind pattern. suddenly character real wide clear. experts discuss ongoing developments election.,"(10000,[132,585,1401,1507,1972,2836,3556,3614,4240,4506,4687,4867,5530,6044,6505,6647,8326,8581,9462,9481,9691],[2.6330871626287546,0.6871770135734415,5.523458920524919,4.42484663185681,4.019381523748645,4.019381523748645,2.7826188965997183,0.6832166123573445,4.830311739964974,0.691153161953081,0.691153161953081,4.42484663185681,2.4789364828014966,4.607168188650764,0.6871770135734415,3.8187108282864943,4.42484663185681,4.42484663185681,0.691153161953081,4.137164559405029,4.270695952029551])",1.0
F214,secret cure confirmed sources last far former water change. management should. seem son wide cup great however beautiful song. — shocking claims secret cure surface internet.,"(10000,[209,320,503,750,911,1241,1273,2059,2588,2589,2836,3059,3892,3989,4158,4160,4988,5850,6747,6934,7281,7936,8338,9023],[4.42484663185681,2.7826188965997183,0.691153161953081,4.830311739964974,4.019381523748645,3.914021008090819,3.3262343431887,2.60568818844064,4.607168188650764,4.137164559405029,4.019381523748645,4.137164559405029,5.1060889099104365,3.914021008090819,3.577548771469606,4.137164559405029,0.6792718340663283,0.691153161953081,5.1060889099104365,5.117993812416755,0.6714286566053024,0.691153161953081,0.691153161953081,0.691153161953081])",0.0
R177,new report policy son minute care scientist stop democratic. weight reduce girl sit building big food. job fill sure director respond. five provide audience. experts discuss ongoing developments policy.,"(10000,[209,557,585,796,1029,1821,1853,3048,3177,3357,3614,3916,4085,4142,4214,4506,4687,5310,5852,5946,5974,6226,6505,6944,6946,8004,8159,9462,9727],[4.42484663185681,4.019381523748645,0.6871770135734415,4.270695952029551,3.8187108282864943,4.019381523748645,4.270695952029551,3.914021008090819,5.117993812416755,4.019381523748645,0.6832166123573445,4.830311739964974,4.830311739964974,2.6902455764687034,5.523458920524919,0.691153161953081,0.691153161953081,4.270695952029551,3.8187108282864943,4.270695952029551,3.5085558999826545,4.42484663185681,0.6871770135734415,2.849310271098391,4.270695952029551,3.577548771469606,3.914021008090819,0.691153161953081,3.914021008090819])",1.0
R196,new report budget report full story similar decade. computer last follow must step billion the. sign near like notice need. experts discuss ongoing developments budget report.,"(10000,[258,585,997,1023,1525,1558,2260,3330,3614,3989,4506,4687,4991,5432,5974,6505,6544,6756,6855,7046,8151,8897,9367,9462],[4.607168188650764,0.6871770135734415,5.117993812416755,4.607168188650764,3.383392757028649,4.42484663185681,4.607168188650764,4.270695952029551,0.6832166123573445,3.914021008090819,0.691153161953081,0.691153161953081,5.158039882716958,2.7508701982851385,3.5085558999826545,1.374354027146883,4.830311739964974,3.914021008090819,4.270695952029551,4.270695952029551,4.137164559405029,4.270695952029551,4.270695952029551,0.691153161953081])",1.0
R135,new report budget report need agreement woman bed teach. election peace congress answer ask see community. experts discuss ongoing developments budget report.,"(10000,[132,585,3507,3614,3619,4506,4563,4687,4959,4991,5354,5432,5459,6505,6537,6697,8413,8728,9462,9497],[2.6330871626287546,0.6871770135734415,4.137164559405029,0.6832166123573445,4.137164559405029,0.691153161953081,4.270695952029551,0.691153161953081,5.523458920524919,5.158039882716958,4.42484663185681,2.7508701982851385,5.117993812416755,1.374354027146883,4.270695952029551,4.607168188650764,4.019381523748645,3.383392757028649,0.691153161953081,3.8187108282864943])",1.0
F152,government cover-up confirmed sources behind building mother eye body brother. positive responsibility something color evening hard billion. movie sign particular win task. environmental health level culture medical office focus beyond. — shocking claims government cover-up surface internet.,"(10000,[1,142,354,503,629,841,1341,1439,1499,2259,2398,3502,3931,4346,4988,5098,5125,5286,5850,5852,6027,6756,7034,7281,7936,8268,8338,8344,8645,8805,8984,9023,9813,9826,9832],[4.019381523748645,4.42484663185681,4.019381523748645,0.691153161953081,5.117993812416755,3.8187108282864943,3.8187108282864943,4.137164559405029,3.8187108282864943,5.501740396570277,4.137164559405029,4.607168188650764,3.8187108282864943,3.914021008090819,0.6792718340663283,5.523458920524919,3.7316994512968646,3.914021008090819,0.691153161953081,3.8187108282864943,4.019381523748645,3.914021008090819,5.117993812416755,0.6714286566053024,0.691153161953081,4.019381523748645,0.691153161953081,3.5085558999826545,4.42484663185681,3.0385522707369192,3.914021008090819,0.691153161953081,5.995460552433328,4.270695952029551,4.42484663185681])",0.0
F180,secret cure confirmed sources current ok yes main serious economic stand. ready prevent far sell although five full. little imagine attack often food. — shocking claims secret cure surface internet.,"(10000,[7,503,1117,1590,1637,2645,3252,3892,4085,4158,4485,4988,5044,5301,5693,5850,5974,6090,6557,6747,7281,7779,7936,8338,8993,9023,9144,9189],[4.270695952029551,0.691153161953081,4.42484663185681,4.019381523748645,3.6516567436233283,3.8187108282864943,3.7316994512968646,5.1060889099104365,4.830311739964974,3.577548771469606,4.019381523748645,0.6792718340663283,3.8187108282864943,4.019381523748645,4.270695952029551,0.691153161953081,3.5085558999826545,5.523458920524919,3.914021008090819,5.1060889099104365,0.6714286566053024,3.8187108282864943,0.691153161953081,0.691153161953081,4.607168188650764,0.691153161953081,2.6902455764687034,3.914021008090819])",0.0
F003,secret cure confirmed sources office sure prevent shoulder. type citizen around certain culture something. rock place including. — shocking claims secret cure surface internet.,"(10000,[8,503,574,1821,3252,3526,3740,3892,4240,4988,5850,6197,6390,6747,7281,7936,8338,8344,8645,8888,9023,9288],[4.270695952029551,0.691153161953081,3.6516567436233283,4.019381523748645,3.7316994512968646,3.8187108282864943,5.117993812416755,5.1060889099104365,4.830311739964974,0.6792718340663283,0.691153161953081,4.270695952029551,4.42484663185681,5.1060889099104365,0.6714286566053024,0.691153161953081,0.691153161953081,3.5085558999826545,4.42484663185681,4.830311739964974,0.691153161953081,4.270695952029551])",0.0
F244,celebrity scandal confirmed sources draw national race hope painting week case want. change fish able will. forward quality federal local similar case police by. — shocking claims celebrity scandal surface internet.,"(10000,[228,387,454,503,633,1034,1376,1804,3486,3496,3506,3876,4921,4988,5122,5850,6000,6342,7046,7281,7910,7936,8167,8338,8411,8656,9023,9637],[4.830311739964974,2.5530444549552183,3.3262343431887,0.691153161953081,4.137164559405029,4.270695952029551,4.137164559405029,5.523458920524919,5.698620542196782,3.7316994512968646,4.270695952029551,3.6516567436233283,5.698620542196782,0.6792718340663283,4.270695952029551,0.691153161953081,3.914021008090819,8.541391904059102,4.270695952029551,0.6714286566053024,4.607168188650764,0.691153161953081,4.607168188650764,0.691153161953081,3.577548771469606,5.117993812416755,0.691153161953081,5.117993812416755])",0.0
F194,immortal jellyfish confirmed sources factor indeed and. anything opportunity benefit then. almost poor record money. — shocking claims immortal jellyfish surface internet.,"(10000,[25,503,2066,2086,2114,4347,4934,4988,5379,5653,5850,6976,7281,7936,8103,8338,8566,9023,9561,9876],[5.117993812416755,0.691153161953081,5.501740396570277,4.42484663185681,4.270695952029551,4.137164559405029,4.42484663185681,0.6792718340663283,5.117993812416755,4.019381523748645,0.691153161953081,4.137164559405029,0.6714286566053024,0.691153161953081,5.117993812416755,0.691153161953081,4.270695952029551,0.691153161953081,4.42484663185681,5.501740396570277])",0.0
R044,new report policy build share into. year learn board floor. experts discuss ongoing developments policy.,"(10000,[442,585,2920,3014,3614,3947,4142,4506,4687,5967,6505,6944,7454,8899,9462],[4.607168188650764,0.6871770135734415,5.117993812416755,4.607168188650764,0.6832166123573445,4.42484663185681,2.6902455764687034,0.691153161953081,0.691153161953081,4.42484663185681,0.6871770135734415,2.849310271098391,4.42484663185681,4.270695952029551,0.691153161953081])",1.0
R141,new report economic growth girl miss purpose truth. area entire. president name write. experts discuss ongoing developments economic growth.,"(10000,[15,320,585,656,1029,1071,1306,3614,4506,4687,5649,6373,6505,8089,9034,9144,9462,9593],[4.137164559405029,2.7826188965997183,0.6871770135734415,4.830311739964974,3.8187108282864943,4.137164559405029,4.270695952029551,0.6832166123573445,0.691153161953081,0.691153161953081,4.42484663185681,5.523458920524919,0.6871770135734415,4.270695952029551,2.8844015909096608,5.380491152937407,0.691153161953081,4.830311739964974])",1.0
R188,new report climate change hard ability establish it. recognize according senior remember mother. experts discuss ongoing developments climate change.,"(10000,[387,585,821,2059,2923,3614,3681,4144,4506,4687,5125,5685,6505,7177,7564,7805,8171,9462],[2.5530444549552183,0.6871770135734415,5.698620542196782,2.60568818844064,3.7316994512968646,0.6832166123573445,4.019381523748645,4.42484663185681,0.691153161953081,0.691153161953081,3.7316994512968646,4.270695952029551,0.6871770135734415,4.607168188650764,4.42484663185681,5.523458920524919,4.270695952029551,0.691153161953081])",1.0
F010,aliens confirmed sources argue case feel south candidate yet. check everything point federal process mind fast. power law prepare natural since fear. — shocking claims aliens surface internet.,"(10000,[503,633,650,2286,3056,3115,3184,3730,3882,3901,3979,4358,4416,4816,4831,4988,5850,6287,6342,7281,7615,7936,8040,8338,9023,9156],[0.691153161953081,4.137164559405029,5.917019126126766,4.607168188650764,3.914021008090819,4.270695952029551,2.849310271098391,4.270695952029551,4.42484663185681,5.117993812416755,4.830311739964974,4.137164559405029,4.270695952029551,3.7316994512968646,5.117993812416755,1.3585436681326566,0.691153161953081,3.914021008090819,4.270695952029551,0.6714286566053024,4.830311739964974,0.691153161953081,4.019381523748645,0.691153161953081,0.691153161953081,3.7316994512968646])",0.0
R106,new report economic growth change capital start area church force surface. maintain manage note author. experts discuss ongoing developments economic growth.,"(10000,[320,373,387,391,585,1273,2996,3614,4506,4687,5247,5417,5649,6505,6541,7883,9034,9144,9462,9909],[2.7826188965997183,4.42484663185681,2.5530444549552183,3.7316994512968646,0.6871770135734415,3.3262343431887,4.137164559405029,0.6832166123573445,0.691153161953081,0.691153161953081,4.137164559405029,5.117993812416755,4.42484663185681,0.6871770135734415,4.270695952029551,4.270695952029551,2.8844015909096608,5.380491152937407,0.691153161953081,4.137164559405029])",1.0
R049,new report research everything create clear house. instead exist accept. experts discuss ongoing developments research.,"(10000,[585,1352,1404,1611,3614,3756,4506,4527,4687,6505,6602,7066,9156,9432,9462],[0.6871770135734415,4.830311739964974,4.270695952029551,4.607168188650764,0.6832166123573445,4.42484663185681,0.691153161953081,4.137164559405029,0.691153161953081,0.6871770135734415,4.270695952029551,2.920769235080536,3.7316994512968646,2.849310271098391,0.691153161953081])",1.0
R144,new report budget report particular happy program still yet. experts discuss ongoing developments budget report.,"(10000,[573,585,3614,3712,3882,4506,4687,4991,5347,5432,6505,8984,9462],[4.42484663185681,0.6871770135734415,0.6832166123573445,4.270695952029551,4.42484663185681,0.691153161953081,0.691153161953081,5.158039882716958,4.019381523748645,2.7508701982851385,1.374354027146883,3.914021008090819,0.691153161953081])",1.0
F199,celebrity scandal confirmed sources person realize defense body. arrive force media particular military consumer. — shocking claims celebrity scandal surface internet.,"(10000,[391,503,1209,1582,3249,3486,3543,4921,4988,5094,5726,5850,5877,7281,7391,7936,8338,8984,9023],[3.7316994512968646,0.691153161953081,4.42484663185681,4.830311739964974,3.4440173788450834,5.698620542196782,4.607168188650764,5.698620542196782,0.6792718340663283,5.523458920524919,4.137164559405029,0.691153161953081,4.270695952029551,0.6714286566053024,3.7316994512968646,0.691153161953081,0.691153161953081,3.914021008090819,0.691153161953081])",0.0
F215,secret cure confirmed sources happen western one ten avoid green. choice area education base law ball. politics cut give side every couple table. page true security power character art concern. — shocking claims secret cure surface internet.,"(10000,[503,524,815,1206,1388,2634,2827,3056,3783,3892,3979,4704,4867,4988,5085,5530,5649,5850,5887,5947,6053,6404,6747,7016,7188,7281,7702,7854,7936,8173,8338,9023,9681,9719,9781],[0.691153161953081,3.577548771469606,4.42484663185681,4.607168188650764,4.42484663185681,4.137164559405029,4.607168188650764,3.914021008090819,4.607168188650764,5.1060889099104365,4.830311739964974,4.270695952029551,4.42484663185681,0.6792718340663283,3.6516567436233283,2.4789364828014966,4.42484663185681,0.691153161953081,4.137164559405029,5.117993812416755,3.8187108282864943,4.42484663185681,5.1060889099104365,5.117993812416755,5.117993812416755,0.6714286566053024,3.7316994512968646,4.137164559405029,0.691153161953081,3.383392757028649,0.691153161953081,0.691153161953081,4.270695952029551,4.830311739964974,4.270695952029551])",0.0
R176,new report economic growth assume share similar everybody concern. space president wall respond boy result. oil subject institution series adult key. experts discuss ongoing developments economic growth.,"(10000,[72,157,320,585,1306,2500,2561,2664,3243,3614,3947,4463,4506,4657,4687,6035,6404,6505,7046,7670,8655,9034,9144,9188,9462,9719],[4.42484663185681,3.2721671219184243,2.7826188965997183,0.6871770135734415,4.270695952029551,4.830311739964974,4.270695952029551,4.42484663185681,3.914021008090819,0.6832166123573445,4.42484663185681,4.270695952029551,0.691153161953081,4.607168188650764,0.691153161953081,3.5085558999826545,4.42484663185681,0.6871770135734415,4.270695952029551,5.117993812416755,5.117993812416755,2.8844015909096608,5.380491152937407,4.830311739964974,0.691153161953081,4.830311739964974])",1.0
F105,hoax confirmed sources million success force important inside son home. state religious safe interview key. — shocking claims hoax surface internet.,"(10000,[209,391,503,1808,1967,4293,4377,4657,4988,5850,5861,6035,7281,7642,7936,8338,8651,9023,9066,9828],[4.42484663185681,3.7316994512968646,0.691153161953081,3.914021008090819,4.42484663185681,4.270695952029551,5.21137637688128,4.607168188650764,0.6792718340663283,0.691153161953081,5.117993812416755,3.5085558999826545,0.6714286566053024,4.830311739964974,0.691153161953081,0.691153161953081,4.42484663185681,0.691153161953081,4.607168188650764,4.270695952029551])",0.0
F031,miracle drug confirmed sources firm base team different degree meet executive. house short bar north blue financial. authority let ground sound plant. — shocking claims miracle drug surface internet.,"(10000,[468,503,751,1109,1176,1256,1262,1778,4988,5768,5836,5850,6166,6487,6683,7178,7281,7332,7860,7936,8173,8267,8338,8894,9023,9940,9943],[4.137164559405029,0.691153161953081,5.117993812416755,5.117993812416755,4.607168188650764,6.251127295453098,4.42484663185681,3.914021008090819,0.6792718340663283,4.830311739964974,4.270695952029551,0.691153161953081,4.137164559405029,3.914021008090819,4.019381523748645,5.523458920524919,0.6714286566053024,5.523458920524919,5.841538470161072,0.691153161953081,3.383392757028649,4.270695952029551,0.691153161953081,4.137164559405029,0.691153161953081,4.019381523748645,4.019381523748645])",0.0
R206,new report research listen throw word add middle. tax trial per fight good. father section building sort. experts discuss ongoing developments research.,"(10000,[298,429,585,1800,2526,3079,3410,3519,3614,4506,4687,5852,6069,6505,6587,6968,7066,8325,9311,9432,9462,9887],[4.137164559405029,4.270695952029551,0.6871770135734415,4.270695952029551,4.270695952029551,3.8187108282864943,4.607168188650764,4.830311739964974,0.6832166123573445,0.691153161953081,0.691153161953081,3.8187108282864943,4.830311739964974,0.6871770135734415,4.019381523748645,3.6516567436233283,2.920769235080536,4.607168188650764,5.117993812416755,2.849310271098391,0.691153161953081,4.270695952029551])",1.0
F238,secret cure confirmed sources likely bank natural perform director coach. medical plant trip man. — shocking claims secret cure surface internet.,"(10000,[309,503,1098,1479,1853,3892,4046,4988,5782,5850,6747,7244,7281,7936,8268,8338,8982,9023],[3.914021008090819,0.691153161953081,3.8187108282864943,5.523458920524919,4.270695952029551,5.1060889099104365,4.830311739964974,1.3585436681326566,4.42484663185681,0.691153161953081,5.1060889099104365,3.6516567436233283,0.6714286566053024,0.691153161953081,4.019381523748645,0.691153161953081,4.270695952029551,0.691153161953081])",0.0
R027,new report climate change play medical. newspaper spend establish watch edge get. whose town push. experts discuss ongoing developments climate change.,"(10000,[353,387,585,821,2059,2147,2173,2708,2923,3238,3614,3921,4506,4687,4715,6505,7074,9210,9462,9539],[4.019381523748645,2.5530444549552183,0.6871770135734415,5.698620542196782,2.60568818844064,5.523458920524919,4.42484663185681,4.42484663185681,3.7316994512968646,4.270695952029551,0.6832166123573445,4.42484663185681,0.691153161953081,0.691153161953081,4.137164559405029,0.6871770135734415,3.6516567436233283,5.523458920524919,0.691153161953081,3.7316994512968646])",1.0
F169,government cover-up confirmed sources floor head push. job charge garden far should. — shocking claims government cover-up surface internet.,"(10000,[320,503,557,1064,2259,4158,4319,4988,5850,5936,6812,7074,7281,7936,8338,9023,9813],[2.7826188965997183,0.691153161953081,4.019381523748645,3.7316994512968646,5.501740396570277,3.577548771469606,3.7316994512968646,0.6792718340663283,0.691153161953081,4.137164559405029,4.019381523748645,3.6516567436233283,0.6714286566053024,0.691153161953081,0.691153161953081,0.691153161953081,5.995460552433328])",0.0
F208,aliens confirmed sources green central east cultural. kind simply eye pm. — shocking claims aliens surface internet.,"(10000,[503,551,650,1341,1642,4988,5850,6044,6486,6576,7281,7936,8338,8471,8928,9023],[0.691153161953081,4.42484663185681,5.917019126126766,3.8187108282864943,4.270695952029551,0.6792718340663283,0.691153161953081,4.607168188650764,5.117993812416755,4.830311739964974,0.6714286566053024,0.691153161953081,0.691153161953081,5.523458920524919,4.270695952029551,0.691153161953081])",0.0
F212,miracle drug confirmed sources tree per second although mission experience in. brother everyone relationship group. — shocking claims miracle drug surface internet.,"(10000,[291,298,503,1256,1936,3635,4260,4988,5850,5871,6069,7268,7281,7779,7860,7936,8338,8893,9023,9256],[4.137164559405029,4.137164559405029,0.691153161953081,6.251127295453098,5.523458920524919,4.607168188650764,3.7316994512968646,0.6792718340663283,0.691153161953081,3.8187108282864943,4.830311739964974,5.523458920524919,0.6714286566053024,3.8187108282864943,5.841538470161072,0.691153161953081,0.691153161953081,4.019381523748645,0.691153161953081,4.42484663185681])",0.0
F032,hoax confirmed sources may summer tax. impact question ever nice sound have. — shocking claims hoax surface internet.,"(10000,[503,1972,2947,3370,4377,4529,4882,4988,5594,5850,6166,7281,7936,8338,9023,9160,9481],[0.691153161953081,4.019381523748645,4.137164559405029,4.019381523748645,5.21137637688128,4.830311739964974,4.830311739964974,0.6792718340663283,4.270695952029551,0.691153161953081,4.137164559405029,0.6714286566053024,0.691153161953081,0.691153161953081,0.691153161953081,4.270695952029551,4.137164559405029])",0.0
F109,hoax confirmed sources develop hospital leader wife suggest truth whether. money raise popular read. — shocking claims hoax surface internet.,"(10000,[503,1241,1526,2069,3021,3527,4377,4930,4988,5850,6103,6148,6547,7281,7816,7936,8338,9023,9459],[0.691153161953081,3.914021008090819,4.019381523748645,4.830311739964974,4.42484663185681,4.270695952029551,5.21137637688128,3.6516567436233283,0.6792718340663283,0.691153161953081,3.914021008090819,3.7316994512968646,5.117993812416755,0.6714286566053024,3.6516567436233283,0.691153161953081,0.691153161953081,0.691153161953081,5.117993812416755])",0.0
R111,new report policy firm team continue. positive tend challenge. specific book us member today member see. experts discuss ongoing developments policy.,"(10000,[1,393,468,585,1810,2059,3614,4142,4506,4687,6221,6505,6660,6790,6944,6975,8172,8894,9462,9806],[4.019381523748645,3.914021008090819,4.137164559405029,0.6871770135734415,4.42484663185681,2.60568818844064,0.6832166123573445,2.6902455764687034,0.691153161953081,0.691153161953081,5.117993812416755,0.6871770135734415,4.42484663185681,11.046917841049838,2.849310271098391,4.830311739964974,5.523458920524919,4.137164559405029,0.691153161953081,4.137164559405029])",1.0
F078,aliens confirmed sources culture future move well return. imagine white happy. — shocking claims aliens surface internet.,"(10000,[157,503,650,2956,4988,5301,5843,5850,6282,6488,7281,7936,8338,8645,8684,9023],[3.2721671219184243,0.691153161953081,5.917019126126766,4.42484663185681,0.6792718340663283,4.019381523748645,4.270695952029551,0.691153161953081,4.42484663185681,3.8187108282864943,0.6714286566053024,0.691153161953081,0.691153161953081,4.42484663185681,4.830311739964974,0.691153161953081])",0.0
R105,new report budget report artist manage year partner. position natural arm. baby modern phone technology go movement. experts discuss ongoing developments budget report.,"(10000,[585,1020,1339,1348,1626,2336,3614,4395,4506,4590,4687,4988,4991,5432,6451,6505,7883,8497,8899,8931,9462],[0.6871770135734415,2.5530444549552183,3.914021008090819,4.137164559405029,4.42484663185681,4.270695952029551,0.6832166123573445,5.117993812416755,0.691153161953081,4.607168188650764,0.691153161953081,0.6792718340663283,5.158039882716958,2.7508701982851385,3.4440173788450834,1.374354027146883,4.270695952029551,5.523458920524919,4.270695952029551,3.8187108282864943,0.691153161953081])",1.0
F196,government cover-up confirmed sources particular high indeed. western american we. strategy career painting none message. — shocking claims government cover-up surface internet.,"(10000,[503,524,1034,1996,2116,2259,2291,2412,4930,4988,5850,7055,7281,7652,7936,8338,8984,9023,9813,9831],[0.691153161953081,3.577548771469606,4.270695952029551,5.117993812416755,4.830311739964974,5.501740396570277,4.42484663185681,5.523458920524919,3.6516567436233283,0.6792718340663283,0.691153161953081,5.117993812416755,0.6714286566053024,3.914021008090819,0.691153161953081,0.691153161953081,3.914021008090819,0.691153161953081,5.995460552433328,4.830311739964974])",0.0
F118,immortal jellyfish confirmed sources wish mr whose oil threat yeah evening his. candidate later stock evidence. factor career often wrong seek friend step store. — shocking claims immortal jellyfish surface internet.,"(10000,[7,171,488,495,503,560,793,1558,2066,2647,3249,3754,4358,4930,4988,5286,5850,6035,6512,7281,7443,7936,8070,8338,9023,9539,9561,9588,9876],[4.270695952029551,4.830311739964974,4.42484663185681,5.117993812416755,0.691153161953081,4.607168188650764,4.270695952029551,4.42484663185681,5.501740396570277,4.270695952029551,3.4440173788450834,4.830311739964974,4.137164559405029,3.6516567436233283,0.6792718340663283,3.914021008090819,0.691153161953081,3.5085558999826545,4.270695952029551,0.6714286566053024,5.117993812416755,0.691153161953081,4.270695952029551,0.691153161953081,0.691153161953081,3.7316994512968646,4.42484663185681,4.830311739964974,5.501740396570277])",0.0
F077,secret cure confirmed sources manage expect benefit sport along month eight politics. heart always society assume difference include. — shocking claims secret cure surface internet.,"(10000,[211,327,503,2664,2840,3691,3892,4988,5653,5741,5850,6747,7281,7866,7883,7936,8278,8338,8403,8482,9011,9023,9808],[4.607168188650764,4.019381523748645,0.691153161953081,4.42484663185681,4.019381523748645,3.8187108282864943,5.1060889099104365,0.6792718340663283,4.019381523748645,4.270695952029551,0.691153161953081,5.1060889099104365,0.6714286566053024,4.270695952029551,4.270695952029551,0.691153161953081,4.019381523748645,0.691153161953081,5.117993812416755,4.019381523748645,4.019381523748645,0.691153161953081,3.914021008090819])",0.0
F070,government cover-up confirmed sources role ability tend hospital sport sport budget. book organization enjoy. vote live teacher education whose other. — shocking claims government cover-up surface internet.,"(10000,[393,493,503,1222,1364,1810,2259,3350,3681,4930,4988,5530,5850,6847,7281,7936,8278,8338,8708,9023,9214,9231,9539,9813],[3.914021008090819,4.42484663185681,0.691153161953081,5.523458920524919,4.270695952029551,4.42484663185681,5.501740396570277,4.019381523748645,4.019381523748645,3.6516567436233283,0.6792718340663283,2.4789364828014966,0.691153161953081,5.117993812416755,0.6714286566053024,0.691153161953081,8.03876304749729,0.691153161953081,4.42484663185681,0.691153161953081,4.607168188650764,5.117993812416755,3.7316994512968646,5.995460552433328])",0.0
F041,immortal jellyfish confirmed sources simple easy certainly this. federal thousand remember front thing. interesting face score add. — shocking claims immortal jellyfish surface internet.,"(10000,[503,504,633,673,760,1927,2066,2735,2913,3634,4034,4963,4988,5685,5850,6798,7281,7936,8338,8344,9023,9876],[0.691153161953081,4.42484663185681,4.137164559405029,4.270695952029551,4.137164559405029,4.019381523748645,5.501740396570277,5.523458920524919,3.577548771469606,4.42484663185681,4.607168188650764,4.830311739964974,0.6792718340663283,4.270695952029551,0.691153161953081,4.270695952029551,0.6714286566053024,0.691153161953081,0.691153161953081,3.5085558999826545,0.691153161953081,5.501740396570277])",0.0
R026,new report policy baby list career tax evidence democrat. stay rest ask eight material success. best point. experts discuss ongoing developments policy.,"(10000,[433,454,585,763,1348,2054,2708,3231,3507,3614,4142,4506,4687,4930,6505,6587,6944,8280,8482,8728,9462,9924],[4.270695952029551,3.3262343431887,0.6871770135734415,3.7316994512968646,4.137164559405029,3.8187108282864943,4.42484663185681,3.914021008090819,4.137164559405029,0.6832166123573445,2.6902455764687034,0.691153161953081,0.691153161953081,3.6516567436233283,0.6871770135734415,4.019381523748645,2.849310271098391,5.523458920524919,4.019381523748645,3.383392757028649,0.691153161953081,5.117993812416755])",1.0
R207,new report policy paper economy safe stage voice tough. side opportunity maintain require person side. congress democratic pretty respond. experts discuss ongoing developments policy.,"(10000,[30,217,585,3249,3530,3614,3916,3919,3924,4142,4506,4687,5247,5606,6505,6944,6976,7036,7642,8449,8690,8728,9462,9781],[4.270695952029551,3.5085558999826545,0.6871770135734415,3.4440173788450834,4.019381523748645,0.6832166123573445,4.830311739964974,4.137164559405029,4.42484663185681,2.6902455764687034,0.691153161953081,0.691153161953081,4.137164559405029,4.137164559405029,0.6871770135734415,2.849310271098391,4.137164559405029,5.117993812416755,4.830311739964974,4.270695952029551,4.830311739964974,3.383392757028649,0.691153161953081,4.270695952029551])",1.0
F163,secret cure confirmed sources officer entire lawyer identify month. listen hope data head defense. summer part travel. — shocking claims secret cure surface internet.,"(10000,[176,429,503,696,1064,1481,1695,2959,3892,3967,4988,5850,6000,6747,7281,7936,8338,8740,8824,9021,9023,9481],[4.830311739964974,4.270695952029551,0.691153161953081,4.270695952029551,3.7316994512968646,5.117993812416755,4.270695952029551,4.830311739964974,5.1060889099104365,4.270695952029551,0.6792718340663283,0.691153161953081,3.914021008090819,5.1060889099104365,0.6714286566053024,0.691153161953081,0.691153161953081,4.42484663185681,4.137164559405029,4.019381523748645,0.691153161953081,4.137164559405029])",0.0
F171,government cover-up confirmed sources air listen majority others generation forget not. staff year represent player. — shocking claims government cover-up surface internet.,"(10000,[88,429,503,2259,2263,4988,5850,6224,6940,6963,7146,7281,7936,8338,8717,8899,9023,9121,9244,9813],[4.270695952029551,4.270695952029551,0.691153161953081,5.501740396570277,5.117993812416755,0.6792718340663283,0.691153161953081,3.8187108282864943,4.137164559405029,4.270695952029551,3.8187108282864943,0.6714286566053024,0.691153161953081,0.691153161953081,4.270695952029551,4.270695952029551,0.691153161953081,5.117993812416755,4.607168188650764,5.995460552433328])",0.0
F139,immortal jellyfish confirmed sources short able today four factor also down. help discover. — shocking claims immortal jellyfish surface internet.,"(10000,[503,1243,1262,1848,2066,3496,3792,4988,5850,7281,7936,8338,9023,9025,9347,9561,9806,9876],[0.691153161953081,4.607168188650764,4.42484663185681,5.117993812416755,5.501740396570277,3.7316994512968646,4.830311739964974,0.6792718340663283,0.691153161953081,0.6714286566053024,0.691153161953081,0.691153161953081,0.691153161953081,5.117993812416755,4.137164559405029,4.42484663185681,4.137164559405029,5.501740396570277])",0.0
F120,miracle drug confirmed sources miss study red this. improve property executive look management unit. — shocking claims miracle drug surface internet.,"(10000,[52,503,1071,1241,1256,2408,2471,2733,4224,4963,4988,5850,7281,7860,7936,8338,9023,9939,9966],[4.42484663185681,0.691153161953081,4.137164559405029,3.914021008090819,6.251127295453098,4.270695952029551,5.523458920524919,4.019381523748645,3.914021008090819,4.830311739964974,0.6792718340663283,0.691153161953081,0.6714286566053024,5.841538470161072,0.691153161953081,0.691153161953081,0.691153161953081,4.42484663185681,4.830311739964974])",0.0
F146,mind control confirmed sources see hair arrive game foot course. democrat find financial around pattern range. foot direction necessary sit foreign apply reveal. — shocking claims mind control surface internet.,"(10000,[503,617,1208,1209,2006,3184,4499,4988,5234,5354,5850,6197,6206,6946,7281,7312,7391,7407,7510,7664,7890,7936,7979,8338,8554,8975,9023],[0.691153161953081,4.42484663185681,5.7688031818193215,4.42484663185681,4.42484663185681,5.698620542196782,4.830311739964974,0.6792718340663283,4.270695952029551,4.42484663185681,0.691153161953081,4.270695952029551,3.8187108282864943,4.270695952029551,0.6714286566053024,3.8187108282864943,3.7316994512968646,4.42484663185681,4.607168188650764,4.137164559405029,9.214336377301528,0.691153161953081,4.607168188650764,0.691153161953081,4.270695952029551,4.270695952029551,0.691153161953081])",0.0
R115,new report research far record image continue leg pick however. experts discuss ongoing developments research.,"(10000,[585,743,3614,4158,4347,4506,4687,5303,6290,6505,7066,7372,9261,9432,9462],[0.6871770135734415,4.270695952029551,0.6832166123573445,3.577548771469606,4.137164559405029,0.691153161953081,0.691153161953081,4.270695952029551,4.42484663185681,0.6871770135734415,2.920769235080536,4.137164559405029,5.523458920524919,2.849310271098391,0.691153161953081])",1.0
F039,aliens confirmed sources stop though system employee win affect establish. interesting modern exactly direction. say people office wear child. — shocking claims aliens surface internet.,"(10000,[503,650,796,1655,2096,2336,2398,3385,3634,3996,4263,4988,5739,5850,5862,6055,6548,6581,7281,7936,8338,8344,9023,9547],[0.691153161953081,5.917019126126766,4.270695952029551,5.117993812416755,4.270695952029551,4.270695952029551,4.137164559405029,4.137164559405029,4.42484663185681,4.42484663185681,4.270695952029551,0.6792718340663283,4.42484663185681,0.691153161953081,4.019381523748645,3.6516567436233283,4.137164559405029,4.137164559405029,0.6714286566053024,0.691153161953081,0.691153161953081,3.5085558999826545,0.691153161953081,4.830311739964974])",0.0
F225,hoax confirmed sources player claim network message network. protect walk fund exactly. — shocking claims hoax surface internet.,"(10000,[160,503,2715,4377,4638,4988,5850,6142,6604,7235,7281,7515,7936,8338,8937,9023,9152],[5.117993812416755,0.691153161953081,5.117993812416755,5.21137637688128,4.270695952029551,0.6792718340663283,0.691153161953081,3.914021008090819,4.137164559405029,4.42484663185681,0.6714286566053024,5.117993812416755,0.691153161953081,0.691153161953081,4.607168188650764,0.691153161953081,4.42484663185681])",0.0
F140,aliens confirmed sources ten decade material her. especially word eat everybody chair. strong actually miss various its. — shocking claims aliens surface internet.,"(10000,[503,650,1071,1584,2561,3231,3519,4988,5085,5850,6030,6355,6447,6647,7015,7276,7281,7748,7936,8173,8338,9023],[0.691153161953081,5.917019126126766,4.137164559405029,5.523458920524919,4.270695952029551,3.914021008090819,4.830311739964974,0.6792718340663283,3.6516567436233283,0.691153161953081,4.270695952029551,3.8187108282864943,4.137164559405029,3.8187108282864943,5.117993812416755,4.019381523748645,0.6714286566053024,5.117993812416755,0.691153161953081,3.383392757028649,0.691153161953081,0.691153161953081])",0.0
F122,mind control confirmed sources increase court including word. office far finally son design civil. — shocking claims mind control surface internet.,"(10000,[209,503,1208,1817,3184,3922,4158,4464,4568,4988,5006,5850,7281,7334,7936,7963,8338,8344,9023],[4.42484663185681,0.691153161953081,5.7688031818193215,4.019381523748645,5.698620542196782,4.42484663185681,3.577548771469606,5.523458920524919,4.019381523748645,0.6792718340663283,5.117993812416755,0.691153161953081,0.6714286566053024,4.019381523748645,0.691153161953081,3.7316994512968646,0.691153161953081,3.5085558999826545,0.691153161953081])",0.0
R070,new report budget report south prevent appear make traditional interview. grow visit onto ago past politics. experts discuss ongoing developments budget report.,"(10000,[211,585,698,1896,2404,3252,3525,3614,4319,4486,4506,4687,4816,4991,5138,5432,6505,8182,9275,9462],[4.607168188650764,0.6871770135734415,3.914021008090819,4.019381523748645,4.270695952029551,3.7316994512968646,5.117993812416755,0.6832166123573445,3.7316994512968646,4.607168188650764,0.691153161953081,0.691153161953081,3.7316994512968646,5.158039882716958,4.607168188650764,2.7508701982851385,1.374354027146883,4.607168188650764,4.270695952029551,0.691153161953081])",1.0
F248,celebrity scandal confirmed sources green weight part section. loss care address war strong manager type page. ok rich responsibility. — shocking claims celebrity scandal surface internet.,"(10000,[503,551,1133,1652,2523,2645,3486,3526,3813,4454,4921,4988,5310,5329,5850,6212,6355,7281,7936,8004,8338,8719,8740,9023],[0.691153161953081,4.42484663185681,5.523458920524919,4.019381523748645,5.523458920524919,3.8187108282864943,5.698620542196782,3.8187108282864943,5.117993812416755,4.607168188650764,5.698620542196782,0.6792718340663283,4.270695952029551,4.137164559405029,0.691153161953081,4.019381523748645,3.8187108282864943,0.6714286566053024,0.691153161953081,3.577548771469606,0.691153161953081,4.42484663185681,4.42484663185681,0.691153161953081])",0.0
R016,new report technology breakthrough network say soldier possible company. future sister do. like reduce successful force require will. century determine drive idea base organization. experts discuss ongoing developments technology breakthrough.,"(10000,[391,585,1020,1862,2227,3008,3330,3481,3521,3614,4141,4506,4687,5659,5862,5958,6100,6325,6488,6505,7734,7841,8159,8173,8270,8449,8656,9152,9462],[3.7316994512968646,0.6871770135734415,5.1060889099104365,5.117993812416755,2.7200985396183848,5.117993812416755,4.270695952029551,2.7200985396183848,4.42484663185681,0.6832166123573445,4.137164559405029,0.691153161953081,0.691153161953081,4.42484663185681,4.019381523748645,4.270695952029551,4.137164559405029,4.019381523748645,3.8187108282864943,0.6871770135734415,4.270695952029551,4.137164559405029,3.914021008090819,3.383392757028649,5.117993812416755,4.270695952029551,5.117993812416755,4.42484663185681,0.691153161953081])",1.0
R148,new report technology breakthrough radio alone late. school early business democratic notice standard. experts discuss ongoing developments technology breakthrough.,"(10000,[585,1020,1112,1525,2227,2492,2679,3481,3614,4092,4506,4687,5374,5606,6151,6505,9086,9462],[0.6871770135734415,5.1060889099104365,5.523458920524919,3.383392757028649,2.7200985396183848,4.830311739964974,4.019381523748645,2.7200985396183848,0.6832166123573445,4.137164559405029,0.691153161953081,0.691153161953081,4.42484663185681,4.137164559405029,4.830311739964974,0.6871770135734415,4.137164559405029,0.691153161953081])",1.0
R142,new report budget report whatever eight environmental section with. fast necessary officer. try official live impact. treatment pretty range line total kitchen. experts discuss ongoing developments budget report.,"(10000,[165,493,585,1182,1951,3614,3919,4506,4687,4693,4991,5324,5432,6027,6279,6505,6511,6968,7640,7695,7979,8015,8482,8485,9263,9462],[4.830311739964974,4.42484663185681,0.6871770135734415,4.270695952029551,5.523458920524919,0.6832166123573445,4.137164559405029,0.691153161953081,0.691153161953081,4.42484663185681,5.158039882716958,5.117993812416755,2.7508701982851385,4.019381523748645,4.270695952029551,1.374354027146883,5.523458920524919,3.6516567436233283,4.830311739964974,3.577548771469606,4.607168188650764,3.8187108282864943,4.019381523748645,3.914021008090819,4.607168188650764,0.691153161953081])",1.0
F141,miracle drug confirmed sources probably either perform put actually. — shocking claims miracle drug surface internet.,"(10000,[503,1098,1256,2297,3888,4988,5850,7281,7860,7936,8338,8871,9023,9126],[0.691153161953081,3.8187108282864943,6.251127295453098,4.270695952029551,5.523458920524919,0.6792718340663283,0.691153161953081,0.6714286566053024,5.841538470161072,0.691153161953081,0.691153161953081,3.914021008090819,0.691153161953081,4.137164559405029])",0.0
R076,new report technology breakthrough maybe young policy nearly simply right hit. shake mind forward. fear avoid employee eye. experts discuss ongoing developments technology breakthrough.,"(10000,[585,885,1020,1388,1642,1790,1886,2180,2227,2600,2866,3184,3481,3614,4142,4506,4687,4818,6505,6548,7809,9462,9513],[0.6871770135734415,4.830311739964974,5.1060889099104365,4.42484663185681,4.270695952029551,4.270695952029551,4.830311739964974,3.914021008090819,2.7200985396183848,5.117993812416755,4.42484663185681,2.849310271098391,2.7200985396183848,0.6832166123573445,2.6902455764687034,0.691153161953081,0.691153161953081,4.270695952029551,0.6871770135734415,4.137164559405029,3.8187108282864943,0.691153161953081,3.577548771469606])",1.0
R180,new report budget report admit real spring activity leg. person chair capital dinner play. experts discuss ongoing developments budget report.,"(10000,[585,681,1238,1644,2240,3249,3614,4506,4517,4687,4991,5432,6505,6541,8110,8714,9462,9691],[0.6871770135734415,4.607168188650764,5.117993812416755,4.42484663185681,4.270695952029551,3.4440173788450834,0.6832166123573445,0.691153161953081,5.117993812416755,0.691153161953081,5.158039882716958,2.7508701982851385,1.374354027146883,4.270695952029551,4.607168188650764,4.42484663185681,0.691153161953081,4.270695952029551])",1.0
F126,aliens confirmed sources floor special throughout painting. task central. like use computer effect child player show. — shocking claims aliens surface internet.,"(10000,[503,650,1055,3205,3330,4319,4988,5133,5850,5948,6271,6324,6604,7138,7244,7281,7936,8151,8338,8451,9023],[0.691153161953081,5.917019126126766,4.137164559405029,5.523458920524919,4.270695952029551,3.7316994512968646,0.6792718340663283,4.270695952029551,0.691153161953081,4.607168188650764,3.914021008090819,3.8187108282864943,4.137164559405029,5.523458920524919,3.6516567436233283,0.6714286566053024,0.691153161953081,4.137164559405029,0.691153161953081,4.137164559405029,0.691153161953081])",0.0
R134,new report economic growth boy benefit whatever sport pressure market. recognize degree month right. experts discuss ongoing developments economic growth.,"(10000,[157,320,585,2660,3614,4506,4687,5653,5661,5741,6505,7695,8171,8278,8353,9034,9144,9462,9943],[3.2721671219184243,2.7826188965997183,0.6871770135734415,4.830311739964974,0.6832166123573445,0.691153161953081,0.691153161953081,4.019381523748645,4.830311739964974,4.270695952029551,0.6871770135734415,3.577548771469606,4.270695952029551,4.019381523748645,3.914021008090819,2.8844015909096608,5.380491152937407,0.691153161953081,4.019381523748645])",1.0
F132,mind control confirmed sources phone shoulder put although everything sister guess. whose single light money but. create although. — shocking claims mind control surface internet.,"(10000,[503,1208,1404,1626,1720,3184,3521,4988,5850,6103,6756,6852,7255,7281,7779,7889,7936,8338,8871,8927,9023,9156,9539],[0.691153161953081,5.7688031818193215,4.270695952029551,4.42484663185681,4.42484663185681,5.698620542196782,4.42484663185681,0.6792718340663283,0.691153161953081,3.914021008090819,3.914021008090819,5.523458920524919,5.117993812416755,0.6714286566053024,3.8187108282864943,4.607168188650764,0.691153161953081,0.691153161953081,3.914021008090819,4.830311739964974,0.691153161953081,3.7316994512968646,3.7316994512968646])",0.0
F230,immortal jellyfish confirmed sources foreign fine buy security wear free necessary. lay break want group crime. — shocking claims immortal jellyfish surface internet.,"(10000,[80,278,503,668,1073,1107,2066,2634,4475,4988,5850,6206,6431,6581,7281,7712,7766,7936,8338,9023,9876],[5.117993812416755,4.830311739964974,0.691153161953081,5.117993812416755,3.914021008090819,5.523458920524919,5.501740396570277,4.137164559405029,4.019381523748645,0.6792718340663283,0.691153161953081,3.8187108282864943,4.270695952029551,4.137164559405029,0.6714286566053024,4.137164559405029,4.270695952029551,0.691153161953081,0.691153161953081,0.691153161953081,5.501740396570277])",0.0
F243,aliens confirmed sources machine clear inside worker short. bed education professor culture less share. work music traditional politics house business build. — shocking claims aliens surface internet.,"(10000,[503,650,746,1195,1611,2543,2676,3032,4486,4988,5374,5530,5598,5836,5850,5887,6370,7281,7936,8040,8338,8645,9023,9066,9497,9527],[0.691153161953081,5.917019126126766,4.830311739964974,3.914021008090819,4.607168188650764,3.914021008090819,4.019381523748645,5.117993812416755,4.607168188650764,0.6792718340663283,4.42484663185681,2.4789364828014966,5.117993812416755,4.270695952029551,0.691153161953081,4.137164559405029,4.607168188650764,0.6714286566053024,0.691153161953081,4.019381523748645,0.691153161953081,4.42484663185681,0.691153161953081,4.607168188650764,3.8187108282864943,4.137164559405029])",0.0
R191,new report budget report item simply turn particularly parent foot. experts discuss ongoing developments budget report.,"(10000,[585,1642,1916,2041,3614,3886,4506,4687,4991,5432,6443,6505,9462,9932],[0.6871770135734415,4.270695952029551,4.42484663185681,4.270695952029551,0.6832166123573445,3.8187108282864943,0.691153161953081,0.691153161953081,5.158039882716958,2.7508701982851385,3.914021008090819,1.374354027146883,0.691153161953081,4.42484663185681])",1.0
R130,new report public health partner western reveal maintain the. blue office local close. experts discuss ongoing developments public health.,"(10000,[116,228,524,585,1507,1770,2260,3614,4506,4687,5247,5768,6219,6505,7937,8344,8805,9462],[3.914021008090819,4.830311739964974,3.577548771469606,0.6871770135734415,4.42484663185681,5.7688031818193215,4.607168188650764,0.6832166123573445,0.691153161953081,0.691153161953081,4.137164559405029,4.830311739964974,3.172083663361442,0.6871770135734415,5.523458920524919,3.5085558999826545,3.0385522707369192,0.691153161953081])",1.0
F081,mind control confirmed sources affect get wait various world happy. image sea room collection exactly. position much international economy. — shocking claims mind control surface internet.,"(10000,[160,188,494,503,524,1208,1339,2956,3184,4683,4988,5303,5477,5850,6055,6647,7281,7936,8209,8338,9023,9360,9426,9617],[5.117993812416755,4.607168188650764,5.117993812416755,0.691153161953081,3.577548771469606,5.7688031818193215,3.914021008090819,4.42484663185681,5.698620542196782,4.830311739964974,0.6792718340663283,4.270695952029551,4.830311739964974,0.691153161953081,3.6516567436233283,3.8187108282864943,0.6714286566053024,0.691153161953081,4.270695952029551,0.691153161953081,0.691153161953081,4.137164559405029,3.914021008090819,4.137164559405029])",0.0
R209,new report technology breakthrough score top fear rate draw measure. society wind audience yet west. language name speak rise without standard play. experts discuss ongoing developments technology breakthrough.,"(10000,[15,253,327,585,1020,1312,1716,1927,2227,2558,2967,3481,3614,4037,4043,4506,4517,4687,4732,4816,5328,5587,5987,6505,8167,9462,9513],[4.137164559405029,3.8187108282864943,4.019381523748645,0.6871770135734415,5.1060889099104365,4.607168188650764,4.270695952029551,4.019381523748645,2.7200985396183848,4.137164559405029,4.270695952029551,2.7200985396183848,0.6832166123573445,4.019381523748645,4.019381523748645,0.691153161953081,5.117993812416755,0.691153161953081,4.270695952029551,3.7316994512968646,4.137164559405029,5.523458920524919,5.117993812416755,0.6871770135734415,4.607168188650764,0.691153161953081,3.577548771469606])",1.0
F228,hoax confirmed sources meeting tree physical. security may establish. — shocking claims hoax surface internet.,"(10000,[20,503,1116,2634,4377,4988,5739,5850,5871,7281,7936,8338,9023,9160],[3.914021008090819,0.691153161953081,4.830311739964974,4.137164559405029,5.21137637688128,0.6792718340663283,4.42484663185681,0.691153161953081,3.8187108282864943,0.6714286566053024,0.691153161953081,0.691153161953081,0.691153161953081,4.270695952029551])",0.0
R030,new report budget report ok official budget republican. government attention detail couple positive set. forget relationship stock. experts discuss ongoing developments budget report.,"(10000,[1,585,1143,2259,2645,3144,3614,4260,4506,4644,4687,4991,5432,5767,5966,6505,7146,7702,8485,9462],[4.019381523748645,0.6871770135734415,4.42484663185681,2.7508701982851385,3.8187108282864943,4.270695952029551,0.6832166123573445,3.7316994512968646,0.691153161953081,5.523458920524919,0.691153161953081,7.737059824075437,2.7508701982851385,5.117993812416755,4.830311739964974,1.374354027146883,3.8187108282864943,3.7316994512968646,3.914021008090819,0.691153161953081])",1.0
R214,new report education speak head bag partner nice move successful. idea affect young nature form economy. rather six method group direction low live. experts discuss ongoing developments education.,"(10000,[116,415,585,1064,2837,2929,3370,3611,3614,3984,4506,4683,4687,4732,5047,5401,5530,5621,5958,6015,6055,6282,6505,7766,7809,8411,8554,9462],[3.914021008090819,4.270695952029551,0.6871770135734415,3.7316994512968646,4.137164559405029,4.830311739964974,4.019381523748645,4.42484663185681,0.6832166123573445,4.42484663185681,0.691153161953081,4.830311739964974,0.691153161953081,4.270695952029551,2.7200985396183848,4.607168188650764,2.4789364828014966,4.830311739964974,4.270695952029551,3.914021008090819,3.6516567436233283,4.42484663185681,0.6871770135734415,4.270695952029551,3.8187108282864943,3.577548771469606,4.270695952029551,0.691153161953081])",1.0
R175,new report economic growth imagine voice anything player. hand analysis impact actually training final him. experts discuss ongoing developments economic growth.,"(10000,[320,585,1296,1653,1972,2114,2263,3351,3423,3530,3614,4506,4687,5301,6447,6505,7538,9034,9144,9462],[2.7826188965997183,0.6871770135734415,4.019381523748645,4.137164559405029,4.019381523748645,4.270695952029551,5.117993812416755,4.830311739964974,4.42484663185681,4.019381523748645,0.6832166123573445,0.691153161953081,0.691153161953081,4.019381523748645,4.137164559405029,0.6871770135734415,4.42484663185681,2.8844015909096608,5.380491152937407,0.691153161953081])",1.0
